eng_dep_surp,zh_dep_surp,
3.3263972,6.4697857,3.1433885
4.849754,3.3076859,-1.5420681
4.2371154,1.658982,-2.5781334
5.7049494,1.2628695,-4.4420799
3.3210077,6.1155834,2.7945757
4.697758,6.4697857,1.7720277
4.1384425,6.029768,1.8913255
3.7149053,2.9495683,-0.765337
4.0025353,6.0025077,1.9999724
3.3263972,6.4697857,3.1433885
4.849754,3.3076859,-1.5420681
4.2371154,1.658982,-2.5781334
5.7049494,1.2628695,-4.4420799
3.3210077,6.1155834,2.7945757
4.697758,6.4697857,1.7720277
4.1384425,6.029768,1.8913255
3.7149053,2.9495683,-0.765337
4.0025353,6.0025077,1.9999724
6.19834,5.3734765,-0.8248635
5.528197,3.6412761,-1.8869209
3.2796116,6.147399,2.8677874
6.0040536,6.1578684,0.1538148
5.5177402,6.5526805,1.0349403
4.9894805,4.415631,-0.5738495
3.0263615,3.3842068,0.3578453
2.2005813,6.1578684,3.9572871
4.849754,3.3076859,-1.5420681
3.3375916,5.5654106,2.227819
2.500089,4.5168223,2.0167333
4.697758,6.1155834,1.4178254
2.804029,4.1920004,1.3879714
4.548056,6.1990705,1.6510145
3.3854651,6.1155834,2.7301183
4.346894,2.978974,-1.36792
4.5632257,5.6488976,1.0856719
2.3910885,5.6785083,3.2874198
6.253027,3.0084693,-3.2445577
2.6128054,4.5835314,1.970726
5.7049494,4.1920004,-1.512949
5.875236,5.4364395,-0.4387965
5.5177402,6.5526805,1.0349403
5.2235193,3.8678622,-1.3556571
3.6900704,5.6427546,1.9526842
2.9170341,6.1578684,3.2408343
3.8688197,3.3842068,-0.4846129
1.6181449,3.8537462,2.2356013
5.3558893,3.8370905,-1.5187988
6.633834,4.129241,-2.504593
3.6062796,3.3621848,-0.2440948
4.4884458,6.1155834,1.6271376
2.6128054,4.536529,1.9237236
3.6405764,5.5654106,1.9248342
4.702864,6.1990705,1.4962065
3.2323453,5.951422,2.7190767
2.8390574,2.9869597,0.1479023
2.7540672,3.8305502,1.076483
4.769674,6.1155834,1.3459094
7.0133834,4.3964195,-2.6169639
3.258985,4.76989,1.510905
3.9428484,3.0264444,-0.916404
4.4844923,5.5654106,1.0809183
3.9596064,5.3081903,1.3485839
5.165313,5.167922,0.002609
6.257533,3.5340314,-2.7235016
4.5326414,5.4948006,0.9621592
1.4023557,3.1103249,1.7079692
6.008259,5.1954193,-0.8128397
3.8849752,5.1646695,1.2796943
5.9345765,4.1235642,-1.8110123
4.2371154,1.658982,-2.5781334
2.5458462,5.803809,3.2579628
6.3969927,4.575701,-1.8212917
4.5859084,5.803809,1.2179006
6.142763,4.7921157,-1.3506473
2.8390574,2.9869597,0.1479023
3.4240394,5.4948006,2.0707612
3.7492769,5.446909,1.6976321
3.9212816,5.958043,2.0367614
4.702864,6.1155834,1.4127194
2.728017,1.658982,-1.069035
1.5488051,5.718334,4.1695289
3.775506,6.1155834,2.3400774
4.537881,1.4971118,-3.0407692
4.1345224,5.597377,1.4628546
2.3193672,6.1578684,3.8385012
4.5736713,6.1990705,1.6253992
5.500454,6.4697857,0.9693317
3.0957198,3.3496456,0.2539258
4.9495683,5.8235197,0.8739514
4.300277,6.1155834,1.8153064
4.702864,6.1155834,1.4127194
2.642039,6.1155834,3.4735444
3.430358,5.5932455,2.1628875
3.8198168,1.658982,-2.1608348
2.9170341,6.1155834,3.1985493
4.212656,5.955969,1.743313
5.16272,6.1578684,0.9951484
2.8960679,4.6307087,1.7346408
3.6732588,5.4256372,1.7523784
4.697758,5.7590528,1.0612948
3.0375364,3.071512,0.0339756
2.2404108,1.874078,-0.3663328
4.4526043,2.8042257,-1.6483786
1.4023557,3.1103249,1.7079692
4.4750533,5.777278,1.3022247
5.775784,3.8068547,-1.9689293
5.0336037,4.361018,-0.6725857
3.7478285,4.5462027,0.7983742
5.7049494,4.1920004,-1.512949
3.4158604,5.7178507,2.3019903
3.837476,4.9752655,1.1377895
6.3564982,5.9818206,-0.3746776
2.9930096,3.3842068,0.3911972
4.165907,3.7972617,-0.3686453
1.8841735,5.944071,4.0598975
3.3210077,5.369177,2.0481693
5.0878115,3.8214006,-1.2664109
4.3681817,4.9258785,0.5576968
5.913364,5.477618,-0.435746
2.9326909,3.8881364,0.9554455
2.9658184,5.4090266,2.4432082
5.2593937,4.5462027,-0.713191
5.64065,3.9746945,-1.6659555
4.5008907,6.1990705,1.6981798
2.6707957,4.6307087,1.959913
0.36410666,4.8493905,4.48528384
0.36410666,5.7886634,5.42455674
5.741343,2.4649832,-3.2763598
2.832657,3.677875,0.845218
5.732861,6.42544,0.692579
3.0267184,6.1578684,3.13115
4.6032186,4.5470214,-0.0561972
5.165313,3.498713,-1.6666
4.695097,3.470489,-1.224608
3.7202806,5.0794287,1.3591481
0.36410666,6.228681,5.86457434
6.310458,2.7602558,-3.5502022
3.753338,5.951422,2.198084
4.093249,5.9348183,1.8415693
3.9212816,5.958043,2.0367614
3.842272,5.507954,1.665682
5.0878115,1.8131679,-3.2746436
5.575343,2.567122,-3.008221
2.8277843,5.9348183,3.107034
3.42387,6.228681,2.804811
3.5350714,5.4345584,1.899487
3.2560484,5.388315,2.1322666
3.7591515,4.0208216,0.2616701
5.9345765,3.6871197,-2.2474568
5.7049494,1.658982,-4.0459674
3.2323453,5.981033,2.7486877
4.2371154,4.1920004,-0.045115
4.697758,6.1155834,1.4178254
6.3087564,3.401777,-2.9069794
2.729534,6.1155834,3.3860494
6.121278,6.1155834,-0.0056946
3.1923926,5.2029443,2.0105517
2.9658184,5.9348183,2.9689999
4.7895617,5.5654106,0.7758489
3.177309,5.223859,2.04655
3.4367576,6.177722,2.7409644
3.8211875,5.867935,2.0467475
5.9794664,1.4971118,-4.4823546
6.70369,3.775039,-2.928651
2.8090277,1.8367858,-0.9722419
4.4013457,6.228681,1.8273353
3.4158604,5.0220165,1.6061561
3.12051,5.4948006,2.3742906
5.732861,4.4445047,-1.2883563
5.7049494,1.658982,-4.0459674
6.253027,6.228681,-0.024346
2.969244,6.1155834,3.1463394
5.7049494,1.2628695,-4.4420799
0.36410666,6.5526805,6.18857384
2.090656,5.223859,3.133203
5.0878115,1.8131679,-3.2746436
3.5140586,4.599351,1.0852924
4.2371154,1.658982,-2.5781334
2.6137643,5.517721,2.9039567
4.1108103,4.8303914,0.7195811
4.697758,5.3285184,0.6307604
3.0027275,4.995695,1.9929675
0.36410666,3.4189012,3.05479454
4.702864,6.1155834,1.4127194
4.4884458,6.1155834,1.6271376
4.097963,6.7175035,2.6195405
6.352675,5.1383114,-1.2143636
4.022133,6.1578684,2.1357354
3.7085223,5.2813287,1.5728064
4.012207,5.1194572,1.1072502
5.7049494,4.5462027,-1.1587467
3.4251842,3.5340314,0.1088472
2.3193672,6.1578684,3.8385012
4.4298425,5.758826,1.3289835
3.5135195,6.0795383,2.5660188
4.3551774,6.42544,2.0702626
4.4526043,4.9258785,0.4732742
5.7049494,1.2628695,-4.4420799
6.633834,5.7083206,-0.9255134
4.4750533,5.777278,1.3022247
2.1936789,5.239043,3.0453641
3.8198168,1.658982,-2.1608348
2.8277843,3.5023882,0.6746039
4.769674,3.3649502,-1.4047238
2.538915,3.4632647,0.9243497
2.6128054,4.536529,1.9237236
4.735659,3.6788476,-1.0568114
3.60218,3.686731,0.084551
3.2323453,6.1578684,2.9255231
3.753338,5.9348183,2.1814803
4.511464,1.8131679,-2.6982961
5.3858457,5.6963525,0.3105068
5.4425297,5.5748878,0.1323581
5.8380547,2.8582244,-2.9798303
6.5621624,3.6259418,-2.9362206
4.702864,6.1155834,1.4127194
5.5497465,0.8532937,-4.6964528
4.702864,6.1155834,1.4127194
3.842728,5.446909,1.604181
4.3832345,3.934435,-0.4487995
3.577695,3.3089855,-0.2687095
4.362063,6.1155834,1.7535204
3.577695,3.3089855,-0.2687095
4.9861083,5.477618,0.4915097
5.3858457,5.4256372,0.0397915
4.0247817,5.958043,1.9332613
4.5050554,3.4189012,-1.0861542
5.195448,5.1194572,-0.0759908
6.3880234,5.404624,-0.9833994
4.9199343,4.8450255,-0.0749088
4.1318703,5.0582786,0.9264083
4.141815,3.0876331,-1.0541819
3.5468645,4.376959,0.8300945
3.837476,5.2029443,1.3654683
2.1936789,3.317915,1.1242361
6.364901,2.7414942,-3.6234068
3.0103362,2.8288326,-0.1815036
3.753338,3.3496456,-0.4036924
4.702864,6.228681,1.525817
4.2246547,6.146909,1.9222543
4.2579236,4.4710946,0.213171
3.8198168,1.2628695,-2.5569473
1.6429392,4.557679,2.9147398
5.0280943,4.2690663,-0.759028
4.510197,3.86996,-0.640237
5.0293174,5.3370275,0.3077101
3.753338,3.668542,-0.084796
4.702864,6.1155834,1.4127194
4.26109,4.745816,0.484726
4.115066,5.9348183,1.8197523
4.4594326,6.1990705,1.7396379
5.020308,4.1920004,-0.8283076
5.7049494,1.658982,-4.0459674
0.36410666,6.1990705,5.83496384
2.8277843,5.9818206,3.1540363
3.837476,4.5841694,0.7466934
6.722369,5.404624,-1.317745
4.2547255,6.1578684,1.9031429
4.1268287,1.2628695,-2.8639592
3.7959292,3.3992555,-0.3966737
4.769674,5.5611053,0.7914313
4.300277,6.1155834,1.8153064
4.7213054,6.0025077,1.2812023
4.7034903,5.7690144,1.0655241
5.1395407,4.129241,-1.0102997
3.837476,5.2029443,1.3654683
3.9596064,3.924285,-0.0353214
4.929729,6.39514,1.465411
6.5298963,5.955969,-0.5739273
5.4917397,5.958043,0.4663033
4.775923,6.228681,1.452758
3.2130532,4.1182137,0.9051605
4.26109,3.9310424,-0.3300476
5.7049494,1.658982,-4.0459674
4.5526958,6.1155834,1.5628876
7.342967,5.3421507,-2.0008163
4.141815,3.0876331,-1.0541819
3.7591515,4.938692,1.1795405
2.8090277,1.8367858,-0.9722419
2.8090277,1.8367858,-0.9722419
3.2659943,3.1329658,-0.1330285
4.702864,6.1155834,1.4127194
4.702864,6.1155834,1.4127194
4.605041,4.892669,0.287628
4.2969985,3.8367288,-0.4602697
7.551229,6.1155834,-1.4356456
3.2560484,5.4736595,2.2176111
4.300277,5.867935,1.567658
6.5621624,5.6488976,-0.9132648
3.7149053,5.4948006,1.7798953
4.702864,6.1155834,1.4127194
4.3463297,3.4894767,-0.856853
4.2655845,3.5023882,-0.7631963
0.36410666,6.1990705,5.83496384
6.489805,5.9348183,-0.5549867
6.633834,6.4697857,-0.1640483
3.8360503,3.317915,-0.5181353
3.8562539,6.1155834,2.2593295
4.697758,5.777278,1.07952
3.9764767,5.2029443,1.2264676
1.6181449,3.3166378,1.6984929
3.365475,5.2188416,1.8533666
4.994544,3.677875,-1.316669
4.2372713,6.1155834,1.8783121
1.6181449,4.5545177,2.9363728
6.2920904,2.1768596,-4.1152308
2.969244,5.3421507,2.3729067
3.9428484,3.0264444,-0.916404
3.312749,5.8997507,2.5870017
4.702864,6.1578684,1.4550044
3.363631,6.4697857,3.1061547
3.363631,6.4697857,3.1061547
2.762519,4.525676,1.763157
3.7591515,5.9348183,2.1756668
5.9794664,6.1990705,0.2196041
3.0263615,5.951422,2.9250605
4.620539,6.3122454,1.6917064
6.121278,4.828044,-1.293234
2.771241,6.1990705,3.4278295
2.4993927,2.10114,-0.3982527
2.9658184,5.4090266,2.4432082
3.8198168,1.658982,-2.1608348
4.846082,3.0876331,-1.7584489
3.7591515,5.2029443,1.4437928
3.8783395,6.4697857,2.5914462
5.732861,4.403303,-1.329558
4.403191,6.1155834,1.7123924
5.6248646,5.258322,-0.3665426
1.7187088,6.1990705,4.4803617
3.6236255,2.10114,-1.5224855
3.9428484,5.1194572,1.1766088
3.7478285,4.1920004,0.4441719
5.3858523,5.9818206,0.5959683
3.7591515,2.7602558,-0.9988957
5.2847433,5.9348183,0.650075
2.4993927,3.3621848,0.8627921
1.3080475,1.4383837,0.1303362
5.7049494,1.658982,-4.0459674
4.1154156,4.627765,0.5123494
4.2957273,5.4256372,1.1299099
5.9379735,5.6755657,-0.2624078
2.9658184,5.4090266,2.4432082
5.7049494,1.7969531,-3.9079963
4.2371154,1.658982,-2.5781334
4.1139975,4.6307087,0.5167112
5.175803,5.5654106,0.3896076
4.671307,3.1611881,-1.5101189
5.7049494,1.2628695,-4.4420799
5.144881,4.8178115,-0.3270695
3.4919996,5.8235197,2.3315201
3.6236255,3.3621848,-0.2614407
2.9742372,4.745816,1.7715788
4.510197,3.86996,-0.640237
3.8198168,4.5462027,0.7263859
3.0027275,3.3621848,0.3594573
4.702864,5.718334,1.01547
4.240737,3.0876331,-1.1531039
5.056541,6.1155834,1.0590424
1.8832291,3.6570387,1.7738096
4.0487247,5.9348183,1.8860936
4.605041,3.1795766,-1.4254644
2.9658184,5.4090266,2.4432082
3.9594686,4.702578,0.7431094
6.145088,4.619262,-1.525826
3.0811381,5.2029443,2.1218062
3.0028594,2.7874987,-0.2153607
5.5713367,6.5526805,0.9813438
3.4687233,4.940975,1.4722517
2.8699777,5.9070067,3.037029
3.9596064,6.4697857,2.5101793
0.36410666,4.6328387,4.26873204
3.303364,3.6154244,0.3120604
3.6268156,5.9070067,2.2801911
6.443403,5.951422,-0.491981
6.253027,3.0084693,-3.2445577
3.8950832,5.5611053,1.6660221
4.165907,3.0264444,-1.1394626
3.0263615,5.951422,2.9250605
5.4523745,2.93893,-2.5134445
4.4874187,3.2697186,-1.2177001
3.7591515,4.938692,1.1795405
2.090656,3.8311622,1.7405062
7.0128345,6.1990705,-0.813764
2.4648993,2.90321,0.4383107
4.1384425,3.775039,-0.3634035
4.5632257,3.0876331,-1.4755926
4.141815,3.0876331,-1.0541819
4.165907,5.1194572,0.9535502
4.702864,6.1578684,1.4550044
6.121278,3.344674,-2.776604
3.2560484,2.3628836,-0.8931648
4.2371154,1.658982,-2.5781334
3.3643825,5.3846455,2.020263
7.0128345,6.1155834,-0.8972511
4.855769,4.0260386,-0.8297304
3.8198168,4.5462027,0.7263859
5.9345765,5.3710313,-0.5635452
2.982228,2.6317625,-0.3504655
3.2467809,1.7895416,-1.4572393
3.349006,4.7451134,1.3961074
1.8598375,5.9348183,4.0749808
5.78487,5.768536,-0.016334
4.696184,4.826582,0.130398
4.2957273,3.6857176,-0.6100097
2.2404108,1.874078,-0.3663328
4.322582,6.1578684,1.8352864
4.702864,6.1578684,1.4550044
5.2235193,3.8678622,-1.3556571
4.1318703,5.9818206,1.8499503
4.2785616,1.137661,-3.1409006
3.9111161,3.3916497,-0.5194664
4.7152476,5.9898586,1.274611
3.9989228,3.6788476,-0.3200752
5.7049494,1.658982,-4.0459674
4.4750533,5.777278,1.3022247
4.3727846,3.7958946,-0.57689
5.321762,6.1990705,0.8773085
2.8023834,5.9348183,3.1324349
5.9345765,5.9348183,0.0002418
4.537881,2.7874987,-1.7503823
4.702864,5.718334,1.01547
4.394889,5.9348183,1.5399293
4.055254,6.1578684,2.1026144
4.9765797,5.867935,0.8913553
3.5315819,4.610543,1.0789611
2.5615487,1.6523312,-0.9092175
4.2371154,1.658982,-2.5781334
3.6134553,5.187105,1.5736497
4.2655845,6.04153,1.7759455
4.0704165,3.037059,-1.0333575
3.0811381,2.7602558,-0.3208823
0.36410666,6.1155834,5.75147674
4.3800535,4.6055923,0.2255388
4.8029566,6.071141,1.2681844
3.9057834,5.3846455,1.4788621
6.552162,5.9348183,-0.6173437
2.7693477,5.076877,2.3075293
4.5843143,4.0943117,-0.4900026
3.7085223,5.886589,2.1780667
4.8029566,5.777278,0.9743214
0.36410666,5.9348183,5.57071164
5.4150105,3.858526,-1.5564845
6.4011765,5.958043,-0.4431335
3.430358,6.1990705,2.7687125
6.1168866,3.5518384,-2.5650482
4.2371154,1.658982,-2.5781334
2.631394,4.8716683,2.2402743
5.16272,5.955969,0.793249
4.2547255,3.3842068,-0.8705187
6.722369,3.7321,-2.990269
1.5488051,1.7639184,0.2151133
5.724704,3.637752,-2.086952
3.4367576,6.177722,2.7409644
3.9057834,5.919613,2.0138296
4.542031,3.8027732,-0.7392578
3.0005455,4.1920004,1.1914549
4.769674,5.9348183,1.1651443
4.0222,6.1990705,2.1768705
3.7478285,4.1920004,0.4441719
3.2868047,5.4764724,2.1896677
3.5986426,6.1578684,2.5592258
2.6128054,4.536529,1.9237236
4.300277,6.1155834,1.8153064
2.3598902,2.992147,0.6322568
5.581466,5.748208,0.166742
5.9151015,5.6963525,-0.218749
5.732861,5.477618,-0.255243
3.359884,6.39514,3.035256
2.6128054,4.759579,2.1467736
6.253027,3.0084693,-3.2445577
4.7213054,5.6488976,0.9275922
4.697758,5.9348183,1.2370603
5.1070347,0.835064,-4.2719707
4.570305,3.3041523,-1.2661527
3.1201856,4.0452027,0.9250171
4.2462077,6.1155834,1.8693757
5.003861,5.4881105,0.4842495
4.6032186,6.146909,1.5436904
2.1936789,3.6788476,1.4851687
3.7478285,4.1920004,0.4441719
2.1291616,5.5611053,3.4319437
5.0276856,6.1155834,1.0878978
2.9742372,3.465996,0.4917588
3.6157577,6.1155834,2.4998257
4.560919,6.1578684,1.5969494
4.9133143,6.4697857,1.5564714
1.6429392,4.759579,3.1166398
6.744964,6.1990705,-0.5458935
4.849754,3.5579443,-1.2918097
3.7798002,6.228681,2.4488808
3.0811381,5.4736595,2.3925214
4.0092645,4.6754193,0.6661548
2.8853958,2.342572,-0.5428238
3.5606575,5.9348183,2.3741608
4.481075,5.9348183,1.4537433
5.6862564,6.228681,0.5424246
4.916467,6.1990705,1.2826035
2.7882633,6.228681,3.4404177
5.1636696,3.858526,-1.3051436
3.8599303,6.1155834,2.2556531
3.7847695,5.8091946,2.0244251
3.9007914,6.228681,2.3278896
6.008259,6.071141,0.062882
3.668687,3.5822,-0.086487
4.4007683,3.9097624,-0.4910059
7.0133834,3.8559983,-3.1573851
6.388745,5.449449,-0.939296
5.13553,5.161742,0.026212
2.437195,5.9348183,3.4976233
4.463519,5.9348183,1.4712993
2.4993927,3.3621848,0.8627921
7.0477314,6.228681,-0.8190504
1.9907002,1.5929828,-0.3977174
5.9345765,5.9348183,0.0002418
5.3287935,5.4364395,0.107646
4.425539,6.1155834,1.6900444
3.753338,6.1990705,2.4457325
3.7191782,6.1990705,2.4798923
4.702864,6.4697857,1.7669217
3.68663,6.1155834,2.4289534
4.9117494,3.6275802,-1.2841692
2.352581,3.8068547,1.4542737
4.425539,6.1155834,1.6900444
4.0092645,3.1043303,-0.9049342
4.702864,6.1578684,1.4550044
3.5419612,6.1990705,2.6571093
2.7842193,2.9384449,0.1542256
5.761818,3.775039,-1.986779
4.7692056,6.4697857,1.7005801
4.849754,4.7451134,-0.1046406
3.0164373,5.748208,2.7317707
4.233794,5.106779,0.872985
3.9596064,6.1990705,2.2394641
3.7297943,6.1155834,2.3857891
4.6007953,3.401777,-1.1990183
6.026497,3.6788476,-2.3476494
4.0092645,4.6754193,0.6661548
4.3565235,4.7026343,0.3461108
4.044513,6.228681,2.184168
5.433424,6.228681,0.795257
4.518683,4.841794,0.323111
6.7837324,6.0358357,-0.7478967
4.285555,6.1155834,1.8300284
4.0092645,1.3195608,-2.6897037
5.8346195,1.8604308,-3.9741887
2.560672,4.55589,1.995218
2.804029,1.7969531,-1.0070759
4.702864,6.7175035,2.0146395
4.2823844,3.6155353,-0.6668491
4.695097,3.7321,-0.962997
5.7307634,5.8091946,0.0784312
2.9958634,5.741513,2.7456496
4.769674,2.6500092,-2.1196648
5.7307634,5.9348183,0.2040549
5.144881,6.1990705,1.0541895
5.7307634,5.8091946,0.0784312
3.096243,6.5526805,3.4564375
4.4861236,6.147399,1.6612754
3.178241,2.5683515,-0.6098895
3.7191782,6.5526805,2.8335023
4.769674,5.6755657,0.9058917
4.425539,6.1155834,1.6900444
3.6243675,3.6616652,0.0372977
4.6264,5.5592813,0.9328813
5.165313,4.8258305,-0.3394825
3.749921,2.90321,-0.846711
3.864887,6.4697857,2.6048987
4.7577767,5.9348183,1.1770416
5.628904,5.958043,0.329139
4.630259,3.401777,-1.228482
3.2340305,4.2400384,1.0060079
4.684074,4.606926,-0.077148
4.6523833,6.4697857,1.8174024
5.7752028,2.342572,-3.4326308
2.8630898,5.0582786,2.1951888
5.9345765,6.146909,0.2123325
6.8533964,4.641493,-2.2119034
4.300277,3.498713,-0.801564
4.981269,3.5023882,-1.4788808
2.0861967,5.4948006,3.4086039
2.6402147,5.768536,3.1283213
5.2833657,6.1155834,0.8322177
4.0175524,5.296853,1.2793006
2.2404108,3.9911828,1.750772
3.0574253,5.2376013,2.180176
4.115542,3.7003727,-0.4151693
4.4334784,5.3421507,0.9086723
4.300277,5.768536,1.468259
2.8288295,4.107313,1.2784835
3.0675979,4.6307087,1.5631108
4.697758,5.9348183,1.2370603
2.9170341,5.741513,2.8244789
2.729534,2.1958067,-0.5337273
4.4334784,3.4189012,-1.0145772
4.0551915,4.107313,0.0521215
5.0336037,4.71522,-0.3183837
4.867193,5.828537,0.961344
3.2296307,5.549621,2.3199903
7.615088,6.1155834,-1.4995046
3.8198168,1.658982,-2.1608348
2.3193672,5.9818206,3.6624534
6.633834,5.874576,-0.759258
4.99862,5.047204,0.048584
4.50246,5.958043,1.455583
4.1268287,1.6762035,-2.4506252
3.928483,6.146909,2.218426
4.0659904,3.8678622,-0.1981282
4.2936397,5.748208,1.4545683
2.7127717,1.6022109,-1.1105608
5.9433455,6.228681,0.2853355
3.6063995,2.7428474,-0.8635521
3.7478285,4.1920004,0.4441719
6.8533964,4.1235642,-2.7298322
3.5606575,3.4189012,-0.1417563
4.793556,3.4189012,-1.3746548
3.5582306,6.1155834,2.5573528
6.657078,3.775039,-2.882039
3.7591515,4.938692,1.1795405
4.9894805,6.1155834,1.1261029
2.386279,2.10114,-0.285139
3.2532349,6.147399,2.8941641
3.5582306,6.1155834,2.5573528
2.9930096,5.958043,2.9650334
4.6208224,3.3621848,-1.2586376
2.909442,4.826582,1.91714
2.8872921,6.1990705,3.3117784
3.1553366,5.3421507,2.1868141
6.364901,5.955969,-0.408932
3.753338,5.6516542,1.8983162
4.769674,6.1155834,1.3459094
3.0714283,1.6022109,-1.4692174
4.456853,4.50291,0.046057
5.9345765,5.886589,-0.0479875
3.7478285,4.223816,0.4759875
4.769674,3.5305285,-1.2391455
3.534127,5.981033,2.446906
4.5424094,4.548044,0.0056346
2.386279,1.8081182,-0.5781608
3.6709857,4.7275476,1.0565619
4.0476675,5.981033,1.9333655
5.9345765,5.68717,-0.2474065
1.6429392,4.759579,3.1166398
0.40719667,3.5842779,3.17708123
5.0616355,6.1578684,1.0962329
5.6665645,0.835064,-4.8315005
2.8962245,6.4697857,3.5735612
2.5025635,5.0794287,2.5768652
3.4555185,5.3421507,1.8866322
3.842272,2.4226494,-1.4196226
4.697758,6.1990705,1.5013125
3.8469093,6.5526805,2.7057712
4.9775486,5.741513,0.7639644
2.912882,4.809182,1.8963
6.2776194,2.5328014,-3.744818
5.452006,6.1990705,0.7470645
3.87215,5.455248,1.583098
4.784391,1.7639184,-3.0204726
3.1279786,5.9348183,2.8068397
4.769674,3.498713,-1.270961
8.590956,4.236662,-4.354294
4.2176404,2.5683515,-1.6492889
4.069137,2.6120026,-1.4571344
3.2602108,5.301495,2.0412842
5.9956594,6.5526805,0.5570211
3.7473602,5.955969,2.2086088
3.6519856,4.433609,0.7816234
4.4103928,3.775039,-0.6353538
0.553689,4.855775,4.302086
4.2957273,6.1155834,1.8198561
3.4891176,2.9200006,-0.569117
6.364901,6.146909,-0.217992
3.6166916,6.029768,2.4130764
2.2328298,5.044732,2.8119022
3.837562,5.867935,2.030373
1.7799249,2.6500092,0.8700843
3.7478285,3.904954,0.1571255
2.7127717,5.1989093,2.4861376
4.8843017,1.6022109,-3.2820908
4.9775486,6.4697857,1.4922371
3.0675979,4.6307087,1.5631108
5.9794664,5.874576,-0.1048904
5.3505554,5.3421507,-0.0084047
3.312749,5.777278,2.464529
2.9476123,5.777278,2.8296657
4.8843017,1.6022109,-3.2820908
4.2969985,4.9041195,0.607121
4.2031517,6.228681,2.0255293
4.9060388,4.8929443,-0.0130945
6.4193473,3.7081425,-2.7112048
4.5475783,6.4697857,1.9222074
5.7049494,1.658982,-4.0459674
4.697758,5.4465714,0.7488134
2.8390574,5.9818206,3.1427632
5.3947554,5.9818206,0.5870652
6.1118617,4.4741154,-1.6377463
3.6582367,3.189907,-0.4683297
3.4180636,2.4226494,-0.9954142
3.4180636,2.4226494,-0.9954142
4.4526043,4.826582,0.3739777
2.665349,6.1155834,3.4502344
1.9119033,4.5835314,2.6716281
3.6236255,4.995695,1.3720695
3.7686446,2.4226494,-1.3459952
3.7686446,5.2376013,1.4689567
3.910269,5.9348183,2.0245493
6.008259,3.545892,-2.462367
4.407085,5.9818206,1.5747356
5.165313,3.5300388,-1.6352742
3.7149053,3.858526,0.1436207
4.425539,3.0409582,-1.3845808
3.3146439,2.1189625,-1.1956814
3.3719335,5.7886634,2.4167299
5.2264113,6.228681,1.0022697
6.5270786,2.1080432,-4.4190354
4.055254,6.147399,2.092145
4.0467715,3.4189012,-0.6278703
4.513373,3.594274,-0.919099
6.3339806,3.4189012,-2.9150794
4.4532323,4.6809225,0.2276902
3.285917,5.1305466,1.8446296
3.6523776,4.3733454,0.7209678
5.3505554,6.1155834,0.765028
2.2233918,4.120096,1.8967042
4.0222,5.828537,1.806337
5.7049494,3.8856115,-1.8193379
3.9111161,5.2875443,1.3764282
4.697758,5.9348183,1.2370603
3.9653344,5.4948006,1.5294662
7.650923,3.176984,-4.473939
6.3880234,3.8559983,-2.5320251
7.0128345,6.1990705,-0.813764
4.1318703,3.651573,-0.4802973
6.0429816,6.071141,0.0281594
4.1596603,6.1155834,1.9559231
4.2371154,4.5462027,0.3090873
3.7130225,1.5833067,-2.1297158
2.9658184,5.1383114,2.172493
4.769674,5.6755657,0.9058917
3.7686446,3.3087442,-0.4599004
4.8874907,6.1990705,1.3115798
4.0285425,3.3041523,-0.7243902
4.697758,6.029768,1.33201
3.9833424,2.6317625,-1.3515799
4.0006986,3.775039,-0.2256596
2.2404108,3.9911828,1.750772
4.769674,6.147399,1.377725
3.2648294,4.232131,0.9673016
6.2776194,4.653243,-1.6243764
4.6409736,3.6412761,-0.9996975
2.9658184,2.342572,-0.6232464
6.052071,5.597377,-0.454694
4.555505,5.2450094,0.6895044
4.0837164,6.4697857,2.3860693
4.165907,2.1080432,-2.0578638
4.355915,3.7958946,-0.5600204
5.9345765,6.1155834,0.1810069
3.2340305,5.404624,2.1705935
3.7686446,3.3087442,-0.4599004
4.838878,2.4226494,-2.4162286
3.2086906,6.1990705,2.9903799
7.2595973,6.1155834,-1.1440139
3.4180636,2.4226494,-0.9954142
4.057272,3.2157214,-0.8415506
2.8392863,1.9999878,-0.8392985
7.0133834,5.867935,-1.1454484
4.300277,3.5822,-0.718077
3.3977559,3.107127,-0.2906289
4.2182517,6.228681,2.0104293
6.3652053,3.0714371,-3.2937682
5.126478,4.042301,-1.084177
6.9050264,5.9348183,-0.9702081
2.6402147,6.1155834,3.4753687
4.4155836,4.308516,-0.1070676
3.534127,6.146909,2.612782
4.2371154,1.2628695,-2.9742459
5.6665645,0.835064,-4.8315005
4.4155836,4.6809225,0.2653389
4.769674,5.7690144,0.9993404
2.5664496,4.443904,1.8774544
6.2776194,4.9258785,-1.3517409
4.2899547,6.1155834,1.8256287
4.699499,3.9361925,-0.7633065
4.321784,4.6307087,0.3089247
4.702864,5.855335,1.152471
3.6426136,4.6307087,0.9880951
4.372473,5.0820637,0.7095907
2.4648993,2.90321,0.4383107
4.838878,2.4226494,-2.4162286
3.312749,2.5956144,-0.7171346
3.9870133,5.6963525,1.7093392
5.0878115,5.955969,0.8681575
3.6426136,5.1954193,1.5528057
3.4180636,3.3087442,-0.1093194
6.7837324,6.1155834,-0.668149
4.2547255,3.5822,-0.6725255
2.791393,5.6755657,2.8841727
4.5599504,5.981033,1.4210826
4.769674,3.3649502,-1.4047238
3.7478285,5.9348183,2.1869898
4.3516355,3.9760964,-0.3755391
5.0888653,6.1155834,1.0267181
3.0263615,4.9041195,1.877758
4.697758,6.1155834,1.4178254
2.9170341,6.1990705,3.2820364
6.6435246,6.1155834,-0.5279412
4.0704165,6.228681,2.1582645
2.4648993,4.6374125,2.1725132
6.657078,3.4189012,-3.2381768
3.6678772,5.9348183,2.2669411
2.3211133,0.6502937,-1.6708196
1.8832291,0.6502937,-1.2329354
7.2595973,5.5654106,-1.6941867
4.4334784,3.4189012,-1.0145772
4.104322,4.598897,0.494575
6.142763,2.938222,-3.204541
4.9775486,6.4697857,1.4922371
4.2547255,3.93581,-0.3189155
4.4526043,4.366116,-0.0864883
6.5621624,5.3364162,-1.2257462
5.1395407,6.1578684,1.0183277
1.9907002,2.563126,0.5724258
4.702864,3.8068547,-0.8960093
2.0770035,5.0582786,2.9812751
2.386279,3.3621848,0.9759058
3.0027275,4.995695,1.9929675
4.697758,3.1415832,-1.5561748
2.804029,1.6762035,-1.1278255
5.8436995,5.9348183,0.0911188
2.9170341,6.7175035,3.8004694
4.3052435,4.1679697,-0.1372738
5.7049494,1.2628695,-4.4420799
2.665349,2.8922038,0.2268548
5.7648463,3.7731032,-1.9917431
6.048324,6.1155834,0.0672594
6.9050264,6.1578684,-0.747158
3.041506,2.2969947,-0.7445113
5.7049494,2.147732,-3.5572174
7.1525693,2.9730856,-4.1794837
6.06351,5.9348183,-0.1286917
3.3744948,6.228681,2.8541862
4.886296,5.741513,0.855217
2.4009752,4.618906,2.2179308
3.6805515,5.777278,2.0967265
4.1268287,4.5462027,0.419374
5.5744486,6.228681,0.6542324
4.0092645,2.3240983,-1.6851662
1.6429392,4.759579,3.1166398
3.85697,3.472976,-0.383994
3.6519856,2.7672606,-0.884725
3.6185486,3.668542,0.0499934
5.471419,6.1990705,0.7276515
5.0759215,6.1990705,1.123149
3.8918455,4.6423917,0.7505462
5.2429295,2.563126,-2.6798035
3.5241015,4.199723,0.6756215
3.809372,3.25622,-0.553152
2.0770035,5.3225307,3.2455272
3.4180636,2.4226494,-0.9954142
4.775923,6.1155834,1.3396604
5.7752028,5.6755657,-0.0996371
6.657078,3.4189012,-3.2381768
3.6068776,6.177722,2.5708444
6.364901,5.9348183,-0.4300827
5.6969194,1.9655392,-3.7313802
4.2371154,1.2628695,-2.9742459
2.0038404,6.1990705,4.1952301
4.991527,3.7837815,-1.2077455
2.7882633,6.228681,3.4404177
3.066223,4.6307087,1.5644857
6.633834,6.228681,-0.405153
3.4180636,2.4226494,-0.9954142
4.849754,4.5670977,-0.2826563
4.5527864,2.9425952,-1.6101912
4.2371154,2.4818418,-1.7552736
3.7478285,1.2628695,-2.484959
1.7112942,6.4697857,4.7584915
4.67717,4.609207,-0.067963
6.7837324,3.942799,-2.8409334
2.2404108,1.874078,-0.3663328
1.7073612,5.9070067,4.1996455
1.688435,2.6211314,0.9326964
4.463519,3.2232635,-1.2402555
4.697758,5.9348183,1.2370603
4.591691,6.4697857,1.8780947
2.4993927,2.7490776,0.2496849
3.630018,5.9818206,2.3518026
6.933701,5.061656,-1.872045
2.9971006,3.5190258,0.5219252
2.9226875,3.6412761,0.7185886
3.9016442,6.1990705,2.2974263
2.3193672,5.9818206,3.6624534
3.9308531,6.1990705,2.2682174
3.5606575,3.2851384,-0.2755191
3.0675979,4.6307087,1.5631108
4.8383503,6.1155834,1.2772331
2.6749382,6.1155834,3.4406452
3.5516047,6.1990705,2.6474658
6.364901,3.5460448,-2.8188562
6.154514,3.7053869,-2.4491271
4.6608877,2.956231,-1.7046567
6.9557414,6.228681,-0.7270604
6.9557414,6.228681,-0.7270604
6.9557414,6.1990705,-0.7566709
5.1342964,6.4697857,1.3354893
3.4831555,2.342572,-1.1405835
4.212765,4.6874495,0.4746845
6.2230573,6.1990705,-0.0239868
2.7931337,5.828537,3.0354033
2.2744253,6.7175035,4.4430782
6.2776194,4.684569,-1.5930504
2.8853958,2.342572,-0.5428238
6.253027,3.798633,-2.454394
4.793556,3.4189012,-1.3746548
6.0345545,5.9348183,-0.0997362
2.861937,1.8681747,-0.9937623
4.084723,3.6485424,-0.4361806
2.6716084,3.7958946,1.1242862
1.106678,3.798633,2.691955
4.769674,5.9348183,1.1651443
3.430358,4.058361,0.628003
5.0954847,3.0689228,-2.0265619
4.7363014,6.228681,1.4923796
4.6208224,3.3621848,-1.2586376
4.769674,6.1155834,1.3459094
1.8832291,0.6502937,-1.2329354
2.5642385,5.5611053,2.9968668
5.9345765,3.775039,-2.1595375
3.8198168,4.1920004,0.3721836
6.364901,3.6412761,-2.7236249
3.4158604,6.1578684,2.742008
5.401295,4.8716683,-0.5296267
4.4397626,5.9348183,1.4950557
4.425539,5.9818206,1.5562816
4.1268287,2.147732,-1.9790967
3.5606575,4.770357,1.2096995
4.793556,3.5023882,-1.2911678
4.4861236,6.147399,1.6612754
2.2744253,5.9818206,3.7073953
2.627182,5.167922,2.54074
3.9596064,5.7178507,1.7582443
4.2371154,2.4818418,-1.7552736
7.966144,5.517721,-2.448423
6.357236,5.405796,-0.95144
3.9674942,3.0876331,-0.8798611
5.1312623,3.498713,-1.6325493
6.488417,6.147399,-0.341018
4.7166843,3.5460448,-1.1706395
6.253027,3.0084693,-3.2445577
4.793556,3.5023882,-1.2911678
3.6300066,2.921978,-0.7080286
3.312749,5.91022,2.597471
2.804029,1.2628695,-1.5411595
6.9050264,5.9348183,-0.9702081
4.849754,4.707037,-0.142717
4.6865883,4.9258785,0.2392902
3.4633548,6.4697857,3.0064309
7.27504,6.1990705,-1.0759695
4.849754,6.1990705,1.3493165
3.4240394,5.541803,2.1177636
3.9050734,6.4697857,2.5647123
5.6521473,6.147399,0.4952517
5.9433455,6.1155834,0.1722379
6.35534,6.1155834,-0.2397566
6.364901,3.5460448,-2.8188562
4.2371154,4.1920004,-0.045115
4.9775486,6.1990705,1.2215219
4.057742,5.0582786,1.0005366
1.6870583,2.4187133,0.731655
6.008259,4.6307087,-1.3775503
4.033394,3.0747466,-0.9586474
2.7872696,5.9348183,3.1475487
2.2404108,1.874078,-0.3663328
3.595412,6.1990705,2.6036585
6.3087564,2.440902,-3.8678544
6.364901,5.2703695,-1.0945315
4.0704165,6.228681,2.1582645
4.897579,5.955969,1.05839
4.300277,6.1155834,1.8153064
5.844427,5.4401417,-0.4042853
4.463519,3.540998,-0.922521
4.5736713,6.4697857,1.8961144
4.1318703,3.2702305,-0.8616398
6.3020134,3.2903862,-3.0116272
2.6940255,5.2708607,2.5768352
3.3792133,4.5870857,1.2078724
5.7049494,1.2628695,-4.4420799
2.6128054,4.759579,2.1467736
4.697758,3.93581,-0.761948
4.2371154,1.2628695,-2.9742459
4.793556,3.5023882,-1.2911678
2.804029,1.2953556,-1.5086734
4.1345224,6.1990705,2.0645481
4.5527864,4.8447075,0.2919211
1.9481281,1.9999878,0.0518597
3.3433437,3.7291865,0.3858428
6.008259,4.6307087,-1.3775503
2.804029,1.2953556,-1.5086734
4.4954863,6.4697857,1.9742994
6.4193473,5.8235197,-0.5958276
3.8112416,6.1155834,2.3043418
3.404837,5.919613,2.514776
4.5527864,4.8447075,0.2919211
5.0280943,6.029768,1.0016737
1.8660244,1.5106986,-0.3553258
1.6870583,5.741513,4.0544547
5.78487,2.9006944,-2.8841756
3.0675979,5.1954193,2.1278214
5.471419,2.851287,-2.620132
2.6548457,5.3527784,2.6979327
2.6548457,5.3527784,2.6979327
3.8727603,4.5841694,0.7114091
3.0481198,2.9281485,-0.1199713
1.6782659,5.0794287,3.4011628
3.6658902,4.684569,1.0186788
4.697758,4.75853,0.060772
5.913364,4.9134736,-0.9998904
3.8627722,5.867935,2.0051628
5.317919,5.239043,-0.078876
3.7191782,6.1990705,2.4798923
4.849754,5.3421507,0.4923967
4.074567,3.3516862,-0.7228808
4.4526043,3.085722,-1.3668823
3.87215,3.7053869,-0.1667631
5.662979,4.058361,-1.604618
4.1596603,6.1990705,2.0394102
4.6139784,3.6485424,-0.965436
6.06351,6.1155834,0.0520734
3.5167418,6.000328,2.4835862
4.697758,5.198065,0.500307
3.6441298,3.4189012,-0.2252286
6.06351,6.1155834,0.0520734
4.630259,4.3733454,-0.2569136
6.06351,6.1155834,0.0520734
4.1518736,5.4561443,1.3042707
3.3795683,5.5932455,2.2136772
4.1481724,4.7453866,0.5972142
4.769674,2.6500092,-2.1196648
3.7603886,6.1578684,2.3974798
6.1997848,5.8235197,-0.3762651
2.762519,3.5023882,0.7398692
8.590956,6.1990705,-2.3918855
5.2379956,4.058361,-1.1796346
3.9073822,5.5654106,1.6580284
2.5385532,5.989369,3.4508158
2.2421777,4.363946,2.1217683
3.6305757,3.5579443,-0.0726314
5.1207695,4.5841694,-0.5366001
4.769674,4.6518397,-0.1178343
3.4942415,5.955969,2.4617275
7.1630898,5.899261,-1.2638288
2.4998631,3.242675,0.7428119
4.7166843,3.6412761,-1.0754082
3.9530253,5.3421507,1.3891254
5.7049494,4.223816,-1.4811334
3.1316571,6.228681,3.0970239
2.386279,3.3621848,0.9759058
3.0027275,3.3621848,0.3594573
3.7591515,2.7602558,-0.9988957
3.3428583,3.7053869,0.3625286
5.6521473,6.147399,0.4952517
3.9888697,4.4046717,0.415802
3.9345505,4.9100685,0.975518
3.683401,4.4487476,0.7653466
3.3792133,4.5870857,1.2078724
2.4580343,3.934435,1.4764007
3.753338,5.248624,1.495286
5.452006,6.4697857,1.0177797
5.492709,6.147399,0.65469
2.9047165,6.1155834,3.2108669
6.364901,3.2851384,-3.0797626
4.508213,5.7590528,1.2508398
5.3681517,5.7178507,0.349699
8.590956,5.9348183,-2.6561377
4.9013033,3.076369,-1.8249343
7.581986,5.0928497,-2.4891363
4.300277,3.1246424,-1.1756346
5.082345,5.515951,0.433606
3.7130225,1.3195608,-2.3934617
5.5374813,3.3516862,-2.1857951
7.0018663,6.1990705,-0.8027958
2.5357845,5.9348183,3.3990338
2.7775989,5.7590528,2.9814539
3.6236255,2.10114,-1.5224855
4.1825943,3.3916497,-0.7909446
3.028114,2.501913,-0.526201
2.2328298,3.003095,0.7702652
4.2371154,3.963006,-0.2741094
3.5726538,6.146909,2.5742552
6.364901,3.2851384,-3.0797626
4.5711365,4.371353,-0.1997835
2.9170341,6.1578684,3.2408343
4.697758,5.198065,0.500307
3.6963646,6.146909,2.4505444
2.7882633,2.027422,-0.7608413
4.8853674,5.867935,0.9825676
4.6789722,3.2851384,-1.3938338
2.3193672,5.9818206,3.6624534
3.4056559,5.6755657,2.2699098
2.8853958,2.342572,-0.5428238
6.5381923,5.8235197,-0.7146726
3.031371,6.1155834,3.0842124
3.66753,3.0780625,-0.5894675
4.981269,4.814808,-0.166461
4.5008907,3.7550967,-0.745794
5.125415,3.6919975,-1.4334175
4.630259,4.7275476,0.0972886
4.813823,4.058361,-0.755462
4.2656846,4.366809,0.1011244
2.5458462,5.803809,3.2579628
5.6521473,6.147399,0.4952517
3.0892396,3.5023882,0.4131486
3.8359334,1.2953556,-2.5405778
4.840132,6.1990705,1.3589385
2.2328298,3.677875,1.4450452
3.825401,5.9348183,2.1094173
2.2999048,5.803809,3.5039042
5.9524236,4.2014036,-1.75102
3.85697,2.0715063,-1.7854637
1.6429392,4.759579,3.1166398
4.3412056,2.7602558,-1.5809498
2.8288295,2.2958972,-0.5329323
4.3681817,4.520817,0.1526353
1.6429392,3.2162468,1.5733076
4.7355533,6.4697857,1.7342324
3.0675979,5.1954193,2.1278214
4.57512,6.1155834,1.5404634
3.1566875,2.027422,-1.1292655
5.616303,6.228681,0.612378
3.1977215,3.6788476,0.4811261
6.1233635,6.1578684,0.0345049
2.8853958,2.342572,-0.5428238
4.823158,4.1418486,-0.6813094
3.2662327,6.1155834,2.8493507
4.079751,6.1155834,2.0358324
5.321762,6.1990705,0.8773085
4.793556,3.5023882,-1.2911678
4.6169586,6.1155834,1.4986248
6.9867706,5.718334,-1.2684366
3.5926254,4.593103,1.0004776
3.4704022,4.685093,1.2146908
4.2547255,4.9487853,0.6940598
3.4158604,6.1578684,2.742008
6.8533964,6.1990705,-0.6543259
4.719656,5.9348183,1.2151623
3.753338,5.9348183,2.1814803
3.81936,2.270829,-1.548531
4.3843956,4.998576,0.6141804
4.6840587,3.70829,-0.9757687
3.3944378,2.5899796,-0.8044582
3.5772903,5.9348183,2.357528
6.633834,5.741513,-0.892321
4.697758,6.4697857,1.7720277
6.253027,3.0084693,-3.2445577
4.1268287,1.2628695,-2.8639592
5.5093427,3.5023882,-2.0069545
1.7187088,2.7209647,1.0022559
3.6267934,4.5841694,0.957376
4.697758,5.198065,0.500307
2.5890067,2.3905606,-0.1984461
3.3795683,6.1155834,2.7360151
4.7704744,6.1990705,1.4285961
2.9930096,5.958043,2.9650334
4.8948503,6.5526805,1.6578302
4.022546,5.9070067,1.8844607
3.5602143,3.5460448,-0.0141695
5.471419,6.1990705,0.7276515
4.080333,1.5624402,-2.5178928
4.0092645,2.3030984,-1.7061661
6.459581,3.3821352,-3.0774458
0.5614988,6.147399,5.5859002
5.9345765,6.147399,0.2128225
2.9984002,6.228681,3.2302808
3.753338,6.3122454,2.5589074
3.0027275,3.3621848,0.3594573
5.0498557,5.9818206,0.9319649
5.0498557,5.9818206,0.9319649
2.9186962,6.146909,3.2282128
5.7752028,5.4090266,-0.3661762
4.20064,5.9818206,1.7811806
3.9308531,5.955969,2.0251159
3.6191773,6.4697857,2.8506084
5.0498557,5.9818206,0.9319649
2.9162545,6.228681,3.3124265
4.793556,3.6919975,-1.1015585
5.6248646,6.1155834,0.4907188
5.0498557,5.9818206,0.9319649
2.1921296,2.943864,0.7517344
4.074574,6.1155834,2.0410094
3.6372173,5.7590528,2.1218355
3.8198168,1.658982,-2.1608348
3.9364312,6.4697857,2.5333545
4.769674,6.1990705,1.4293965
3.701691,6.1990705,2.4973795
3.8945436,3.155948,-0.7385956
4.9157834,2.6620615,-2.2537219
4.055254,6.4697857,2.4145317
5.0498557,5.9818206,0.9319649
6.633834,6.1155834,-0.5182506
3.6458466,6.1155834,2.4697368
4.1625514,6.1578684,1.995317
4.581868,6.4697857,1.8879177
2.711865,5.9348183,3.2229533
3.1019447,3.9444525,0.8425078
4.0779214,6.1155834,2.037662
3.8599303,6.1155834,2.2556531
4.699499,2.5328014,-2.1666976
3.9999967,6.1990705,2.1990738
6.1018586,6.228681,0.1268224
3.8945436,2.810224,-1.0843196
6.633834,6.1155834,-0.5182506
3.207244,6.000328,2.793084
1.533001,2.7428474,1.2098464
6.633834,5.9348183,-0.6990157
5.48486,6.1990705,0.7142105
4.463519,5.9348183,1.4712993
4.630259,5.3421507,0.7118917
5.056541,3.858526,-1.198015
4.1337934,5.9348183,1.8010249
3.2662327,6.1990705,2.9328378
6.7357845,5.9818206,-0.7539639
3.6397014,5.3846455,1.7449441
3.0675979,5.0358047,1.9682068
3.842272,5.777278,1.935006
4.1337934,5.9348183,1.8010249
6.0040536,6.1578684,0.1538148
6.0040536,6.1578684,0.1538148
4.3550463,2.0762703,-2.278776
4.074567,3.3516862,-0.7228808
4.2371154,1.658982,-2.5781334
1.6181449,2.90321,1.2850651
6.8533964,5.2875443,-1.5658521
4.849754,3.3076859,-1.5420681
3.0027275,3.3621848,0.3594573
3.6236255,3.3621848,-0.2614407
4.511464,5.867935,1.356471
4.0222,4.2810674,0.2588674
4.300277,6.1155834,1.8153064
5.2974267,5.199037,-0.0983897
2.831662,3.5023882,0.6707262
4.769674,3.498713,-1.270961
3.0263615,3.3842068,0.3578453
2.2744253,4.770357,2.4959317
2.2005813,6.1578684,3.9572871
4.697758,5.8235197,1.1257617
3.1488492,3.0084693,-0.1403799
2.2744253,5.9818206,3.7073953
0.8596053,3.8673034,3.0076981
4.1343026,6.04153,1.9072274
5.7049494,4.1920004,-1.512949
4.300277,6.1155834,1.8153064
4.849754,3.0377886,-1.8119654
2.2744253,5.9818206,3.7073953
4.697758,5.9348183,1.2370603
6.253027,3.0084693,-3.2445577
1.6429392,4.759579,3.1166398
3.9718783,5.595477,1.6235987
4.697758,6.1155834,1.4178254
5.7049494,1.658982,-4.0459674
4.3915052,3.775039,-0.6164662
2.2005813,6.1578684,3.9572871
4.9234157,3.9663517,-0.957064
5.2814903,5.3271694,0.0456791
3.7436113,5.9818206,2.2382093
3.3263972,6.4697857,3.1433885
5.6579666,5.352141,-0.3058256
4.682893,6.1990705,1.5161775
5.9151015,5.6963525,-0.218749
1.8284,2.0715063,0.2431063
4.697758,6.1578684,1.4601104
2.8390574,2.9869597,0.1479023
6.253027,4.9680796,-1.2849474
2.6128054,4.536529,1.9237236
3.668687,6.1155834,2.4468964
2.3969882,1.946285,-0.4507032
4.1481533,5.3225307,1.1743774
4.697758,6.1155834,1.4178254
2.3193672,6.1578684,3.8385012
3.9360037,3.7762463,-0.1597574
4.2371154,1.658982,-2.5781334
4.2371154,1.658982,-2.5781334
4.1670923,6.1578684,1.9907761
4.0025353,5.6785083,1.675973
4.2371154,1.658982,-2.5781334
2.831662,3.5023882,0.6707262
5.7049494,1.658982,-4.0459674
3.0811381,5.232555,2.1514169
4.1268287,1.6436781,-2.4831506
3.7111948,5.951422,2.2402272
4.398219,6.1990705,1.8008515
3.9340005,5.9348183,2.0008178
4.4526043,4.488104,0.0354997
2.9930096,5.388315,2.3953054
3.7475793,3.7249644,-0.0226149
4.769674,5.9348183,1.1651443
2.2744253,6.4697857,4.1953604
4.1268287,4.1920004,0.0651717
4.0704165,5.955969,1.8855525
3.7894778,5.446909,1.6574312
3.9340005,5.9348183,2.0008178
3.8927915,2.7215106,-1.1712809
5.7049494,1.2953556,-4.4095938
3.5350714,2.2292602,-1.3058112
4.697758,6.1155834,1.4178254
3.066223,5.0358047,1.9695817
2.8960679,4.6307087,1.7346408
4.60924,5.958043,1.348803
3.0675979,4.9544115,1.8868136
3.1605783,5.951422,2.7908437
2.912882,2.6916924,-0.2211896
1.7826357,3.7249644,1.9423287
5.7049494,4.1920004,-1.512949
3.9428484,5.1194572,1.1766088
2.2404108,1.874078,-0.3663328
4.896175,5.4364395,0.5402645
0.36410666,5.2392664,4.87515974
4.107672,5.867935,1.760263
6.3564982,5.803809,-0.5526892
8.051134,6.1155834,-1.9355506
3.5426927,5.404624,1.8619313
4.849754,3.3076859,-1.5420681
5.744006,5.758826,0.01482
3.2648294,6.147399,2.8825696
0.36410666,5.7886634,5.42455674
5.9345765,6.1155834,0.1810069
2.6749382,6.4697857,3.7948475
2.9326909,5.9348183,3.0021274
6.4547987,5.9070067,-0.547792
3.1923926,2.7602558,-0.4321368
3.2648294,6.147399,2.8825696
3.5415645,6.147399,2.6058345
0.36410666,5.7886634,5.42455674
1.6429392,4.536529,2.8935898
2.6940255,4.516024,1.8219985
4.024048,6.1990705,2.1750225
3.8198168,1.658982,-2.1608348
3.7364705,6.147399,2.4109285
6.7837324,6.1578684,-0.625864
3.9428484,3.0264444,-0.916404
2.9658184,5.1383114,2.172493
3.465604,2.4580748,-1.0075292
4.3412056,4.9856944,0.6444888
6.364901,6.4697857,0.1048847
6.364901,5.9348183,-0.4300827
4.093249,5.9348183,1.8415693
3.4251842,5.9348183,2.5096341
4.43178,5.9348183,1.5030383
4.3516355,3.401777,-0.9498585
4.3412056,4.9856944,0.6444888
5.897098,5.5611053,-0.3359927
6.4011765,5.9348183,-0.4663582
2.0251522,3.2603414,1.2351892
3.0223458,3.3621848,0.339839
2.6128054,4.536529,1.9237236
3.9073822,5.5654106,1.6580284
4.300277,3.668542,-0.631735
5.4780874,5.5611053,0.0830179
5.0263677,5.955969,0.9296013
3.3634841,6.228681,2.8651969
3.753338,5.5094337,1.7560957
4.165907,5.4736595,1.3077525
3.7591515,2.7602558,-0.9988957
0.36410666,5.748208,5.38410134
4.1318703,5.541803,1.4099327
5.9345765,4.2070513,-1.7275252
4.9064274,5.1194572,0.2130298
2.7710009,5.7178507,2.9468498
3.962926,5.030553,1.067627
6.253027,3.0084693,-3.2445577
2.912882,4.7939205,1.8810385
6.8153057,5.4561443,-1.3591614
3.8198168,1.658982,-2.1608348
5.4448204,5.1989093,-0.2459111
6.253027,3.0084693,-3.2445577
2.2404108,1.874078,-0.3663328
3.7475793,3.7249644,-0.0226149
5.7049494,1.2628695,-4.4420799
6.633834,5.7083206,-0.9255134
4.4750533,5.777278,1.3022247
5.5891113,4.612054,-0.9770573
4.769674,3.8529148,-0.9167592
4.3585987,6.1155834,1.7569847
4.433148,5.803809,1.370661
2.4551024,6.1990705,3.7439681
3.579595,6.177722,2.598127
1.7187088,4.356428,2.6377192
3.753338,5.9348183,2.1814803
4.511464,1.8131679,-2.6982961
4.712561,6.1155834,1.4030224
6.633834,6.1155834,-0.5182506
4.438344,6.1990705,1.7607265
3.291435,6.5526805,3.2612455
4.2371154,4.883889,0.6467736
5.2807846,2.4187133,-2.8620713
5.195448,5.1194572,-0.0759908
5.8380547,2.8582244,-2.9798303
6.3601046,6.1155834,-0.2445212
5.883453,5.803809,-0.079644
4.490388,4.610543,0.120155
4.925607,5.404624,0.479017
5.7049494,1.658982,-4.0459674
4.9064274,5.02579,0.1193626
3.7478285,4.1920004,0.4441719
2.3193672,5.9818206,3.6624534
4.849754,3.0377886,-1.8119654
5.8380547,3.6398978,-2.1981569
4.2371154,1.658982,-2.5781334
1.5047227,6.1990705,4.6943478
2.8630898,5.0794287,2.2163389
4.3585987,6.1155834,1.7569847
5.09061,6.1990705,1.1084605
2.0076632,6.228681,4.2210178
1.6429392,4.759579,3.1166398
3.4661527,2.342572,-1.1235807
1.8832291,5.383777,3.5005479
4.2371154,1.658982,-2.5781334
3.7986965,5.6755657,1.8768692
4.719656,6.1155834,1.3959274
4.2056603,5.718334,1.5126737
8.156906,6.1990705,-1.9578355
5.6938014,6.1990705,0.5052691
2.804029,1.658982,-1.145047
,,662.0335943
,,0.465892748