CS-1 Eng,Jargon Eng,Monolingual Eng
18.5341332,13.68798673,27.8014691
6.05284560,13.68798673,18.83765015
6.05284560,13.68798673,13.67550808
6.05284560,13.68798673,38.37322171
9.7684148,13.68798673,9.618987603
9.7684148,13.68798673,27.8014691
20.4279665,13.68798673,10.61380131
14.03693398,13.68798673,18.83765015
13.14565768,13.68798673,14.05312281
14.34141233,13.68798673,38.37322171
14.34141233,13.68798673,16.06798099
14.34141233,13.68798673,27.8014691
14.34141233,13.68798673,5.042037543
14.34141233,13.68798673,4.390295245
14.34141233,13.68798673,18.00352107
12.47237560,13.68798673,10.61380131
8.94391847,13.68798673,14.6123836
8.94391847,13.68798673,14.2718854
8.94391847,13.68798673,5.664111532
8.94391847,13.68798673,7.540658303
8.94391847,13.68798673,27.8014691
8.94391847,13.68798673,18.83765015
11.33690920,13.68798673,13.67550808
8.58984471,13.68798673,13.08382596
17.9566632,13.68798673,14.22305058
13.54724866,13.68798673,6.893883693
16.1746082,13.68798673,6.052845601
16.1746082,13.68798673,17.89601781
16.1746082,13.68798673,13.07882462
16.1746082,13.68798673,14.53730971
16.1746082,13.68798673,15.81948954
16.1746082,13.68798673,13.91046085
16.1746082,13.68798673,13.1833221
16.1746082,13.68798673,7.811006187
16.1746082,13.68798673,22.86190143
16.1746082,13.68798673,5.445697644
16.1746082,13.68798673,7.313984769
12.42036582,13.68798673,4.390295245
12.42036582,13.68798673,23.3616013
15.5333439,13.68798673,17.70310059
13.28262676,13.68798673,15.2827246
13.28262676,13.68798673,6.027637478
20.3313755,13.68798673,13.63467105
14.6662813,17.3842014,21.27758775
14.6662813,17.3842014,6.027637478
13.67244510,17.3842014,14.22305058
16.3105747,18.2410044,7.721676624
12.78268378,18.2410044,6.893883693
12.78268378,18.2410044,4.390295245
12.78268378,18.2410044,12.83923575
12.78268378,18.2410044,13.91046085
12.78268378,18.2410044,6.027637478
12.78268378,18.2410044,4.390295245
12.78268378,18.2410044,27.8014691
12.78268378,18.2410044,13.1944606
12.78268378,18.2410044,16.94824815
12.78268378,18.2410044,4.390295245
12.78268378,18.2410044,10.634613
12.78268378,18.2410044,16.80933793
12.78268378,18.2410044,5.042037543
12.78268378,18.2410044,17.89601781
12.78268378,18.2410044,5.445697644
12.78268378,18.2410044,12.45246621
12.78268378,18.2410044,9.723464137
12.78268378,18.2410044,23.02459728
14.39314159,18.2410044,7.540658303
14.39314159,18.2410044,9.603907803
14.39314159,18.2410044,17.35714389
14.39314159,18.2410044,4.390295245
14.39314159,18.2410044,12.79336471
10.98088336,18.2410044,15.10700536
18.6946560,18.2410044,14.55189546
17.5656137,18.2410044,5.664111532
17.8237059,18.2410044,4.390295245
14.41577262,18.2410044,10.18339374
14.41577262,18.2410044,13.91046085
14.41577262,18.2410044,5.445697644
14.41577262,18.2410044,13.43225163
14.41577262,18.2410044,4.390295245
19.4983484,18.2410044,19.0114
17.0131618,18.2410044,6.052845601
17.0131618,18.2410044,18.23571268
17.0131618,18.2410044,13.21874057
17.0131618,18.2410044,13.71417117
17.0131618,18.2410044,15.2435697
17.0131618,18.2410044,4.390295245
17.0131618,18.2410044,13.58587458
17.0131618,18.2410044,5.042037543
15.977611,18.2410044,21.12144345
16.7143143,18.2410044,11.46280033
16.7143143,18.2410044,4.390295245
16.7143143,18.2410044,11.84986672
16.7143143,18.2410044,27.04174489
16.7143143,18.2410044,12.15704311
16.7143143,18.2410044,9.38594471
16.7143143,18.2410044,14.60704831
26.0225587,18.2410044,14.34656758
26.0225587,18.2410044,12.58818551
26.0225587,18.2410044,14.03558511
26.0225587,18.2410044,5.445697644
17.4651707,18.2410044,8.07822002
18.5270029,18.2410044,19.18972929
15.9701736,18.2410044,11.27207569
15.9701736,18.2410044,4.390295245
15.9701736,18.2410044,16.17310166
15.9701736,18.2410044,13.71417117
15.9701736,18.2410044,18.22721122
15.9701736,17.3410018,4.390295245
15.9701736,17.3410018,13.91046085
15.9701736,17.3410018,12.39385223
15.9701736,17.3410018,12.320501
15.9701736,17.3410018,6.027637478
15.9701736,17.3410018,19.01218822
15.9701736,17.3410018,14.57051218
15.9701736,17.3410018,10.36697938
15.9701736,17.3410018,6.052845601
15.9701736,11.97831148,11.56813559
15.9701736,11.97831148,13.93988326
15.9701736,11.97831148,5.042037543
15.9701736,11.97831148,4.390295245
15.9701736,11.97831148,10.70569205
15.9701736,11.97831148,12.1331653
15.9701736,11.97831148,7.806791537
15.9701736,11.97831148,27.8014691
15.9701736,11.97831148,18.83765015
15.9701736,11.97831148,12.5747355
18.5151967,11.97831148,11.27052144
18.5151967,11.97831148,7.721676624
16.2599669,11.97831148,15.5848658
16.2599669,11.97831148,4.390295245
14.4393463,11.97831148,13.42403187
19.8322235,11.97831148,13.92562431
19.6625666,11.97831148,5.042037543
14.6007689,11.97831148,4.390295245
14.6007689,11.97831148,13.1944606
14.6007689,11.97831148,7.721676624
14.6007689,11.97831148,10.03567117
14.6007689,11.97831148,18.07297306
14.6007689,11.97831148,14.569374
14.6007689,11.97831148,16.84372158
17.8024090,11.97831148,9.98958982
17.8024090,11.97831148,7.540658303
19.803793,11.97831148,12.308936
13.88938342,11.97831148,4.390295245
13.88938342,11.97831148,13.91046085
14.09263450,11.97831148,9.341084884
14.09263450,11.97831148,19.11077125
14.09263450,11.97831148,7.313984769
13.53578073,11.97831148,13.1944606
13.53578073,11.97831148,18.41673211
15.2745342,11.97831148,12.83250549
18.3278486,11.97831148,16.9310036
13.15367605,11.97831148,38.37322171
13.15367605,11.97831148,5.445697644
13.15367605,11.97831148,16.7621699
13.15367605,11.97831148,24.28484752
13.15367605,11.97831148,28.87337582
13.15367605,11.97831148,11.01020355
18.7041342,11.97831148,13.47537801
15.6623791,11.97831148,8.19824374
15.6623791,11.97831148,13.83790403
15.6623791,11.97831148,16.34565852
15.6623791,11.97831148,12.28999014
15.6623791,11.97831148,7.552156071
15.6623791,11.97831148,27.8014691
15.6623791,11.97831148,18.83765015
15.6623791,11.97831148,12.5747355
15.6623791,11.97831148,14.90305116
15.6623791,11.97831148,22.74127734
15.6623791,11.97831148,21.96919448
15.6623791,11.97831148,6.052845601
15.6623791,11.97831148,11.56813559
15.6623791,11.97831148,14.20533557
15.6623791,11.97831148,5.042037543
15.6623791,11.97831148,14.56323108
23.5924770,11.97831148,16.07736927
15.916197,11.97831148,4.390295245
15.916197,11.97831148,16.41564598
15.916197,11.97831148,4.390295245
15.916197,11.97831148,13.91046085
12.66408016,11.97831148,14.21783236
12.66408016,11.97831148,15.14290949
12.66408016,11.97831148,7.42352691
16.2539322,11.97831148,16.87834122
9.19392683,11.97831148,7.811006187
13.55736723,11.97831148,9.68808434
13.55736723,11.97831148,7.721676624
13.55736723,11.97831148,13.36651474
13.55736723,11.97831148,7.552156071
11.39416775,11.97831148,13.5685758
14.693356,11.97831148,14.26325806
13.50866568,11.97831148,6.027637478
15.3295459,11.97831148,14.22305058
15.3295459,11.97831148,5.445697644
15.3295459,11.97831148,7.42352691
13.61933643,11.97831148,16.99942142
14.21596522,11.97831148,7.811006187
14.21596522,11.97831148,11.01020355
14.21596522,11.97831148,14.05312281
14.21596522,11.97831148,5.445697644
14.21596522,11.97831148,13.9516168
13.86912061,11.97831148,15.6555403
14.5295244,11.97831148,10.56874137
14.20270414,11.97831148,14.7617674
14.6615674,11.97831148,7.721676624
14.6615674,11.97831148,12.81620706
14.6615674,11.97831148,22.45524366
14.6615674,11.97831148,13.78278582
14.6615674,11.97831148,12.28999014
14.6615674,11.97831148,7.552156071
14.6615674,11.97831148,8.58984471
14.6615674,11.97831148,15.75761676
14.6615674,11.97831148,14.71526199
14.6615674,11.97831148,6.027637478
14.6615674,11.97831148,13.82547491
14.6615674,11.97831148,5.042037543
14.6615674,11.97831148,6.949995802
14.6615674,11.97831148,11.42980621
14.6615674,11.97831148,7.721676624
14.6615674,11.97831148,7.42352691
14.6615674,11.97831148,10.03567117
14.6615674,11.97831148,15.75091044
14.6615674,11.97831148,9.684549942
16.3962000,11.97831148,21.8515446
12.70648702,11.97831148,5.445697644
17.1553711,14.14274142,8.58984471
17.1553711,20.1102872,13.14040086
15.4371448,20.1102872,15.81948954
15.4371448,20.1102872,17.8456932
14.4423906,20.1102872,13.1944606
14.4423906,20.1102872,12.80420542
17.4732549,20.1102872,5.664111532
14.03073016,20.1102872,12.56421503
14.03073016,20.1102872,14.26325806
13.10267472,20.1102872,5.042037543
13.10267472,13.4617808,27.8014691
13.10267472,13.4617808,18.83765015
13.10267472,13.4617808,12.5747355
12.6027590,13.4617808,27.8014691
20.4336884,13.4617808,18.83765015
16.4629373,13.4617808,13.67550808
14.41252337,13.4617808,7.42352691
14.4578366,13.4617808,7.685536849
14.4578366,13.4617808,17.36808515
14.4578366,16.2248575,8.812798752
14.4578366,16.2248575,6.052845601
14.4578366,16.2248575,16.61229106
14.4578366,16.2248575,15.19249955
14.4578366,16.2248575,16.89913754
14.4578366,16.2248575,7.552156071
18.8272128,16.2248575,4.390295245
14.0312580,16.2248575,13.91046085
14.0312580,16.2248575,15.75761676
14.0312580,16.2248575,14.71526199
14.0312580,16.2248575,7.42352691
14.0312580,16.2248575,15.2827246
14.0312580,16.2248575,6.027637478
15.8012414,16.2248575,21.83894922
18.9983224,16.2248575,9.33154806
14.5754808,16.2248575,12.82583017
14.6798934,16.2248575,5.664111532
11.97387711,16.2248575,4.390295245
13.47552995,16.2248575,17.56525525
13.47552995,16.2248575,7.552156071
16.8096167,16.2248575,4.390295245
16.8096167,16.2248575,12.320501
16.8096167,16.2248575,5.042037543
16.8096167,16.2248575,27.8014691
16.8096167,16.2248575,19.32461244
16.8096167,16.2248575,14.88731958
15.7341566,16.2248575,7.313984769
15.7341566,16.2248575,4.390295245
15.7341566,16.2248575,23.3616013
13.2511870,16.2248575,10.97377679
19.8882690,16.2248575,23.02459728
19.8882690,16.2248575,7.540658303
19.8882690,16.2248575,7.552156071
15.7660953,16.2248575,13.83790403
15.7660953,16.2248575,18.83765015
16.0948421,16.2248575,15.31431883
16.0948421,16.2248575,27.8014691
19.8953053,16.2248575,18.83765015
16.0192476,16.2248575,13.67550808
16.0192476,16.2248575,6.893883693
16.0192476,16.2248575,6.052845601
16.0192476,16.2248575,17.89601781
16.0192476,16.2248575,13.07882462
16.0192476,16.2248575,14.53730971
20.6343971,16.2248575,13.91046085
20.6343971,16.2248575,10.59777076
20.6343971,16.2248575,15.63239121
20.6343971,16.2248575,11.31148729
20.6343971,16.2248575,12.165677
20.6343971,16.2248575,5.042037543
20.6343971,16.2248575,6.052845601
20.6343971,16.2248575,13.21874057
14.04037492,16.2248575,13.71417117
16.9408439,16.2248575,5.445697644
14.20683440,16.2248575,11.31148729
14.20683440,16.2248575,11.08155127
18.2046096,16.2248575,6.027637478
12.80420541,16.2248575,16.7115832
19.2926827,16.2248575,11.27207569
13.5264567,16.2248575,13.96135531
13.5264567,16.2248575,13.45135681
13.23890954,18.2624631,14.22166834
14.36681781,18.2624631,8.07822002
14.36802936,18.2624631,12.19056115
17.500394,18.2624631,10.54306047
13.31213931,18.2624631,16.73182391
13.31213931,18.2624631,12.21701061
13.31213931,18.2624631,10.3102097
13.31213931,18.2624631,17.1023561
11.868854,18.2624631,7.552156071
11.868854,18.2624631,17.29248224
11.868854,18.2624631,12.83250549
11.868854,18.2624631,17.10831128
11.868854,18.2624631,7.552156071
11.868854,18.2624631,14.47344384
11.868854,15.7283804,14.13209231
11.868854,15.7283804,15.77022887
11.868854,15.7283804,10.54306047
16.6122910,15.7283804,17.87331161
16.6122910,15.7283804,13.7822488
14.7281345,15.7283804,17.91693047
15.5988261,15.7283804,5.445697644
15.5988261,15.7283804,15.77022887
15.5988261,15.7283804,10.54306047
14.04268479,15.7283804,22.42412455
12.62457593,15.7283804,13.44503065
13.44789084,15.7283804,4.390295245
13.44789084,15.7283804,15.6542965
13.44789084,15.7283804,18.32007271
13.44789084,15.7283804,10.54306047
17.4561141,15.7283804,6.052845601
17.4561141,15.7283804,13.1944606
25.6135415,15.7283804,5.042037543
19.9678475,15.7283804,14.90381179
16.2449917,15.7283804,16.7115832
16.2449917,15.7283804,14.7593247
16.2449917,15.7283804,18.8044955
13.69567722,15.7283804,7.540658303
13.69567722,15.7283804,15.99316948
13.69567722,15.7283804,6.949995802
13.69567722,15.7283804,9.193926828
13.69567722,15.7283804,7.705808725
13.69567722,15.7283804,15.4989917
13.69567722,15.7283804,18.18505064
13.69567722,13.83189817,10.54306047
13.69567722,13.83189817,5.445697644
13.69567722,13.83189817,21.60275138
13.69567722,13.83189817,7.540658303
13.69567722,13.83189817,8.910319748
13.69567722,13.83189817,8.07822002
13.69567722,13.83189817,18.8044955
13.69567722,13.83189817,4.390295245
13.69567722,13.83189817,15.09131008
20.2132124,16.8068647,5.664111532
12.35123071,16.8068647,10.75182831
12.35123071,16.8068647,12.79336471
12.35123071,16.8068647,14.44049827
12.35123071,16.8068647,7.806791537
12.35123071,16.8068647,4.390295245
12.35123071,16.8068647,14.87571641
12.35123071,16.8068647,15.74568204
12.35123071,16.8068647,15.28725723
12.35123071,16.8068647,7.806791537
12.35123071,16.8068647,8.58984471
12.35123071,16.8068647,12.43075412
12.35123071,16.8068647,15.6542965
12.35123071,16.8068647,13.21007923
12.35123071,16.8068647,9.637870058
12.35123071,16.8068647,8.931412728
12.35123071,17.4004684,15.15501842
12.98794995,17.4004684,6.893883693
12.26703228,17.4004684,14.35700018
12.26703228,17.4004684,4.390295245
12.26703228,17.4004684,9.577102832
12.26703228,17.4004684,6.893883693
12.26703228,,16.73052038
12.26703228,,11.47062199
12.26703228,,5.664111532
12.26703228,,4.390295245
12.26703228,,15.6542965
12.26703228,,13.08382596
12.26703228,,16.7115832
12.26703228,,4.390295245
12.26703228,,15.6542965
12.26703228,,14.47344384
12.26703228,,12.91484836
12.26703228,,6.027637478
12.26703228,,6.052845601
12.26703228,,14.53802692
12.26703228,,10.59777076
13.83189817,,14.007744
13.83189817,,9.193926828
13.83189817,,7.705808725
13.83189817,,19.63941525
13.83189817,,5.445697644
13.83189817,,12.83250549
16.4135716,,13.0809459
15.594340,,13.98864471
15.594340,,16.79801995
15.594340,,4.390295245
15.7132828,,13.21922193
14.6282892,,12.79336471
13.94670766,,16.7115832
13.94670766,,8.07822002
20.1423146,,12.83250549
14.8408182,,12.90895916
14.8408182,,15.8718697
10.86502675,,16.7115832
15.8855291,,15.43985521
15.8855291,,5.664111532
20.599567,,11.51842315
20.599567,,17.95775535
17.7509857,,12.53271926
11.97032025,,10.56874137
11.97032025,,4.390295245
16.0185150,,13.91046085
16.0185150,,16.03922183
18.5160091,,13.80024428
18.5160091,,17.07041212
18.5160091,,8.07822002
18.5160091,,18.8044955
18.5160091,,9.905834389
12.20208583,,5.042037543
12.20208583,,9.58872679
12.20208583,,12.06045165
12.20208583,,6.052845601
13.88217454,,12.88511416
13.88217454,,14.19371067
12.78819637,,9.676060538
12.78819637,,10.58657974
8.44906670,,11.13191697
18.5510073,,6.027637478
18.7106229,,4.390295245
18.7106229,,12.91484836
18.7106229,,5.042037543
18.7106229,,4.390295245
18.7106229,,13.91046085
18.7106229,,9.671584047
18.7106229,,8.07822002
18.7106229,,10.03567117
18.7106229,,12.04002984
18.7106229,,16.8995655
18.7106229,,13.47072542
18.7106229,,13.1675856
18.7106229,,5.664111532
17.1663809,,4.390295245
17.2149677,,13.91046085
17.2149677,,9.980876945
11.49597063,,13.21922193
11.49597063,,19.58762876
11.49597063,,12.79502629
16.8670958,,8.910319748
19.5883026,,11.31148729
15.0547614,,6.052845601
10.88840291,,10.43253562
17.8664367,,14.81588633
16.5597944,,13.07882462
11.70735467,,4.390295245
6.02763747,,13.91046085
6.02763747,,14.01452719
12.43075412,,11.42536724
18.2453483,,4.390295245
18.2453483,,11.42536724
19.9719256,,6.893883693
19.1200297,,13.24489826
15.9796864,,10.36697938
15.9796864,,13.4249301
15.9796864,,8.19824374
15.9796864,,18.83765015
15.9796864,,11.46280033
15.8389841,,16.7115832
15.8389841,,15.63239121
17.7907747,,15.01569494
28.6436010,,10.75182831
10.98802249,,13.71417117
12.59094233,,12.48484608
13.63603962,,6.052845601
17.4687415,,13.09147177
14.32457228,,10.96301116
11.58918812,,14.84453464
11.96610492,,5.042037543
17.5842350,,4.390295245
14.6390934,,18.00352107
17.7986218,,14.87571641
21.2154801,,12.00642619
18.9832270,,6.052845601
18.9832270,,12.83250549
18.9832270,,6.893883693
18.9832270,,14.35700018
15.3864596,,4.390295245
13.50814145,,15.6542965
11.99778527,,15.24847404
15.2591887,,4.390295245
15.2591887,,12.83250549
13.46859025,,11.86489179
13.46859025,,4.390295245
12.90410770,,18.00352107
12.78389436,,6.027637478
12.78389436,,12.83923575
12.78389436,,12.08291054
12.78389436,,6.052845601
12.78389436,,12.83250549
12.78389436,,9.193926828
12.78389436,,9.850304881
12.78389436,,12.80281294
12.78389436,,12.00642619
12.78389436,,11.89735286
12.78389436,,12.79110078
12.78389436,,8.812798752
12.78389436,,14.47344384
12.78389436,,9.193926828
12.78389436,,7.705808725
12.78389436,,14.69331074
12.78389436,,14.569374
12.78389436,,14.85458933
12.78389436,,8.225715099
17.2938593,,4.390295245
17.2938593,,14.95113537
17.2938593,,5.042037543
14.4404983,,9.577102832
12.56421502,,14.47344384
18.1665781,,14.85458933
13.40111933,,10.75182831
13.21922193,,12.83250549
13.21922193,,9.290356629
13.21922193,,6.052845601
38.3732217,,12.62457593
38.3732217,,5.445697644
18.5165485,,13.39042832
18.5165485,,5.042037543
13.37176193,,13.13596933
13.37176193,,13.50814145
13.37176193,,7.811006187
14.8794247,,8.92457591
14.8794247,,12.32506886
14.8794247,,17.00617976
14.8794247,,9.830465744
14.8794247,,5.664111532
13.93712910,,14.25272246
13.93712910,,14.47344384
13.93712910,,9.193926828
13.93712910,,7.705808725
13.93712910,,14.82544908
13.93712910,,5.664111532
13.93712910,,6.052845601
9.87059452,,12.61865367
15.3852962,,14.74095332
12.69201955,,11.46280033
12.69201955,,23.02459728
18.2053357,,14.47344384
14.4435560,,9.312324061
14.17825908,,12.66408017
14.17825908,,9.73564624
14.17825908,,9.757370626
21.024934,,11.96143255
18.1740347,,15.03296708
14.9068051,,5.664111532
15.0121498,,9.58872679
15.0121498,,9.98958982
13.22345467,,7.540658303
15.6670888,,8.92457591
18.3528521,,12.9734122
17.6534261,,13.10680877
17.6534261,,18.80109144
13.06064401,,13.58685361
17.7883583,,12.56421503
17.7883583,,8.049698672
15.4601457,,10.77764686
12.37649864,,16.64517708
12.37649864,,9.73564624
12.37649864,,7.811006187
13.77812435,,13.96135531
13.77812435,,15.35304101
13.77812435,,10.75182831
13.77812435,,12.83250549
13.77812435,,9.290356629
13.77812435,,12.90895916
13.30142255,,17.55440707
13.30142255,,14.44267718
13.95517997,,14.65795962
13.95517997,,5.664111532
13.95517997,,10.75182831
13.95517997,,12.83250549
13.95517997,,8.910319748
13.95517997,,8.07822002
13.95517997,,14.22105712
9.6838042,,9.684549942
14.31921871,,12.85458137
16.8432903,,13.58667348
12.57583867,,8.425510321
15.3567651,,8.07822002
15.3567651,,17.62433769
17.6239873,,14.44267718
14.9276009,,6.949995802
14.9276009,,13.66301718
14.9276009,,19.32850209
14.9276009,,13.71505333
14.9276009,,13.92859344
14.9276009,,17.40491773
14.9276009,,7.811006187
14.9276009,,4.390295245
14.9276009,,12.79336471
14.9276009,,5.445697644
14.9276009,,9.193926828
14.9276009,,12.10956686
14.9276009,,12.19921254
14.9276009,,8.049698672
14.9276009,,18.83407615
14.9276009,,6.052845601
14.9276009,,12.83250549
14.9276009,,5.445697644
14.9276009,,14.01452719
14.9276009,,17.55440707
14.9276009,,8.425510321
14.9276009,,8.07822002
14.9276009,,14.58824886
14.9276009,,13.52129504
14.9276009,,4.390295245
14.9276009,,13.91046085
14.9276009,,5.445697644
14.9276009,,11.66837098
14.9276009,,15.10841791
14.9276009,,22.74928308
14.9276009,,5.664111532
14.9276009,,6.052845601
14.9276009,,12.83250549
14.9276009,,5.664111532
14.9276009,,13.59380372
14.9276009,,14.01452719
14.9276009,,17.55440707
14.9276009,,10.75182831
14.9276009,,12.83250549
14.9276009,,9.290356629
9.61898761,,6.052845601
9.61898761,,14.65795962
9.61898761,,15.99593677
9.61898761,,12.9039225
11.47062199,,6.052845601
11.47062199,,16.7549424
11.47062199,,12.53824916
13.80937039,,14.93543713
13.80937039,,12.9039225
13.80937039,,6.949995802
13.80937039,,9.193926828
13.80937039,,7.705808725
12.94855265,,10.88058326
12.94855265,,5.664111532
12.94855265,,15.89611863
12.94855265,,5.445697644
12.94855265,,15.25918871
12.94855265,,11.51842315
12.94855265,,14.44267718
12.94855265,,14.47344384
12.94855265,,10.03567117
12.94855265,,8.449066699
12.94855265,,12.73794842
12.94855265,,16.10329662
12.94855265,,6.949995802
12.94855265,,15.10841791
12.94855265,,9.58872679
12.94855265,,15.2830256
12.94855265,,21.75432007
12.94855265,,7.806791537
12.94855265,,4.390295245
14.22478578,,18.00352107
13.5501578,,18.17215074
7.80679153,,9.193926828
8.93141273,,18.371169
8.93141273,,13.27715409
8.93141273,,13.74466987
9.85030489,,5.445697644
8.04969867,,13.30142255
8.04969867,,11.86489179
15.7151881,,4.390295245
17.6463077,,18.00352107
17.0784036,,11.10095532
17.0784036,,21.25071723
17.1998178,,8.04984978
14.6630146,,12.32506886
15.8836979,,11.59264561
13.00594161,,17.00617976
13.00594161,,4.390295245
13.00594161,,12.83250549
18.9201440,,9.193926828
15.5612938,,14.95778526
15.5612938,,9.684549942
15.5612938,,8.974091589
15.5612938,,27.8014691
15.5612938,,11.55254649
16.4868370,,5.445697644
16.4868370,,11.97904988
16.4868370,,18.92790975
16.4868370,,11.27052144
16.4868370,,27.52303487
11.08155127,,9.193926828
12.70472228,,14.96464667
12.70472228,,14.569374
12.70472228,,13.96135531
12.70472228,,14.007744
12.70472228,,7.552156071
12.70472228,,8.974091589
12.70472228,,13.70954733
12.70472228,,16.1266165
12.70472228,,14.2641679
12.70472228,,8.07822002
12.70472228,,14.22105712
12.70472228,,9.684549942
12.70472228,,12.228634
12.70472228,,14.05851166
12.70472228,,18.60351459
12.70472228,,16.3417426
12.70472228,,21.94584339
12.70472228,,5.445697644
12.70472228,,18.78958799
12.70472228,,15.27569587
12.70472228,,19.24016481
12.70472228,,9.193926828
12.70472228,,15.92338466
12.70472228,,14.05851166
12.70472228,,7.811006187
12.70472228,,14.58543131
12.70472228,,8.92457591
12.70472228,,14.82544908
12.70472228,,16.1266165
12.70472228,,14.58543131
12.70472228,,12.50690553
12.70472228,,11.19826562
12.70472228,,7.685536849
13.63033081,,14.3867271
13.63033081,,14.53583776
13.63033081,,4.390295245
13.63033081,,20.29365359
18.1627382,,14.96772794
13.91564888,,11.27052144
14.8758138,,6.027637478
14.8758138,,6.052845601
14.8758138,,13.83790403
14.8758138,,12.50690553
14.8758138,,7.552156071
14.8758138,,14.95720433
14.8758138,,6.027637478
14.8758138,,14.01452719
12.08291053,,12.52161362
17.0838095,,13.10680877
17.0838095,,8.07822002
17.0838095,,16.69232698
18.3426934,,5.664111532
16.3787026,,4.390295245
15.166813,,17.95775535
15.166813,,8.425510321
13.62679703,,8.07822002
13.62679703,,15.13343048
14.7316597,,9.684549942
13.05270884,,12.228634
13.05270884,,11.51842315
18.4211559,,15.79182687
18.4211559,,14.75732788
18.4211559,,7.811006187
18.4211559,,4.390295245
14.7467536,,13.3451015
13.7309665,,17.95775535
17.7031006,,6.052845601
14.0892188,,14.72813448
14.0892188,,16.9336566
14.0892188,,8.19824374
15.7031616,,12.06447182
15.7031616,,15.31431883
17.860139,,12.77871611
15.5157257,,5.042037543
15.5157257,,17.62738328
15.5157257,,5.664111532
15.5157257,,11.51842315
15.5157257,,13.71417117
15.5157257,,13.43049348
15.5157257,,15.40146785
15.5157257,,4.390295245
15.5157257,,13.91046085
15.5157257,,13.48118003
15.5157257,,11.287892
15.5157257,,11.46280033
15.1556764,,4.390295245
15.1556764,,11.84986672
15.1556764,,27.04174489
15.1556764,,12.15704311
15.1556764,,25.85826115
19.6895486,,13.59537146
14.05402563,,17.95775535
15.9466150,,17.59460552
15.9466150,,10.03567117
13.78555034,,11.9870498
14.4920487,,7.540658303
12.81329002,,4.390295245
12.81329002,,19.0114
19.9591558,,8.07822002
19.9591558,,6.052845601
19.9591558,,18.23571268
14.6794557,,13.21874057
16.0884694,,13.71417117
14.8656533,,14.63583964
19.6746798,,5.042037543
16.573893,,17.19913905
13.36892361,,13.18163046
20.2687100,,19.82484379
14.9268184,,5.445697644
18.2528231,,13.21874057
15.8882069,,17.36602467
20.1640920,,12.28708277
13.66301719,,12.45246621
21.3305256,,13.73180175
17.7152326,,8.07822002
17.1113322,,18.82651
13.27510185,,8.19824374
14.6279357,,4.390295245
15.5227930,,14.13973412
16.0930893,,5.445697644
15.8373256,,17.717889
16.9849343,,16.87408628
12.82583017,,14.2718854
14.23487304,,5.664111532
13.91112882,,7.811006187
13.91112882,,13.48469425
15.253114,,14.30930728
15.253114,,7.811006187
15.253114,,4.390295245
15.253114,,25.85826115
15.253114,,13.21874057
15.253114,,5.664111532
15.253114,,14.60704831
15.253114,,4.390295245
15.253114,,10.30151646
15.253114,,14.66186782
15.253114,,16.7115832
15.253114,,6.949995802
15.253114,,4.390295245
15.253114,,14.10764794
15.253114,,13.59537146
15.253114,,5.445697644
15.253114,,16.86827329
15.253114,,9.312324061
15.253114,,7.685536849
15.253114,,9.707004616
15.253114,,8.910319748
15.253114,,8.07822002
15.253114,,15.13085803
15.253114,,9.830465744
15.253114,,5.664111532
15.253114,,4.390295245
15.253114,,13.85412042
15.253114,,17.86560222
15.253114,,7.811006187
15.253114,,8.92457591
15.253114,,18.03896916
15.253114,,13.3488823
15.253114,,11.66837098
15.253114,,13.45136316
15.253114,,4.390295245
12.17553020,,11.07302
12.17553020,,13.21922193
12.17553020,,14.47344384
14.6772290,,8.07822002
18.6331907,,18.17215074
14.4834308,,17.07962321
14.472632,,8.58984471
14.472632,,13.59537146
14.472632,,14.22478578
14.472632,,18.398212
21.0465904,,15.70948469
14.8781358,,5.042037543
19.4915550,,17.3502891
11.8498667,,9.38594471
13.89567822,,15.32562481
13.89567822,,5.664111532
13.89567822,,18.2621612
13.89567822,,11.56583355
13.89567822,,18.58949285
13.89567822,,27.52303487
10.44361052,,6.052845601
14.37135897,,14.04268479
11.66648056,,38.37322171
17.9680626,,13.70954733
13.68798673,,15.30771205
13.68798673,,17.12618023
13.68798673,,9.38594471
13.68798673,,16.133099
13.68798673,,16.63741409
13.68798673,,11.27207569
13.68798673,,4.390295245
13.68798673,,27.8014691
13.68798673,,9.38594471
13.68798673,,14.86567528
13.68798673,,8.974091589
13.68798673,,11.81139759
13.68798673,,5.445697644
13.68798673,,28.9532615
13.68798673,,6.052845601
13.68798673,,16.36350413
13.68798673,,24.76069873
13.68798673,,12.07326573
13.68798673,,12.36973191
13.68798673,,9.38594471
13.68798673,,6.893883693
13.68798673,,20.51277121
13.68798673,,6.052845601
13.68798673,,18.11907079
13.68798673,,5.042037543
13.68798673,,4.390295245
13.68798673,,27.8014691
13.68798673,,12.22054269
13.68798673,,7.552156071
13.68798673,,8.92457591
13.68798673,,14.3137972
13.68798673,,17.95775535
13.68798673,,12.53271926
13.68798673,,9.960171071
13.68798673,,11.07302
13.68798673,,8.07822002
13.68798673,,21.57151335
13.68798673,,5.664111532
13.68798673,,14.18465135
13.68798673,,11.27207569
13.68798673,,6.052845601
13.68798673,,16.05777884
13.68798673,,16.17310166
13.68798673,,13.71417117
13.68798673,,11.9870498
13.68798673,,7.540658303
13.68798673,,18.12147349
14.7573279,,18.22721122
14.7573279,,15.61224375
15.0044811,,5.042037543
14.9577853,,14.91765655
16.8874528,,38.37322171
16.4122847,,14.32487046
12.41250563,,7.540658303
18.4606584,,4.390295245
18.4606584,,19.0114
18.4606584,,16.87408628
18.4606584,,9.707004616
12.61865368,,7.685536849
12.61865368,,14.07218763
12.61865368,,4.390295245
13.76890184,,13.81168769
12.99734203,,20.72717637
12.99734203,,5.042037543
12.99734203,,4.390295245
12.99734203,,25.85826115
12.99734203,,13.59537146
12.99734203,,17.41907085
12.99734203,,4.390295245
11.50916116,,14.0265667
14.9532329,,5.042037543
9.48867476,,17.17816135
9.48867476,,24.1709448
11.94629925,,6.027637478
11.94629925,,11.60865803
17.0066199,,5.664111532
14.16272813,,14.1164565
14.16272813,,9.58872679
15.0503369,,7.806791537
15.0503369,,16.7115832
15.0503369,,6.949995802
15.0503369,,9.33154806
17.8237642,,13.92859344
14.02601419,,10.85727923
14.02709061,,21.12144345
18.8638585,,14.52986627
13.42403187,,12.1073879
13.42403187,,6.027637478
13.42403187,,4.390295245
11.42574029,,12.15704311
11.42574029,,11.27052144
11.42574029,,8.225715099
11.42574029,,12.12829207
11.42574029,,8.441090865
11.25273448,,13.13312462
11.25273448,,5.664111532
11.25273448,,8.92457591
13.91749836,,14.01605822
13.63648773,,9.98958982
12.25936876,,7.540658303
13.77284699,,6.052845601
13.77284699,,13.88083922
13.77284699,,20.58421669
13.77284699,,9.684549942
13.77284699,,16.17310166
13.77284699,,14.86081362
13.77284699,,9.577102832
13.77284699,,14.28302245
13.77284699,,12.59880979
19.0441699,,12.03457883
17.2534371,,12.53271926
12.9039225,,5.042037543
17.2796314,,4.390295245
17.2796314,,27.60917949
14.2053356,,10.98389554
17.066381,,15.94528002
13.44503065,,8.931412728
13.44503065,,9.98958982
13.44503065,,13.45668995
13.44503065,,13.31854664
13.44503065,,9.488674768
15.4604993,,18.63605196
4.39029524,,6.949995802
4.39029524,,8.132554817
4.39029524,,19.85997603
4.39029524,,8.04984978
15.142909,,14.08921882
16.2087312,,5.445697644
11.07302000,,16.05722198
19.0330782,,9.684549942
26.2559032,,4.390295245
26.2559032,,15.88781567
16.6751216,,5.042037543
13.96878745,,18.12147349
13.96878745,,18.22721122
5.66411153,,14.66628121
17.3445797,,5.664111532
17.3445797,,4.390295245
17.0730518,,14.53027764
15.5565395,,5.042037543
16.0184518,,38.37322171
12.96619235,,14.92794702
12.96619235,,14.0595444
15.1470178,,7.811006187
17.8201277,,8.92457591
13.81136056,,14.42447183
16.6030865,,38.37322171
15.2789041,,8.225715099
15.2789041,,4.390295245
16.8068647,,10.634613
16.8068647,,9.723464137
16.8068647,,13.47072542
9.98087694,,11.66495361
17.6665831,,25.85826115
13.69919224,,13.59537146
17.5104051,,13.74466987
17.5104051,,13.30142255
17.5104051,,5.664111532
17.5104051,,18.82864397
17.5104051,,4.390295245
17.5104051,,19.0114
17.5104051,,6.027637478
17.5104051,,11.60865803
17.5104051,,5.664111532
17.5104051,,14.59185109
17.5104051,,8.92457591
17.5104051,,10.85289487
17.5104051,,13.68767627
17.5104051,,21.0704311
17.6504467,,7.811006187
21.3713408,,11.01020355
21.3713408,,16.31382246
10.92481605,,5.445697644
20.5021226,,15.09468874
10.43253562,,5.445697644
12.4080958,,14.56160272
12.4080958,,7.552156071
12.4080958,,4.390295245
18.8580128,,13.33334301
18.8580128,,5.042037543
13.97553970,,6.052845601
16.5824589,,18.0458895
16.5824589,,11.66495361
19.3258661,,8.92457591
18.3457327,,15.88781567
14.10096071,,4.390295245
14.10096071,,27.60917949
14.10096071,,17.13609229
21.4074712,,13.30142255
21.4074712,,5.664111532
21.4074712,,12.59094234
21.4074712,,12.22598281
21.4074712,,14.84688199
21.4074712,,11.27052144
18.0128279,,8.225715099
19.4006485,,4.390295245
19.4006485,,10.634613
12.2450904,,9.723464137
11.95729071,,14.18465135
14.4643279,,5.664111532
13.80464927,,12.19921254
13.80464927,,4.390295245
17.7080966,,25.85826115
12.38245138,,12.15704311
9.33154806,,13.63757825
15.5463975,,8.441090865
17.1570911,,15.0299163
17.1570911,,11.74973132
14.3368157,,4.390295245
12.0732657,,19.0114
12.0732657,,16.7246052
12.0732657,,14.22478578
12.0732657,,18.619215
,,20.09914845
,,9.38594471
,,8.470383616
,,9.29130521
,,13.12455765
,,10.89451437
,,11.97831148
,,15.82373455
,,6.893883693
,,18.2693487
,,5.664111532
,,4.390295245
,,13.36055025
,,12.38017646
,,5.042037543
,,6.027637478
,,11.60865803
,,5.664111532
,,11.76725246
,,12.80600643
,,23.22383181
,,4.390295245
,,16.33586747
,,14.32487046
,,5.445697644
,,17.0003779
,,4.390295245
,,12.45246621
,,18.0458895
,,4.390295245
,,25.85826115
,,11.74206385
,,6.949995802
,,8.470383616
,,15.70948469
,,18.17215074
,,5.042037543
,,17.3502891
,,14.84020121
,,12.80420542
,,5.664111532
,,9.960171071
,,13.48379369
,,5.445697644
,,14.84020121
,,12.80420542
,,5.664111532
,,4.390295245
,,12.83794271
,,15.34026544
,,6.027637478
,,18.11116702
,,21.12144345
,,17.41058266
,,13.74466198
,,4.390295245
,,11.64660592
,,5.042037543
,,4.390295245
,,12.15704311
,,7.552156071
,,4.390295245
,,15.31952829
,,4.390295245
,,19.0114
,,8.07822002
,,13.77519347
,,6.052845601
,,14.5138111
,,12.40451401
,,7.540658303
,,6.052845601
,,17.95775535
,,6.027637478
,,4.390295245
,,25.85826115
,,13.59537146
,,11.98644863
,,9.676060538
,,13.80465657
,,7.540658303
,,8.58984471
,,17.2529465
,,15.34883377
,,12.65109314
,,8.441090865
,,6.893883693
,,12.50204523
,,13.5165905
,,11.61203588
,,7.540658303
,,11.84050419
,,18.90671303
,,15.54540532
,,38.37322171
,,5.445697644
,,18.12147349
,,18.22721122
,,13.30142255
,,5.664111532
,,18.371169
,,8.58984471
,,13.91265976
,,17.24030158
,,16.1266165
,,11.66495361
,,4.390295245
,,15.31952829
,,13.12455765
,,14.34656758
,,7.811006187
,,8.92457591
,,19.00859542
,,11.10095532
,,4.390295245
,,12.5625014
,,5.042037543
,,18.90671303
,,8.049698672
,,4.390295245
,,13.91434824
,,5.664111532
,,14.23893618
,,12.22598281
,,6.027637478
,,4.390295245
,,12.15704311
,,7.552156071
,,21.12144345
,,7.721676624
,,6.893883693
,,38.37322171
,,11.58918811
,,19.61118037
,,14.95876434
,,6.027637478
,,15.00235608
,,6.052845601
,,10.7523278
,,38.37322171
,,13.58587458
,,7.540658303
,,8.58984471
,,15.18512944
,,25.85826115
,,12.65109314
,,18.37248444
,,4.390295245
,,15.31952829
,,10.9880225
,,11.84050419
,,4.390295245
,,9.980876945
,,14.2582388
,,16.13398798
,,13.05065824
,,9.33154806
,,13.68771433
,,17.67755587
,,8.92457591
,,20.1565327
,,13.49463288
,,18.17215074
,,17.28313127
,,5.664111532
,,12.00642619
,,11.51167133
,,10.85727923
,,8.04984978
,,17.95775535
,,4.390295245
,,19.0114
,,14.86192074
,,20.09914845
,,5.664111532
,,13.46859026
,,11.56583355
,,5.445697644
,,8.943918466
,,10.89451437
,,8.04984978
,,13.74466987
,,7.540658303
,,14.07723759
,,6.027637478
,,12.32506886
,,10.63841902
,,15.9121495
,,17.14450869
,,5.664111532
,,13.82360347
,,9.577102832
,,9.676060538
,,12.22598281
,,4.390295245
,,27.60917949
,,19.12081267
,,38.37322171
,,5.445697644
,,17.94409288
,,4.390295245
,,16.1266165
,,10.75182831
,,13.45668995
,,10.2940467
,,13.80145345
,,8.92457591
,,13.74489833
,,13.11545814
,,6.027637478
,,11.60865803
,,5.664111532
,,13.7174597
,,8.92457591
,,13.47036431
,,17.6941489
,,12.320501
,,14.0265667
,,10.70569205
,,7.313984769
,,27.8014691
,,18.83765015
,,13.67550808
,,12.39385223
,,10.56874137
,,12.320501
,,14.40448347
,,7.806791537
,,27.8014691
,,18.83765015
,,12.5747355
,,6.027637478
,,12.06447182
,,19.01218822
,,7.552156071
,,12.26703228
,,12.320501
,,13.12581683
,,15.72975676
,,10.56874137
,,8.441090865
,,4.390295245
,,14.90305116
,,5.042037543
,,27.8014691
,,18.83765015
,,12.5747355
,,22.74127734
,,21.96919448
,,13.47537801
,,5.664111532
,,6.949995802
,,13.07882462
,,7.313984769
,,27.8014691
,,18.83765015
,,13.67550808
,,12.320501
,,10.70569205
,,11.95559257
,,14.55912062
,,8.931412728
,,11.42980621
,,10.56874137
,,4.390295245
,,14.7617674
,,5.042037543
,,27.8014691
,,18.83765015
,,12.5747355
,,4.390295245
,,13.96771015
,,11.95559257
,,6.052845601
,,12.17413974
,,8.225715099
,,11.01020355
,,4.390295245
,,13.73096648
,,13.34453111
,,7.313984769
,,4.390295245
,,13.91046085
,,5.445697644
,,9.95103919
,,8.910319748
,,12.92568361
,,5.664111532
,,9.707004616
,,12.12264146
,,7.313984769
,,4.390295245
,,13.1944606
,,10.3102097
,,9.603907803
,,17.58602456
,,27.8014691
,,18.83765015
,,13.67550808
,,7.42352691
,,13.1833221
,,7.313984769
,,23.3616013
,,17.70310059
,,8.441090865
,,7.42352691
,,12.80420542
,,5.664111532
,,4.390295245
,,14.20533557
,,15.90967614
,,5.664111532
,,18.98453799
,,4.390295245
,,16.67184332
,,13.62568461
,,7.313984769
,,27.8014691
,,18.83765015
,,12.5747355
,,5.445697644
,,8.910319748
,,8.470383616
,,7.685536849
,,11.38700808
,,9.830465744
,,7.552156071
,,4.390295245
,,15.61194136
,,12.77584245
,,6.949995802
,,9.33154806
,,16.22005102
,,6.052845601
,,10.7523278
,,14.80186322
,,7.313984769
,,4.390295245
,,23.3616013
,,10.61380131
,,14.13209231
,,6.027637478
,,8.58984471
,,14.90934043
,,7.721676624
,,7.42352691
,,14.01348957
,,6.949995802
,,4.390295245
,,12.320501
,,14.20533557
,,12.78708762
,,27.8014691
,,18.83765015
,,13.67550808
,,5.664111532
,,7.705808725
,,4.390295245
,,13.1944606
,,10.18339374
,,12.2437724
,,18.53149767
,,11.27052144
,,27.8014691
,,18.83765015
,,12.5747355
,,8.470383616
,,12.67925686
,,6.052845601
,,11.56813559
,,12.75402431
,,5.042037543
,,14.07907574
,,5.445697644
,,14.1482107
,,11.46280033
,,12.320501
,,12.80420542
,,5.664111532
,,4.390295245
,,15.83679021
,,13.30142255
,,4.390295245
,,12.83923575
,,13.91046085
,,12.51152737
,,9.58872679
,,6.052845601
,,13.91434824
,,5.664111532
,,14.82523793
,,10.82126261
,,4.390295245
,,11.94359071
,,12.96670926
,,5.042037543
,,27.8014691
,,18.83765015
,,12.5747355
,,12.80420542
,,5.664111532
,,10.77764686
,,7.806791537
,,4.390295245
,,10.634613
,,15.83679021
,,6.027637478
,,13.09997713
,,5.664111532
,,22.86190143
,,13.96771015
,,8.19824374
,,4.390295245
,,13.83790403
,,15.31431883
,,12.320501
,,10.70569205
,,7.42352691
,,10.03567117
,,16.07736927
,,7.811006187
,,4.390295245
,,13.14040086
,,17.1552717
,,7.42352691
,,12.82540108
,,25.89723502
,,28.91789448
,,11.27052144
,,4.390295245
,,16.41564598
,,7.42352691
,,12.82540108
,,7.811006187
,,23.89787
,,22.3786252
,,23.54766661
,,26.20768656
,,23.78491699
,,24.99872556
,,5.445697644
,,25.67148207
,,9.603907803
,,12.79336471
,,7.42352691
,,17.2308572
,,5.445697644
,,9.341084884
,,19.01084977
,,9.676060538
,,6.949995802
,,5.042037543
,,9.603907803
,,17.58602456
,,4.390295245
,,13.97452635
,,5.042037543
,,12.82154841
,,13.62568461
,,7.313984769
,,13.83790403
,,15.31431883
,,9.98958982
,,7.540658303
,,4.390295245
,,11.42536724
,,5.445697644
,,4.390295245
,,13.35561545
,,5.042037543
,,15.99316948
,,7.42352691
,,13.24489826
,,10.36697938
,,16.79801995
,,8.441090865
,,15.89442791
,,8.789449355
,,10.36267097
,,5.664111532
,,4.390295245
,,13.91046085
,,17.35912357
,,5.445697644
,,9.905834389
,,13.47072542
,,8.789449355
,,15.75761676
,,9.98958982
,,7.540658303
,,14.87571641
,,19.9553074
,,14.74095332
,,13.02376121
,,5.445697644
,,4.390295245
,,11.33952159
,,5.042037543
,,23.13660951
,,14.007744
,,11.89735286
,,14.74095332
,,6.052845601
,,11.08155127
,,5.042037543
,,8.441090865
,,18.94997651
,,13.27181526
,,15.00235608
,,14.65795962
,,18.6774718
,,14.4138424
,,7.313984769
,,10.75182831
,,12.83250549
,,11.94212122
,,6.027637478
,,11.60865803
,,5.664111532
,,14.82828533
,,8.441090865
,,4.390295245
,,16.3873697
,,13.47072542
,,15.96129081
,,9.684549942
,,4.390295245
,,11.84986672
,,13.91046085
,,8.789449355
,,14.00939742
,,7.540658303
,,8.910319748
,,11.95559257
,,9.830465744
,,6.052845601
,,11.56813559
,,13.93988326
,,5.042037543
,,13.7602931
,,13.00073572
,,13.10225351
,,7.313984769
,,4.390295245
,,15.89442791
,,8.910319748
,,10.03567117
,,15.9733777
,,4.390295245
,,14.19371067
,,15.95636827
,,5.445697644
,,15.33989718
,,5.042037543
,,12.88955638
,,9.488674768
,,8.910319748
,,10.02996962
,,14.6748869
,,5.664111532
,,10.7523278
,,15.63239121
,,11.27052144
,,17.31138647
,,4.390295245
,,13.88095102
,,14.53518925
,,5.042037543
,,4.390295245
,,13.1944606
,,23.02459728
,,4.390295245
,,17.41638119
,,13.10765116
,,8.789449355
,,13.69277993
,,10.82126261
,,12.06447182
,,6.027637478
,,12.320501
,,4.390295245
,,12.83250549
,,15.65272797
,,8.789449355
,,12.1331653
,,7.811006187
,,38.37322171
,,9.38594471
,,8.470383616
,,13.66670899
,,7.806791537
,,4.390295245
,,13.83790403
,,27.8014691
,,18.83765015
,,15.31431883
,,9.637870058
,,15.00235608
,,4.390295245
,,19.0114
,,17.95775535
,,38.37322171
,,7.42352691
,,15.12718296
,,7.552156071
,,4.390295245
,,10.634613
,,12.37535867
,,8.132554817
,,8.470383616
,,8.470383616
,,11.46280033
,,4.390295245
,,10.18339374
,,13.91046085
,,4.390295245
,,13.21874057
,,17.90115365
,,14.97903603
,,14.86567528
,,12.83250549
,,17.40615732
,,14.760771
,,9.479140509
,,17.95106556
,,5.664111532
,,13.81482272
,,14.65795962
,,14.47344384
,,4.390295245
,,15.6542965
,,10.02996962
,,14.80585139
,,11.27052144
,,15.69555411
,,6.052845601
,,12.33379773
,,5.042037543
,,13.96142971
,,11.66495361
,,4.390295245
,,27.8014691
,,18.83765015
,,11.27657508
,,4.390295245
,,13.21922193
,,13.50772624
,,5.042037543
,,4.390295245
,,19.0114
,,7.42352691
,,12.58818551
,,7.540658303
,,7.552156071
,,4.390295245
,,13.83790403
,,27.8014691
,,15.31431883
,,27.8014691
,,18.83765015
,,13.67550808
,,10.88058326
,,4.390295245
,,17.35912357
,,14.9839191
,,4.390295245
,,22.21672381
,,14.21783236
,,7.42352691
,,13.22919629
,,7.811006187
,,12.96759473
,,13.32881316
,,4.390295245
,,13.32881316
,,7.42352691
,,14.63583964
,,7.811006187
,,24.28484752
,,28.87337582
,,9.38594471
,,8.470383616
,,10.03567117
,,13.66670899
,,7.806791537
,,4.390295245
,,13.83790403
,,27.8014691
,,18.83765015
,,15.31431883
,,9.637870058
,,8.132554817
,,15.02592043
,,12.69407508
,,9.768414829
,,4.390295245
,,13.78555033
,,8.132554817
,,11.57200117
,,7.721676624
,,9.33154806
,,7.705808725
,,6.052845601
,,12.08527542
,,14.48494147
,,12.6936222
,,5.664111532
,,9.577102832
,,27.8014691
,,18.83765015
,,15.31431883
,,8.812798752
,,11.13191697
,,4.390295245
,,16.15990504
,,10.68080681
,,17.2308572
,,9.676060538
,,13.39963653
,,8.58984471
,,12.06447182
,,15.14290949
,,8.132554817
,,13.98409168
,,11.86489179
,,8.04984978
,,13.14040086
,,14.39433576
,,5.042037543
,,4.390295245
,,13.78555033
,,7.42352691
,,15.34049004
,,8.132554817
,,4.390295245
,,13.21922193
,,15.14290949
,,9.768414829
,,13.58893738
,,12.12829207
,,10.54306047
,,4.390295245
,,13.32881316
,,12.96759473
,,12.80420542
,,5.664111532
,,8.441090865
,,11.76742533
,,5.664111532
,,21.30631266
,,4.390295245
,,13.91046085
,,4.390295245
,,13.21922193
,,15.14290949
,,7.42352691
,,15.90256309
,,14.639366
,,12.48484608
,,16.95440761
,,10.2940467
,,28.87337582
,,14.00939742
,,13.47072542
,,9.98958982
,,7.540658303
,,4.390295245
,,17.53416404
,,5.445697644
,,17.0738862
,,10.2940467
,,15.9733777
,,4.390295245
,,15.14290949
,,12.48484608
,,6.052845601
,,21.01628837
,,10.67263973
,,23.32146048
,,16.01684
,,9.98958982
,,7.540658303
,,4.390295245
,,17.53416404
,,13.81599882
,,7.806791537
,,8.92457591
,,10.85289487
,,10.67263973
,,18.02849995
,,9.58872679
,,9.684549942
,,4.390295245
,,15.14290949
,,4.390295245
,,15.34049004
,,13.21922193
,,15.14290949
,,7.42352691
,,10.88058326
,,7.540658303
,,6.052845601
,,17.70026209
,,16.55015968
,,6.949995802
,,14.15571153
,,11.46280033
,,4.390295245
,,13.91046085
,,15.5778564
,,4.390295245
,,14.01452719
,,16.15990504
,,8.789449355
,,13.98409168
,,11.86489179
,,4.390295245
,,14.0265667
,,5.042037543
,,6.052845601
,,13.25412065
,,14.01452719
,,17.26532909
,,8.19824374
,,6.052845601
,,16.73441594
,,17.1552717
,,7.811006187
,,12.48484608
,,13.25412065
,,15.20728764
,,15.13712545
,,15.15910985
,,5.664111532
,,13.81482272
,,6.052845601
,,12.33379773
,,5.042037543
,,23.92136668
,,11.27052144
,,28.87337582
,,7.42352691
,,10.30151646
,,10.88058326
,,5.664111532
,,12.94105285
,,7.552156071
,,18.125739
,,13.32881316
,,8.132554817
,,12.50952042
,,6.949995802
,,8.132554817
,,13.10225351
,,5.664111532
,,17.15644566
,,12.9041077
,,15.13712545
,,9.98958982
,,7.540658303
,,16.95440761
,,5.445697644
,,17.53416404
,,4.390295245
,,17.53416404
,,7.42352691
,,14.15571153
,,7.811006187
,,26.17938837
,,22.8989137
,,9.38594471
,,10.03567117
,,14.96139255
,,11.98270641
,,5.042037543
,,4.390295245
,,11.96610492
,,16.25842327
,,4.390295245
,,13.91046085
,,14.21783236
,,15.14290949
,,14.59778273
,,9.757370626
,,8.549859864
,,13.60889753
,,7.313984769
,,23.2770831
,,17.62289091
,,20.87831926
,,7.42352691
,,16.87834122
,,7.811006187
,,14.05312281
,,17.05113183
,,9.68808434
,,9.603907803
,,15.14290949
,,7.42352691
,,4.390295245
,,12.534756
,,14.32487046
,,15.22369335
,,6.027637478
,,12.5586091
,,8.92457591
,,13.60889753
,,5.664111532
,,14.59185109
,,9.95103919
,,7.42352691
,,15.68741339
,,5.664111532
,,9.58872679
,,11.98644863
,,9.676060538
,,6.052845601
,,12.33379773
,,5.042037543
,,14.16395964
,,8.049698672
,,13.77700266
,,9.603907803
,,17.97171508
,,8.789449355
,,12.82540108
,,7.811006187
,,23.28534455
,,28.64700355
,,9.38594471
,,8.470383616
,,13.66670899
,,7.806791537
,,9.68808434
,,7.806791537
,,13.83790403
,,19.01523809
,,14.7617674
,,6.027637478
,,13.68783924
,,19.01218822
,,6.052845601
,,22.4974484
,,17.93936125
,,7.42352691
,,14.86958907
,,7.811006187
,,22.86190143
,,20.35801357
,,8.225715099
,,6.052845601
,,10.7523278
,,27.8014691
,,18.83765015
,,13.91046085
,,6.027637478
,,9.603907803
,,13.68783924
,,13.35187773
,,38.37322171
,,14.94050346
,,6.949995802
,,38.37322171
,,9.618987603
,,27.8014691
,,10.61380131
,,9.33154806
,,7.705808725
,,16.6608845
,,7.806791537
,,4.390295245
,,23.3616013
,,17.70310059
,,9.603907803
,,10.18339374
,,11.80981018
,,13.91689211
,,7.42352691
,,8.225715099
,,4.390295245
,,19.01218822
,,16.5975813
,,13.91046085
,,12.41250563
,,23.664515
,,10.59777076
,,6.052845601
,,20.44011316
,,7.42352691
,,10.36267097
,,12.78268377
,,7.313984769
,,17.55891541
,,5.445697644
,,20.8284836
,,11.46280033
,,4.390295245
,,16.79275565
,,12.79336471
,,14.31495519
,,8.789449355
,,13.12455765
,,18.340845
,,9.488674768
,,7.540658303
,,7.685536849
,,5.664111532
,,17.76297363
,,11.18996178
,,10.68080681
,,7.313984769
,,13.58667348
,,15.63239121
,,12.28999014
,,7.552156071
,,9.905834389
,,5.042037543
,,9.603907803
,,13.78278582
,,11.25273448
,,10.77764686
,,6.027637478
,,16.53292399
,,8.225715099
,,4.390295245
,,9.723464137
,,5.042037543
,,9.603907803
,,15.46598718
,,5.664111532
,,15.46468909
,,4.390295245
,,13.91046085
,,5.445697644
,,14.4593906
,,4.390295245
,,12.79336471
,,13.90311336
,,9.684549942
,,4.390295245
,,13.91046085
,,13.48379369
,,8.58984471
,,19.69797101
,,16.41059959
,,15.09315598
,,14.59408751
,,12.82540108
,,7.811006187
,,22.3786252
,,12.39385223
,,14.7617674
,,6.027637478
,,13.63467105
,,21.27758775
,,4.390295245
,,13.91046085
,,7.42352691
,,15.2827246
,,13.63467105
,,13.2674186
,,21.27758775
,,11.46280033
,,8.58984471
,,14.90934043
,,4.390295245
,,12.320501
,,14.20533557
,,9.99652716
,,6.949995802
,,4.390295245
,,13.91046085
,,8.470383616
,,4.390295245
,,13.99267068
,,7.313984769
,,22.45524366
,,13.78278582
,,20.99137463
,,8.812798752
,,6.949995802
,,9.618987603
,,14.1353147
,,8.789449355
,,20.85952495
,,14.569374
,,20.99137463
,,15.99316948
,,18.21822318
,,13.80024428
,,16.7115832
,,5.445697644
,,27.04791625
,,14.47344384
,,8.789449355
,,15.2827246
,,10.56044764
,,13.94125987
,,5.445697644
,,13.37016868
,,21.27758775
,,8.58984471
,,15.75761676
,,14.71526199
,,5.042037543
,,4.390295245
,,13.91046085
,,27.8014691
,,18.83765015
,,13.67550808
,,14.92419514
,,14.71526199
,,15.2827246
,,7.806791537
,,13.82547491
,,13.1135265
,,21.27758775
,,18.86005316
,,5.445697644
,,14.16272812
,,8.225715099
,,6.052845601
,,12.89545693
,,13.22387341
,,9.676060538
,,4.390295245
,,13.14040086
,,14.92419514
,,14.71526199
,,13.91046085
,,7.552156071
,,13.58893738
,,13.80024428
,,17.07041212
,,11.07302
,,10.7523278
,,11.07302
,,14.37784866
,,7.811006187
,,13.96771015
,,8.19824374
,,4.390295245
,,13.91046085
,,20.99137463
,,5.445697644
,,8.931412728
,,10.36267097
,,12.78268377
,,7.540658303
,,6.052845601
,,15.0206246
,,11.60865803
,,17.80240893
,,10.65502736
,,9.38594471
,,10.03567117
,,14.94086409
,,4.390295245
,,13.14040086
,,13.91046085
,,10.02996962
,,14.36869724
,,8.92457591
,,14.1558133
,,12.23337035
,,10.56044764
,,16.1881978
,,15.61565143
,,9.603907803
,,9.980876945
,,17.35714389
,,27.8014691
,,18.83765015
,,13.67550808
,,7.42352691
,,7.685536849
,,15.2827246
,,6.027637478
,,4.390295245
,,13.23882559
,,13.06972281
,,5.664111532
,,22.86190143
,,8.441090865
,,7.42352691
,,12.80420542
,,5.664111532
,,12.99753351
,,14.26325806
,,5.042037543
,,27.8014691
,,18.83765015
,,12.5747355
,,5.445697644
,,4.390295245
,,11.74206385
,,20.57896451
,,5.042037543
,,4.390295245
,,21.41606298
,,6.027637478
,,4.390295245
,,13.23882559
,,8.58984471
,,18.8311005
,,16.61229106
,,15.19249955
,,16.8605849
,,12.39385223
,,12.320501
,,6.027637478
,,13.94125987
,,21.17350145
,,15.63239121
,,7.552156071
,,6.052845601
,,14.50242271
,,5.042037543
,,27.8014691
,,18.83765015
,,13.67550808
,,10.02996962
,,18.78282471
,,5.445697644
,,14.19089382
,,4.390295245
,,16.8605849
,,8.425510321
,,15.61819846
,,4.390295245
,,13.91046085
,,13.44503065
,,9.684549942
,,12.45547615
,,16.89913754
,,7.552156071
,,4.390295245
,,14.92419514
,,14.71526199
,,4.390295245
,,16.8605849
,,7.42352691
,,15.2827246
,,6.027637478
,,13.63467105
,,21.83894922
,,16.12501442
,,7.806791537
,,9.603907803
,,10.96944799
,,5.042037543
,,14.7617674
,,6.027637478
,,14.22305058
,,27.8014691
,,18.83765015
,,13.67550808
,,18.06522382
,,11.01020355
,,15.83679021
,,15.76935091
,,5.445697644
,,16.96362878
,,15.83679021
,,14.26325806
,,16.83199887
,,7.811006187
,,12.06447182
,,13.94125987
,,4.390295245
,,13.91046085
,,14.16272812
,,15.09088
,,19.67722206
,,14.007744
,,13.22044236
,,6.027637478
,,11.84986672
,,14.96373573
,,5.664111532
,,4.390295245
,,11.58918811
,,12.79336471
,,7.313984769
,,4.390295245
,,23.85290996
,,7.811006187
,,4.390295245
,,11.64660592
,,5.042037543
,,4.390295245
,,11.42980621
,,4.390295245
,,13.91046085
,,8.470383616
,,14.16272812
,,10.9880225
,,10.36697938
,,15.63855529
,,14.72985551
,,14.007744
,,38.37322171
,,15.13281889
,,4.390295245
,,12.79336471
,,5.445697644
,,8.789449355
,,13.20108354
,,15.15542194
,,7.552156071
,,4.390295245
,,15.89442791
,,5.664111532
,,23.02459728
,,14.05312281
,,19.18568599
,,13.76890184
,,13.91046085
,,14.35344657
,,17.35286973
,,14.760771
,,17.77369382
,,16.81126818
,,9.603907803
,,18.29224158
,,5.445697644
,,13.47072542
,,19.30487901
,,8.19824374
,,13.83790403
,,15.31431883
,,7.42352691
,,12.97242193
,,13.5685758
,,9.768414829
,,9.603907803
,,12.79336471
,,5.445697644
,,14.47344384
,,5.445697644
,,11.13191697
,,9.603907803
,,23.02459728
,,17.48669231
,,14.760771
,,11.47062199
,,14.95053684
,,14.19371067
,,18.41934215
,,14.26521515
,,28.3661944
,,6.027637478
,,6.052845601
,,12.88955638
,,13.07011564
,,14.23906028
,,12.53824916
,,7.806791537
,,4.390295245
,,13.91046085
,,24.35920124
,,20.44011316
,,12.50952042
,,6.949995802
,,27.8014691
,,18.83765015
,,13.67550808
,,13.00330143
,,6.052845601
,,15.63463255
,,13.36098021
,,5.042037543
,,17.1477718
,,7.313984769
,,4.390295245
,,27.8014691
,,18.83765015
,,13.1944606
,,8.132554817
,,16.99942142
,,9.603907803
,,23.02459728
,,14.760771
,,18.42017342
,,15.41462634
,,5.664111532
,,14.3758178
,,9.98958982
,,7.540658303
,,12.73794842
,,16.10329662
,,5.445697644
,,16.55792754
,,13.73690631
,,9.603907803
,,14.95778526
,,6.027637478
,,12.79336471
,,5.664111532
,,6.052845601
,,14.48494147
,,12.6936222
,,5.664111532
,,4.390295245
,,10.18339374
,,13.91046085
,,23.3616013
,,14.25598771
,,15.53569079
,,16.9383843
,,16.99942142
,,4.390295245
,,12.79336471
,,19.79239638
,,5.042037543
,,21.12144345
,,13.58679961
,,13.83982335
,,12.99385676
,,13.66082355
,,5.445697644
,,10.30151646
,,13.10680877
,,9.768414829
,,9.603907803
,,23.02459728
,,16.55792754
,,16.81126818
,,4.390295245
,,13.18912947
,,7.313984769
,,11.01020355
,,9.603907803
,,13.00282151
,,13.37587108
,,5.445697644
,,4.390295245
,,23.83291202
,,5.664111532
,,14.11099328
,,5.445697644
,,13.78278582
,,9.603907803
,,8.931412728
,,12.83794271
,,14.94330027
,,8.789449355
,,14.569374
,,14.19371067
,,18.41934215
,,11.96143255
,,6.949995802
,,8.470383616
,,14.36319752
,,4.390295245
,,13.83790403
,,15.31431883
,,17.92899844
,,21.82686981
,,5.042037543
,,19.18568599
,,17.93936125
,,23.3616013
,,17.41619904
,,16.99942142
,,4.390295245
,,13.09997713
,,5.042037543
,,13.3298199
,,14.90381179
,,13.47072542
,,5.445697644
,,15.89442791
,,8.049698672
,,15.3053177
,,5.042037543
,,16.67184332
,,8.19824374
,,27.8014691
,,18.83765015
,,12.5747355
,,6.027637478
,,13.09997713
,,5.664111532
,,18.70535307
,,4.390295245
,,15.47378752
,,23.02459728
,,13.66082355
,,5.042037543
,,13.83790403
,,15.31431883
,,8.132554817
,,10.03567117
,,16.55792754
,,13.73690631
,,4.390295245
,,12.79336471
,,13.69847196
,,14.48494147
,,13.10680877
,,17.00458258
,,6.027637478
,,4.390295245
,,14.23487303
,,8.789449355
,,19.30487901
,,13.47072542
,,17.03166543
,,29.15163458
,,6.949995802
,,12.60708819
,,5.664111532
,,13.06736553
,,8.943918466
,,14.47344384
,,6.027637478
,,6.052845601
,,14.03249815
,,7.313984769
,,9.618987603
,,10.86502675
,,12.534756
,,18.29224158
,,13.60786008
,,5.445697644
,,15.75981599
,,12.63560765
,,7.552156071
,,4.390295245
,,13.91046085
,,17.80554131
,,6.027637478
,,6.052845601
,,19.17746264
,,5.042037543
,,4.390295245
,,23.664515
,,20.44011316
,,17.10637685
,,20.46375634
,,5.042037543
,,23.24281202
,,7.42352691
,,11.56931428
,,15.5280979
,,7.540658303
,,5.664111532
,,10.59777076
,,4.390295245
,,13.91046085
,,9.33154806
,,11.37094791
,,10.56874137
,,17.17370333
,,4.390295245
,,20.44011316
,,12.28999014
,,7.552156071
,,16.68838621
,,4.390295245
,,14.9819064
,,20.78477057
,,10.36697938
,,27.8014691
,,18.83765015
,,12.5747355
,,29.91379009
,,13.85164667
,,26.29107266
,,7.42352691
,,13.75937437
,,13.5685758
,,9.768414829
,,4.390295245
,,13.91046085
,,17.71968997
,,6.893883693
,,12.79336471
,,7.540658303
,,6.052845601
,,12.82583017
,,5.664111532
,,11.55254649
,,10.56874137
,,27.8014691
,,18.83765015
,,12.5747355
,,5.445697644
,,9.603907803
,,23.02459728
,,10.77764686
,,4.390295245
,,11.94359071
,,6.027637478
,,4.390295245
,,13.1944606
,,8.04984978
,,13.21922193
,,17.4415875
,,8.789449355
,,9.603907803
,,13.15061804
,,5.445697644
,,23.02459728
,,16.53660229
,,12.28999014
,,7.552156071
,,16.26600974
,,16.25864343
,,6.949995802
,,7.721676624
,,9.33154806
,,7.685536849
,,7.705808725
,,17.36808515
,,17.03576858
,,18.17215074
,,5.445697644
,,28.9532615
,,8.789449355
,,17.38876709
,,6.027637478
,,4.390295245
,,21.67681106
,,23.61161854
,,19.49328852
,,13.78555033
,,13.39133342
,,15.29977489
,,15.45083184
,,4.390295245
,,27.8014691
,,13.1944606
,,9.33154806
,,12.82583017
,,5.664111532
,,4.390295245
,,13.1944606
,,5.664111532
,,13.90874401
,,27.8014691
,,19.32461244
,,14.88731958
,,7.552156071
,,21.96919448
,,15.47378752
,,7.540658303
,,14.90305116
,,19.32461244
,,14.88731958
,,6.893883693
,,6.052845601
,,13.07882462
,,14.53730971
,,15.81948954
,,13.91046085
,,7.313984769
,,4.390295245
,,23.3616013
,,10.97377679
,,6.949995802
,,12.9569963
,,4.390295245
,,13.12581683
,,5.042037543
,,6.052845601
,,10.7523278
,,13.1944606
,,11.66495361
,,4.390295245
,,27.8014691
,,17.56525525
,,18.28869746
,,27.8014691
,,18.83765015
,,10.61380131
,,7.42352691
,,15.75091044
,,9.684549942
,,6.052845601
,,9.980876945
,,16.48439301
,,13.14040086
,,15.81948954
,,17.8456932
,,13.1944606
,,6.027637478
,,4.390295245
,,10.634613
,,11.42980621
,,5.042037543
,,9.603907803
,,14.7617674
,,17.82224953
,,38.37322171
,,9.618987603
,,27.8014691
,,10.61380131
,,24.61229389
,,18.10744644
,,9.618987603
,,16.06798099
,,27.8014691
,,5.042037543
,,4.390295245
,,18.00352107
,,10.61380131
,,4.390295245
,,15.34509391
,,12.09096975
,,7.313984769
,,13.66653105
,,15.001092
,,7.721676624
,,7.42352691
,,15.02592043
,,15.2827246
,,10.54306047
,,23.3616013
,,14.32383627
,,5.445697644
,,10.56044764
,,13.37016868
,,5.445697644
,,9.68808434
,,21.27758775
,,4.390295245
,,15.90256309
,,15.09101262
,,14.7617674
,,5.445697644
,,16.31057472
,,12.26064255
,,13.10225351
,,5.664111532
,,7.705808725
,,14.34201809
,,12.80420542
,,5.664111532
,,6.052845601
,,20.0048943
,,5.664111532
,,24.35920124
,,11.46280033
,,4.390295245
,,12.06447182
,,13.77284699
,,5.042037543
,,6.949995802
,,11.42980621
,,7.721676624
,,11.96610492
,,15.2827246
,,7.313984769
,,18.81613388
,,7.806791537
,,13.06723674
,,13.3829473
,,5.445697644
,,13.6724451
,,13.48455017
,,21.27758775
,,7.552156071
,,13.74489833
,,12.58818551
,,5.445697644
,,13.73052925
,,16.7835125
,,10.77764686
,,12.78268377
,,7.313984769
,,14.67945573
,,4.390295245
,,22.21672381
,,6.893883693
,,11.66648057
,,11.46280033
,,4.390295245
,,13.18912947
,,12.20208583
,,5.042037543
,,27.8014691
,,18.83765015
,,13.67550808
,,19.19873241
,,6.052845601
,,14.74095332
,,7.811006187
,,4.390295245
,,19.0114
,,11.27207569
,,8.92457591
,,16.17310166
,,17.61338797
,,18.12147349
,,18.22721122
,,4.390295245
,,22.21672381
,,7.42352691
,,10.18339374
,,15.16056948
,,6.027637478
,,13.82547491
,,19.01218822
,,7.721676624
,,7.42352691
,,13.1833221
,,7.811006187
,,6.052845601
,,9.342629644
,,14.73165975
,,13.22919629
,,7.811006187
,,23.94754683
,,14.3536404
,,7.811006187
,,26.18308838
,,38.37322171
,,5.445697644
,,12.82540108
,,7.811006187
,,21.56710009
,,28.87337582
,,13.32881316
,,7.313984769
,,4.390295245
,,13.91046085
,,7.42352691
,,10.88058326
,,6.027637478
,,4.390295245
,,22.21672381
,,4.390295245
,,22.21672381
,,13.96878746
,,7.42352691
,,15.6136257
,,7.811006187
,,4.390295245
,,13.67649625
,,12.87411107
,,5.042037543
,,4.390295245
,,19.0114
,,5.664111532
,,15.14713516
,,6.027637478
,,14.01452719
,,7.313984769
,,4.390295245
,,14.69674526
,,5.042037543
,,11.84272786
,,6.052845601
,,20.20571046
,,14.66628121
,,5.664111532
,,4.390295245
,,13.78555033
,,11.46280033
,,12.320501
,,7.42352691
,,4.390295245
,,13.50733692
,,5.664111532
,,29.17354937
,,8.425510321
,,18.70076183
,,4.390295245
,,29.17354937
,,16.0151251
,,14.8758336
,,6.027637478
,,15.5696605
,,4.390295245
,,13.91046085
,,13.21922193
,,15.14290949
,,7.42352691
,,10.88840292
,,4.390295245
,,14.47344384
,,18.09755981
,,8.92457591
,,12.33379773
,,5.042037543
,,12.39118065
,,9.637870058
,,17.17160448
,,5.042037543
,,8.92457591
,,13.73180175
,,5.445697644
,,17.30369393
,,12.28999014
,,7.552156071
,,11.74206385
,,16.15990504
,,15.52048877
,,7.806791537
,,12.15704311
,,5.445697644
,,9.603907803
,,14.7125058
,,11.27052144
,,12.308936
,,4.390295245
,,22.21672381
,,4.390295245
,,12.96759473
,,14.20533557
,,8.789449355
,,12.19056115
,,7.811006187
,,22.86190143
,,5.664111532
,,10.85727923
,,7.721676624
,,7.540658303
,,16.2991237
,,7.540658303
,,11.95074344
,,7.552156071
,,4.390295245
,,14.705055
,,6.949995802
,,4.390295245
,,14.20533557
,,10.32660491
,,14.69518966
,,12.96206777
,,9.684549942
,,14.3758178
,,9.98958982
,,7.540658303
,,9.95103919
,,13.79594312
,,9.637870058
,,16.30635173
,,10.3102097
,,16.71745037
,,8.789449355
,,18.87159053
,,8.049698672
,,16.51762966
,,12.80420542
,,5.664111532
,,7.721676624
,,10.77764686
,,12.28999014
,,4.390295245
,,10.634613
,,20.18507721
,,7.540658303
,,4.390295245
,,13.14040086
,,13.91046085
,,5.445697644
,,9.603907803
,,14.88598065
,,22.21672381
,,16.43811854
,,4.390295245
,,14.38018253
,,5.042037543
,,27.8014691
,,18.83765015
,,10.02996962
,,10.85727923
,,16.94672557
,,8.425510321
,,15.15542194
,,4.390295245
,,14.20533557
,,4.390295245
,,14.21783236
,,15.14290949
,,25.86295204
,,12.08527542
,,7.42352691
,,16.87834122
,,7.811006187
,,14.05312281
,,17.05113183
,,4.390295245
,,15.5778564
,,15.14290949
,,18.24100441
,,4.390295245
,,14.44280532
,,5.042037543
,,12.08527542
,,9.312324061
,,17.1878018
,,29.25947954
,,25.74956881
,,25.28891158
,,9.618987603
,,21.14540837
,,7.42352691
,,16.87834122
,,7.811006187
,,22.74338131
,,24.76774219
,,11.01020355
,,15.3303682
,,17.97171508
,,8.789449355
,,12.82540108
,,7.811006187
,,8.92457591
,,15.78026358
,,15.46154885
,,9.980876945
,,21.8515446
,,18.28869746
,,8.789449355
,,13.22919629
,,11.84050419
,,10.75182831
,,5.042037543
,,4.390295245
,,13.91046085
,,13.21922193
,,14.04268479
,,19.27186665
,,27.52303487
,,5.445697644
,,28.9532615
,,8.910319748
,,8.789449355
,,38.37322171
,,9.618987603
,,27.8014691
,,10.61380131
,,23.69902944
,,9.618987603
,,21.14540837
,,38.37322171
,,16.06798099
,,27.8014691
,,5.042037543
,,4.390295245
,,18.00352107
,,10.61380131
,,4.390295245
,,15.41951458
,,5.042037543
,,4.390295245
,,19.0114
,,16.24486106
,,15.11254748
,,7.811006187
,,27.1668178
,,23.8269904
,,5.445697644
,,14.71022222
,,15.2827246
,,6.027637478
,,9.980876945
,,15.44870293
,,10.56874137
,,10.77764686
,,21.39508105
,,6.027637478
,,38.37322171
,,28.86542707
,,10.56044764
,,21.27758775
,,5.445697644
,,21.17350145
,,5.445697644
,,38.37322171
,,9.618987603
,,27.8014691
,,10.61380131
,,29.1686506
,,9.618987603
,,38.37322171
,,16.06798099
,,27.8014691
,,5.042037543
,,4.390295245
,,18.00352107
,,10.61380131
,,22.64570005
,,5.042037543
,,4.390295245
,,17.70051756
,,15.1528422
,,15.11254748
,,7.811006187
,,26.13571296
,,25.75048349
,,5.445697644
,,14.71022222
,,15.2827246
,,6.027637478
,,6.052845601
,,12.61865367
,,13.48270294
,,7.811006187
,,25.16880341
,,22.82726179
,,6.027637478
,,21.17350145
,,16.01845175
,,13.15367605
,,5.042037543
,,4.390295245
,,11.02454634
,,14.38259782
,,18.95825162
,,4.390295245
,,16.01845175
,,13.15367605
,,5.042037543
,,4.390295245
,,11.02454634
,,14.38259782
,,18.95825162
,,10.03567117
,,11.9870498
,,7.540658303
,,18.95825162
,,13.15367605
,,6.893883693
,,6.052845601
,,13.15367605
,,14.36722366
,,6.027637478
,,18.251013
,,14.59923089
,,6.027637478
,,16.94084395
,,11.02454634
,,14.38259782
,,16.57399147
,,13.47445529
,,6.027637478
,,16.8500058
,,7.721676624
,,7.42352691
,,11.08155127
,,5.042037543
,,11.02454634
,,14.38259782
,,10.18339374
,,13.21874057
,,16.62694728
,,11.79004382
,,9.603907803
,,23.1942457
,,4.390295245
,,16.01845175
,,13.15367605
,,9.290356629
,,17.70299683
,,9.980876945
,,17.69924243
,,7.721676624
,,7.42352691
,,11.81139759
,,5.664111532
,,4.390295245
,,16.57399147
,,14.8758336
,,5.042037543
,,12.80888158
,,12.35553909
,,5.445697644
,,19.43800197
,,8.19824374
,,15.73469917
,,5.664111532
,,14.47975713
,,5.445697644
,,4.390295245
,,18.251013
,,14.8758336
,,5.042037543
,,16.57399147
,,13.21874057
,,12.35553909
,,11.79004382
,,14.7295619
,,7.721676624
,,9.290356629
,,10.03567117
,,9.29130521
,,4.390295245
,,16.05568157
,,5.042037543
,,4.390295245
,,11.02454634
,,14.38259782
,,28.13720752
,,15.31656564
,,11.79004382
,,16.62583632
,,4.390295245
,,13.15367605
,,15.84295636
,,9.603907803
,,11.85503751
,,8.19824374
,,9.603907803
,,14.52666697
,,20.29954559
,,16.01845175
,,15.24917978
,,10.77764686
,,4.390295245
,,11.58918811
,,14.5386478
,,13.02376121
,,5.042037543
,,4.390295245
,,13.14040086
,,11.02454634
,,14.38259782
,,18.95825162
,,5.445697644
,,8.931412728
,,5.042037543
,,4.390295245
,,16.09802615
,,14.6329567
,,6.027637478
,,13.57460268
,,16.57399147
,,7.721676624
,,7.42352691
,,10.03567117
,,4.390295245
,,18.80822379
,,5.042037543
,,11.74206385
,,15.66066951
,,18.251013
,,9.38594471
,,12.31879324
,,4.390295245
,,14.83860784
,,15.7010707
,,5.042037543
,,10.75968883
,,13.45135681
,,6.027637478
,,4.390295245
,,12.99126409
,,14.74892969
,,11.46280033
,,11.27657508
,,12.15704311
,,12.5747355
,,7.721676624
,,7.42352691
,,10.03567117
,,4.390295245
,,14.80467443
,,11.287892
,,5.042037543
,,4.390295245
,,18.3200833
,,15.75381575
,,6.027637478
,,21.27758775
,,7.721676624
,,7.42352691
,,13.92046392
,,7.540658303
,,8.931412728
,,5.042037543
,,4.390295245
,,13.09147177
,,11.47940988
,,17.75920929
,,6.027637478
,,4.390295245
,,11.42574029
,,5.042037543
,,16.57399147
,,7.811006187
,,13.91036757
,,4.390295245
,,18.95825162
,,7.42352691
,,15.15910985
,,8.225715099
,,4.390295245
,,14.62793566
,,5.042037543
,,14.97638597
,,12.92862929
,,20.47394151
,,18.359584
,,6.027637478
,,13.34453111
,,5.664111532
,,4.390295245
,,15.31798049
,,16.28908484
,,5.042037543
,,16.0423117
,,10.7230982
,,5.445697644
,,15.71393478
,,5.042037543
,,4.390295245
,,10.53812014
,,14.31921871
,,13.95259812
,,9.38594471
,,8.789449355
,,14.41325311
,,10.54306047
,,4.390295245
,,11.42574029
,,7.806791537
,,8.92457591
,,10.7185871
,,5.664111532
,,4.390295245
,,15.5194884
,,13.18439422
,,16.49220935
,,14.86081362
,,13.90311367
,,12.80541269
,,15.27878733
,,8.789449355
,,17.56966917
,,7.806791537
,,4.390295245
,,18.49745586
,,5.042037543
,,11.02454634
,,14.38259782
,,7.811006187
,,12.83794271
,,13.39556044
,,14.59566618
,,5.042037543
,,4.390295245
,,13.59537146
,,4.390295245
,,12.35262245
,,8.470383616
,,9.29130521
,,14.38787562
,,10.88058326
,,7.540658303
,,6.052845601
,,21.34269466
,,7.811006187
,,4.390295245
,,12.70174713
,,20.01186045
,,15.31656564
,,11.72338903
,,23.58129575
,,15.8650495
,,6.052845601
,,17.91467391
,,7.313984769
,,4.390295245
,,13.99675116
,,11.99127118
,,17.94200877
,,4.390295245
,,13.91036757
,,15.02592043
,,12.54173402
,,15.94024049
,,7.42352691
,,17.34180184
,,7.313984769
,,4.390295245
,,13.91036757
,,5.042037543
,,4.390295245
,,18.95825162
,,8.812798752
,,14.21643174
,,16.0188039
,,4.390295245
,,15.2745342
,,7.42352691
,,11.96610492
,,13.15714482
,,5.664111532
,,12.52742132
,,15.94024049
,,10.70569205
,,12.39385223
,,7.806791537
,,4.390295245
,,16.01845175
,,13.15367605
,,6.027637478
,,16.8500058
,,5.445697644
,,7.721676624
,,7.42352691
,,4.390295245
,,10.18339374
,,14.71721241
,,13.02376121
,,5.042037543
,,4.390295245
,,18.95825162
,,5.664111532
,,7.705808725
,,13.47445529
,,10.77764686
,,15.02592043
,,15.15910985
,,5.664111532
,,14.33505683
,,17.19104198
,,4.390295245
,,13.15367605
,,7.42352691
,,13.98409168
,,7.552156071
,,10.61380131
,,13.71326348
,,14.5261113
,,11.89960159
,,15.0771138
,,13.40111932
,,16.83473719
,,14.14712627
,,4.390295245
,,13.14040086
,,14.1353147
,,11.4498297
,,7.313984769
,,7.721676624
,,5.664111532
,,7.705808725
,,13.47445529
,,5.042037543
,,14.09613562
,,11.61203588
,,18.0368797
,,7.42352691
,,10.88058326
,,13.41216403
,,4.390295245
,,16.57399147
,,17.27324152
,,14.2718854
,,5.664111532
,,4.390295245
,,13.02376121
,,7.540658303
,,6.052845601
,,16.06203468
,,16.0073313
,,5.042037543
,,18.0368797
,,14.20270414
,,12.15704311
,,7.313984769
,,11.98270641
,,10.77739532
,,4.390295245
,,18.95825162
,,8.425510321
,,7.42352691
,,14.94086409
,,7.811006187
,,4.390295245
,,13.99675116
,,11.99127118
,,13.87558455
,,7.540658303
,,6.052845601
,,13.00413178
,,13.46089923
,,18.29919657
,,5.445697644
,,7.42352691
,,19.36623826
,,7.552156071
,,9.850304881
,,6.052845601
,,16.9259654
,,5.042037543
,,14.32487046
,,8.812798752
,,6.027637478
,,13.82547491
,,16.51161869
,,7.552156071
,,4.390295245
,,11.33690921
,,14.20270414
,,12.15704311
,,7.806791537
,,4.390295245
,,16.14912374
,,6.052845601
,,12.69761199
,,5.042037543
,,4.390295245
,,11.84986672
,,11.76656193
,,11.74452413
,,16.38210543
,,15.61224375
,,5.042037543
,,15.33067159
,,12.228634
,,11.05470481
,,7.42352691
,,15.46255465
,,5.664111532
,,11.02454634
,,14.38259782
,,10.89451437
,,4.390295245
,,13.74466987
,,5.042037543
,,14.46778595
,,12.92862929
,,21.69672741
,,7.806791537
,,13.63467105
,,12.29217827
,,16.3666915
,,4.390295245
,,11.42574029
,,15.77612735
,,13.69277993
,,5.664111532
,,13.18132892
,,6.052845601
,,18.7389672
,,5.664111532
,,13.75475152
,,9.757370626
,,6.052845601
,,11.42574029
,,15.36805722
,,10.28392151
,,7.705808725
,,12.38350121
,,5.664111532
,,13.4645371
,,4.390295245
,,13.35187773
,,5.042037543
,,18.36636013
,,5.445697644
,,5.664111532
,,16.82400767
,,16.56086615
,,5.664111532
,,9.98958982
,,6.052845601
,,15.36805722
,,7.721676624
,,7.42352691
,,15.09101262
,,7.313984769
,,13.94125987
,,12.70284794
,,11.61203588
,,13.48379369
,,8.225715099
,,4.390295245
,,18.95825162
,,9.33154806
,,7.685536849
,,14.3964246
,,7.806791537
,,13.63467105
,,13.21914616
,,10.2940467
,,14.97638597
,,13.35713168
,,19.49230199
,,18.62732257
,,14.8883679
,,14.46778595
,,21.69672741
,,6.949995802
,,8.132554817
,,5.445697644
,,8.04984978
,,14.32487046
,,9.33154806
,,7.705808725
,,14.8694166
,,5.664111532
,,13.66301718
,,6.027637478
,,4.390295245
,,14.58097057
,,5.042037543
,,4.390295245
,,13.99675116
,,13.92342653
,,11.74973132
,,4.390295245
,,11.42574029
,,7.811006187
,,13.33486552
,,5.042037543
,,4.390295245
,,10.65502736
,,11.44974977
,,8.449066699
,,13.41626704
,,5.664111532
,,19.51051172
,,8.92457591
,,13.9121232
,,7.552156071
,,4.390295245
,,11.74206385
,,11.99127118
,,21.69672741
,,15.81256026
,,5.664111532
,,8.441090865
,,7.811006187
,,14.71459857
,,4.390295245
,,14.97638597
,,6.949995802
,,8.04984978
,,14.28302245
,,11.51426228
,,8.19824374
,,4.390295245
,,11.76656193
,,11.74452413
,,11.99127118
,,5.445697644
,,12.39385223
,,6.052845601
,,16.13012648
,,8.812798752
,,15.32957374
,,17.69068998
,,17.93948144
,,5.042037543
,,13.73993593
,,5.445697644
,,19.407012
,,14.86192074
,,7.313984769
,,18.22444352
,,12.79502629
,,17.54524178
,,8.789449355
,,14.67730147
,,14.19074097
,,6.949995802
,,8.910319748
,,8.789449355
,,12.36284731
,,13.22044236
,,4.390295245
,,10.18339374
,,17.41017608
,,15.0713156
,,5.664111532
,,16.4242336
,,10.56044764
,,11.02454634
,,14.38259782
,,5.445697644
,,17.54752222
,,8.470383616
,,14.34372291
,,9.29130521
,,14.49332545
,,12.70174713
,,15.4624288
,,11.72338903
,,13.40111932
,,24.52704575
,,7.42352691
,,12.20925211
,,5.664111532
,,17.63642673
,,4.390295245
,,10.18339374
,,17.41017608
,,17.9645271
,,8.19824374
,,16.57399147
,,13.36055025
,,6.027637478
,,8.04984978
,,14.17825908
,,24.52704575
,,13.47577279
,,22.0375348
,,17.54524178
,,6.949995802
,,9.341084884
,,13.99675116
,,14.2641679
,,8.470383616
,,9.29130521
,,12.93567855
,,5.664111532
,,17.4060686
,,4.390295245
,,11.02454634
,,14.38259782
,,18.95825162
,,4.390295245
,,11.76656193
,,11.74452413
,,14.2641679
,,8.225715099
,,4.390295245
,,19.65204573
,,5.042037543
,,4.390295245
,,13.9516168
,,16.0423117
,,5.042037543
,,4.390295245
,,11.42574029
,,5.445697644
,,6.027637478
,,4.390295245
,,13.54356879
,,13.58587458
,,8.449066699
,,8.943918466
,,9.29130521
,,15.8825554
,,8.19824374
,,14.19815618
,,15.5175479
,,5.664111532
,,17.4060686
,,4.390295245
,,17.07729699
,,8.225715099
,,15.05223956
,,13.71289306
,,4.390295245
,,17.07729699
,,8.225715099
,,15.05223956
,,13.71289306
,,8.470383616
,,9.29130521
,,14.38787562
,,15.46255465
,,5.664111532
,,4.390295245
,,11.76656193
,,11.74452413
,,18.95825162
,,6.027637478
,,8.441090865
,,12.38017646
,,11.02454634
,,14.38259782
,,4.390295245
,,18.95825162
,,6.893883693
,,8.931412728
,,5.042037543
,,4.390295245
,,17.70518681
,,21.73536572
,,5.042037543
,,13.21874057
,,15.3338759
,,6.027637478
,,4.390295245
,,11.76656193
,,11.74452413
,,5.445697644
,,6.893883693
,,14.18904122
,,5.664111532
,,7.705808725
,,4.390295245
,,15.19394311
,,16.4233651
,,5.042037543
,,4.390295245
,,17.32658192
,,14.30930728
,,8.19824374
,,4.390295245
,,16.0423117
,,13.40111932
,,24.52704575
,,17.6860784
,,13.63467105
,,13.48455017
,,16.3666915
,,4.390295245
,,15.07522293
,,7.42352691
,,14.09152404
,,13.11734454
,,7.540658303
,,6.052845601
,,13.81599882
,,5.042037543
,,13.99553821
,,8.812798752
,,17.41017608
,,13.01560974
,,13.65642312
,,14.19074097
,,4.390295245
,,13.99553821
,,13.52129504
,,4.390295245
,,11.42574029
,,21.18726228
,,16.91349443
,,15.92216181
,,4.390295245
,,18.07865705
,,7.42352691
,,15.73545304
,,7.811006187
,,9.905834389
,,24.2536321
,,7.540658303
,,6.052845601
,,12.66408017
,,8.19824374
,,4.390295245
,,14.97638597
,,5.664111532
,,17.6727117
,,5.664111532
,,12.19921254
,,18.90649798
,,4.390295245
,,13.99675116
,,14.2641679
,,8.19824374
,,4.390295245
,,18.95825162
,,7.811006187
,,13.94125987
,,11.12386247
,,12.80541269
,,16.86827329
,,14.007744
,,15.61224375
,,5.042037543
,,9.342629644
,,15.94024049
,,11.05470481
,,7.552156071
,,6.052845601
,,16.10759952
,,6.949995802
,,4.390295245
,,13.48469425
,,10.02996962
,,7.705808725
,,13.15714482
,,5.664111532
,,11.12386247
,,15.94024049
,,9.757370626
,,4.390295245
,,14.67092979
,,15.88961747
,,7.721676624
,,12.31565203
,,8.470383616
,,15.96051827
,,6.027637478
,,11.02454634
,,14.38259782
,,14.97638597
,,18.62732257
,,19.03629461
,,15.17349155
,,16.7466005
,,4.390295245
,,14.2641679
,,5.664111532
,,17.6727117
,,8.049698672
,,13.56776195
,,10.03917316
,,11.60865803
,,8.225715099
,,8.943918466
,,6.027637478
,,13.9121232
,,7.552156071
,,4.390295245
,,14.2641679
,,15.12718296
,,7.552156071
,,4.390295245
,,11.74688022
,,6.949995802
,,4.390295245
,,13.21874057
,,8.470383616
,,15.96051827
,,16.3554115
,,8.910319748
,,8.789449355
,,11.84050419
,,8.04984978
,,14.28302245
,,5.445697644
,,4.390295245
,,16.61120755
,,5.042037543
,,4.390295245
,,14.35352333
,,5.042037543
,,11.02454634
,,14.38259782
,,11.27207569
,,10.03917316
,,15.18512944
,,14.2148628
,,10.56044764
,,4.390295245
,,16.65648763
,,13.59537146
,,5.445697644
,,13.99675116
,,14.2641679
,,14.97638597
,,18.62732257
,,7.42352691
,,14.13793741
,,5.664111532
,,11.31148729
,,12.165677
,,5.042037543
,,4.390295245
,,13.03304439
,,7.806791537
,,13.94125987
,,11.45839872
,,8.132554817
,,12.93567855
,,6.052845601
,,14.5138111
,,13.78492786
,,7.313984769
,,16.01837268
,,5.042037543
,,4.390295245
,,18.95825162
,,5.664111532
,,14.46778595
,,21.69672741
,,8.441090865
,,13.13596933
,,6.893883693
,,16.91248586
,,7.811006187
,,4.390295245
,,13.36098021
,,6.949995802
,,19.30912367
,,4.390295245
,,14.35352333
,,5.042037543
,,8.441090865
,,11.42574029
,,6.949995802
,,6.027637478
,,4.390295245
,,11.76725246
,,15.6290722
,,4.390295245
,,13.46089923
,,5.445697644
,,18.86798584
,,5.042037543
,,12.15704311
,,6.027637478
,,4.390295245
,,18.95825162
,,10.28392151
,,7.705808725
,,10.89451437
,,4.390295245
,,12.165677
,,5.042037543
,,4.390295245
,,11.42574029
,,14.78747152
,,6.027637478
,,11.60865803
,,5.664111532
,,8.92457591
,,13.89567822
,,8.441090865
,,13.13596933
,,12.79502629
,,7.685536849
,,15.68014552
,,7.811006187
,,9.870594511
,,9.290356629
,,14.29239939
,,9.98958982
,,8.58984471
,,14.7405016
,,6.949995802
,,7.721676624
,,13.31854664
,,9.683804228
,,13.77700266
,,7.540658303
,,4.390295245
,,14.98364381
,,5.042037543
,,8.441090865
,,5.664111532
,,20.0681887
,,9.683804228
,,14.25598771
,,13.33486552
,,5.664111532
,,13.95044254
,,6.052845601
,,17.23022783
,,10.56044764
,,4.390295245
,,10.65502736
,,5.042037543
,,4.390295245
,,11.42574029
,,5.445697644
,,4.390295245
,,13.99675116
,,14.2641679
,,10.89451437
,,10.1218577
,,13.74466987
,,7.70911288
,,12.43489314
,,13.78492786
,,6.027637478
,,4.390295245
,,11.85503751
,,5.042037543
,,4.390295245
,,11.42574029
,,4.390295245
,,15.21358655
,,5.042037543
,,4.390295245
,,14.58097057
,,5.042037543
,,4.390295245
,,18.95825162
,,5.445697644
,,18.86798584
,,5.042037543
,,12.15704311
,,10.89451437
,,10.1218577
,,13.61933644
,,5.664111532
,,4.390295245
,,11.42574029
,,14.78747152
,,5.664111532
,,7.705808725
,,12.38350121
,,12.36069574
,,5.664111532
,,4.390295245
,,12.32506886
,,5.042037543
,,4.390295245
,,15.36805722
,,5.664111532
,,7.705808725
,,12.38350121
,,7.806791537
,,4.390295245
,,15.9999726
,,5.042037543
,,13.30289358
,,12.12264146
,,12.72997706
,,10.77961942
,,15.62781532
,,14.8888594
,,8.470383616
,,7.685536849
,,12.00792383
,,9.29130521
,,18.32471222
,,7.540658303
,,13.19185919
,,14.46778595
,,21.69672741
,,12.81620706
,,9.618987603
,,15.01426097
,,8.19824374
,,8.04984978
,,17.980024
,,5.445697644
,,7.42352691
,,14.13793741
,,5.664111532
,,16.61796492
,,8.04984978
,,14.2641679
,,8.132554817
,,14.16314941
,,5.664111532
,,16.01837268
,,4.390295245
,,18.95825162
,,7.540658303
,,10.95104357
,,7.540658303
,,4.390295245
,,14.97638597
,,14.16314941
,,5.664111532
,,11.07302
,,14.70462103
,,4.390295245
,,14.97638597
,,9.33154806
,,11.31148729
,,14.58097057
,,5.042037543
,,4.390295245
,,18.95825162
,,6.027637478
,,4.390295245
,,11.85503751
,,5.042037543
,,4.390295245
,,11.76656193
,,11.74452413
,,4.390295245
,,14.32487046
,,9.33154806
,,7.705808725
,,13.59932467
,,14.39258126
,,14.12906035
,,6.027637478
,,10.03917316
,,13.30376756
,,14.57051218
,,10.03917316
,,12.85458137
,,5.445697644
,,11.80981018
,,12.81329002
,,15.24917978
,,18.86798584
,,5.042037543
,,12.15704311
,,4.390295245
,,14.32487046
,,9.33154806
,,7.705808725
,,13.59932467
,,5.664111532
,,13.30289358
,,11.74070557
,,7.540658303
,,11.05470481
,,14.0303231
,,10.89451437
,,14.28302245
,,7.685536849
,,7.540658303
,,16.73837655
,,5.445697644
,,19.5579729
,,14.32487046
,,7.806791537
,,4.390295245
,,12.95724168
,,5.042037543
,,13.94125987
,,11.73171538
,,16.3666915
,,18.62732257
,,5.445697644
,,21.69672741
,,15.00470685
,,8.58984471
,,13.99627961
,,15.81669975
,,4.390295245
,,18.95825162
,,6.027637478
,,4.390295245
,,12.55643408
,,5.042037543
,,11.42574029
,,14.6502352
,,6.949995802
,,14.5482284
,,4.390295245
,,15.54845677
,,16.86827329
,,16.38487611
,,5.664111532
,,4.390295245
,,18.95825162
,,7.552156071
,,14.97638597
,,18.62732257
,,8.225715099
,,9.603907803
,,11.90693997
,,8.943918466
,,5.042037543
,,4.390295245
,,13.99675116
,,14.2641679
,,8.470383616
,,11.56931428
,,8.225715099
,,8.441090865
,,11.59264561
,,13.06874857
,,21.69672741
,,9.38594471
,,8.470383616
,,15.41738524
,,12.88380735
,,5.664111532
,,15.04493863
,,5.664111532
,,4.390295245
,,14.97638597
,,13.7822488
,,5.445697644
,,5.664111532
,,11.55444391
,,4.390295245
,,18.95825162
,,10.36697938
,,6.027637478
,,12.08291054
,,4.390295245
,,11.02454634
,,14.38259782
,,18.95825162
,,7.42352691
,,15.98336091
,,6.027637478
,,16.51161869
,,7.540658303
,,8.58984471
,,18.95825162
,,5.042037543
,,16.09484202
,,13.3488823
,,6.949995802
,,7.721676624
,,7.42352691
,,13.11734454
,,6.052845601
,,17.49957109
,,7.313984769
,,4.390295245
,,15.13803383
,,5.042037543
,,15.30771205
,,14.09152404
,,7.313984769
,,4.390295245
,,10.92481604
,,5.042037543
,,4.390295245
,,11.42574029
,,16.86827329
,,6.027637478
,,12.12829207
,,5.042037543
,,14.93048306
,,12.35923111
,,9.671584047
,,8.789449355
,,9.618987603
,,14.8831194
,,14.03558511
,,7.313984769
,,19.5735512
,,18.49046673
,,8.049698672
,,17.20409492
,,12.68050996
,,7.313984769
,,4.390295245
,,15.91176424
,,5.042037543
,,19.26006712
,,8.225715099
,,4.390295245
,,9.723464137
,,4.390295245
,,18.95825162
,,13.77125097
,,9.684549942
,,11.42574029
,,12.55643408
,,10.30151646
,,5.042037543
,,9.960171071
,,14.03558511
,,8.789449355
,,13.42897296
,,8.19824374
,,17.64082819
,,10.54306047
,,4.390295245
,,13.8524346
,,5.042037543
,,4.390295245
,,16.57399147
,,13.21874057
,,13.75983802
,,13.66119852
,,4.390295245
,,11.02454634
,,14.38259782
,,18.95825162
,,10.56874137
,,9.603907803
,,17.28385205
,,6.027637478
,,13.94125987
,,16.3666915
,,4.390295245
,,18.36352702
,,21.71869756
,,9.905834389
,,11.47940988
,,16.24840401
,,15.30771205
,,15.1295451
,,15.94024049
,,18.93668705
,,19.26006712
,,5.445697644
,,17.79959301
,,15.94024049
,,18.81334427
,,17.6281383
,,7.540658303
,,10.62980679
,,7.540658303
,,4.390295245
,,11.95049593
,,16.76293081
,,17.05710483
,,5.042037543
,,21.69672741
,,16.22144424
,,10.95104357
,,13.46089923
,,6.027637478
,,4.390295245
,,18.95825162
,,15.94561141
,,15.82551403
,,5.042037543
,,38.37322171
,,15.90750611
,,22.60995747
,,11.12386247
,,18.43893766
,,38.37322171
,,15.90750611
,,18.81334427
,,15.58895531
,,14.61905004
,,15.90750611
,,23.8971084
,,18.81334427
,,17.13997477
,,15.90750611
,,16.57864323
,,19.12328654
,,16.9751988
,,12.1927311
,,17.79121666
,,15.07263357
,,16.57864323
,,15.36202501
,,16.57864323
,,14.58702807
,,10.19611937
,,14.45519533
,,21.51792737
,,16.40482842
,,14.45519533
,,17.79121666
,,22.60995747
,,10.19611937
,,19.4114188
,,12.83516934
,,11.47940988
,,16.24840401
,,5.042037543
,,8.441090865
,,11.33952159
,,14.55912062
,,22.05411413
,,15.30771205
,,8.789449355
,,18.73449062
,,8.049698672
,,13.45136316
,,7.313984769
,,13.35187773
,,13.21663374
,,9.671584047
,,8.789449355
,,9.850304881
,,9.342629644
,,17.22043184
,,18.81334427
,,15.30771205
,,12.78268377
,,15.78390454
,,5.042037543
,,4.390295245
,,15.30771205
,,11.13191697
,,6.027637478
,,4.390295245
,,18.95825162
,,6.893883693
,,13.77018369
,,20.2286581
,,8.812798752
,,8.19824374
,,12.49605176
,,14.13973412
,,7.721676624
,,9.193926828
,,7.705808725
,,19.5732382
,,6.949995802
,,4.390295245
,,16.316541
,,16.6660467
,,16.70724395
,,5.445697644
,,16.8278862
,,16.57399147
,,16.80606219
,,17.47030052
,,18.7499689
,,6.027637478
,,13.06723674
,,16.3666915
,,8.789449355
,,14.64186539
,,38.37322171
,,18.66455709
,,24.5557383
,,4.390295245
,,16.85623962
,,5.445697644
,,17.08602958
,,16.57399147
,,11.95049593
,,13.98494449
,,5.042037543
,,16.52617851
,,16.85623962
,,16.57399147
,,17.7393786
,,5.445697644
,,4.390295245
,,16.31332872
,,16.57399147
,,16.45844171
,,16.34273306
,,8.789449355
,,14.64186539
,,22.60995747
,,14.45519533
,,17.79121666
,,4.390295245
,,14.007744
,,17.59349674
,,4.390295245
,,16.80606219
,,12.65109314
,,5.042037543
,,14.92994944
,,20.29441939
,,13.59537146
,,5.042037543
,,4.390295245
,,13.23882559
,,8.789449355
,,4.390295245
,,15.27570617
,,5.445697644
,,15.51693241
,,16.57399147
,,15.6952797
,,17.79121666
,,8.789449355
,,10.03567117
,,15.18512944
,,7.552156071
,,38.37322171
,,24.5557383
,,8.19824374
,,4.390295245
,,11.02454634
,,14.38259782
,,18.95825162
,,7.811006187
,,4.390295245
,,9.723464137
,,4.390295245
,,17.91360199
,,5.445697644
,,17.41030241
,,16.57399147
,,16.80606219
,,17.47030052
,,18.7499689
,,6.027637478
,,8.225715099
,,11.02454634
,,14.38259782
,,4.390295245
,,13.75223393
,,5.042037543
,,13.46089923
,,8.470383616
,,9.29130521
,,12.12941279
,,13.78291787
,,16.0997963
,,5.445697644
,,9.850304881
,,11.31770072
,,21.6813964
,,15.30771205
,,8.789449355
,,11.56931428
,,10.30151646
,,5.042037543
,,4.390295245
,,14.05535688
,,13.46089923
,,5.445697644
,,15.62596664
,,8.225715099
,,4.390295245
,,11.02454634
,,14.38259782
,,18.95825162
,,7.42352691
,,14.00939742
,,5.664111532
,,13.70925857
,,5.042037543
,,4.390295245
,,15.36202501
,,13.64506691
,,7.811006187
,,11.60865803
,,5.042037543
,,15.82709499
,,14.92994944
,,20.29441939
,,6.027637478
,,13.37016868
,,5.445697644
,,9.68808434
,,16.27331148
,,5.445697644
,,17.8096269
,,7.313984769
,,7.721676624
,,6.893883693
,,12.9450969
,,8.225715099
,,6.949995802
,,11.59264561
,,7.811006187
,,8.943918466
,,16.94672557
,,4.390295245
,,14.05535688
,,7.42352691
,,12.93567855
,,10.96301116
,,4.390295245
,,13.64506691
,,5.664111532
,,15.8299385
,,16.57399147
,,5.445697644
,,8.19824374
,,9.671584047
,,5.664111532
,,14.88801788
,,15.36202501
,,10.59777076
,,7.721676624
,,7.42352691
,,12.70246769
,,14.86567528
,,11.46280033
,,4.390295245
,,18.88757908
,,14.60299508
,,6.027637478
,,4.390295245
,,12.06447182
,,13.77284699
,,5.042037543
,,16.38856823
,,12.83794271
,,11.74206385
,,13.26935477
,,21.82686981
,,12.93567855
,,5.664111532
,,13.74466987
,,4.390295245
,,14.42642294
,,5.042037543
,,16.57399147
,,6.027637478
,,9.68808434
,,16.27331148
,,11.13191697
,,4.390295245
,,11.42574029
,,13.27698841
,,17.85738137
,,5.042037543
,,13.21874057
,,12.82154841
,,21.82686981
,,13.18439422
,,11.27513152
,,20.51423905
,,8.225715099
,,23.94289984
,,5.445697644
,,17.25286865
,,4.390295245
,,11.02454634
,,14.38259782
,,18.95825162
,,7.540658303
,,6.052845601
,,14.19266146
,,11.59264561
,,5.445697644
,,18.29919657
,,7.313984769
,,19.16411347
,,5.445697644
,,17.19104198
,,15.91176424
,,7.313984769
,,11.50916116
,,13.46089923
,,21.82686981
,,14.639366
,,15.62596664
,,7.42352691
,,10.36267097
,,7.313984769
,,15.34653128
,,18.81334427
,,17.6281383
,,5.445697644
,,11.50916116
,,13.46089923
,,5.445697644
,,11.01020355
,,8.789449355
,,12.63037692
,,9.73564624
,,6.027637478
,,11.50916116
,,14.50778378
,,8.812798752
,,5.042037543
,,14.36802936
,,13.37587108
,,13.2875469
,,16.17821544
,,8.789449355
,,13.72052589
,,5.445697644
,,13.66670899
,,5.445697644
,,6.052845601
,,14.56399203
,,15.34301698
,,7.42352691
,,13.18439422
,,5.445697644
,,15.38133021
,,15.66623907
,,6.027637478
,,13.97053164
,,5.042037543
,,4.390295245
,,19.5735512
,,13.67379186
,,5.445697644
,,6.027637478
,,4.390295245
,,15.91176424
,,5.042037543
,,20.4915222
,,20.06901746
,,13.55015783
,,15.23685478
,,5.042037543
,,21.39833664
,,4.390295245
,,12.49605176
,,22.32235275
,,5.042037543
,,13.92683824
,,5.445697644
,,9.577102832
,,14.62613796
,,17.78131227
,,10.30151646
,,5.042037543
,,9.960171071
,,13.13312462
,,8.789449355
,,14.36722366
,,8.225715099
,,8.049698672
,,12.57583867
,,23.94289984
,,7.806791537
,,4.390295245
,,21.83612467
,,13.64506691
,,14.25943695
,,13.22345467
,,12.99126409
,,8.19824374
,,11.02454634
,,14.38259782
,,4.390295245
,,14.8666381
,,15.62596664
,,5.445697644
,,4.390295245
,,12.82154841
,,8.789449355
,,15.05589715
,,19.62594328
,,8.049698672
,,13.13619104
,,10.36267097
,,7.811006187
,,11.55444391
,,13.24748105
,,12.13110399
,,5.042037543
,,8.441090865
,,13.58774215
,,8.470383616
,,9.29130521
,,10.67263973
,,14.99831821
,,7.806791537
,,11.99127118
,,12.78295756
,,6.027637478
,,16.57399147
,,5.664111532
,,9.683804228
,,12.62225835
,,13.06874857
,,7.313984769
,,4.390295245
,,15.91176424
,,5.042037543
,,11.50916116
,,13.46089923
,,4.390295245
,,15.62596664
,,7.313984769
,,8.425510321
,,7.42352691
,,12.09096975
,,11.74070557
,,7.811006187
,,11.74206385
,,14.92994944
,,20.29441939
,,5.445697644
,,9.671584047
,,7.42352691
,,13.65746527
,,13.36055025
,,12.68050996
,,13.76552562
,,15.24512982
,,11.78299963
,,4.390295245
,,14.35352333
,,5.664111532
,,15.6802053
,,6.027637478
,,9.98958982
,,18.73151566
,,6.052845601
,,12.59588042
,,13.75223393
,,12.28999014
,,7.552156071
,,13.2875469
,,5.445697644
,,17.6281383
,,7.42352691
,,17.59447079
,,8.19824374
,,4.390295245
,,14.35352333
,,5.042037543
,,11.02454634
,,14.38259782
,,5.445697644
,,16.44473767
,,7.811006187
,,18.36033669
,,16.70972006
,,5.445697644
,,24.37216544
,,8.441090865
,,17.19104198
,,5.445697644
,,6.949995802
,,8.425510321
,,7.70911288
,,12.48707757
,,7.552156071
,,9.870594511
,,7.42352691
,,14.36657341
,,13.7641595
,,7.313984769
,,10.92481604
,,8.225715099
,,4.390295245
,,15.34301698
,,13.18439422
,,8.225715099
,,4.390295245
,,11.02454634
,,14.38259782
,,18.95825162
,,7.313984769
,,6.949995802
,,12.87411107
,,7.540658303
,,17.87917575
,,7.540658303
,,4.390295245
,,18.43898518
,,17.89288312
,,5.042037543
,,12.82154841
,,6.027637478
,,4.390295245
,,11.96494823
,,4.390295245