,cs_back_word_freq_zh,cs_back_word_pos_zh,cs_back_word_length_zh,cs_back_ngram_surp_zh
0,8.291759627895480,AD,2,7.310274
1,6.377483472434710,P,1,5.0597463
2,12.623917404187000,AD,2,5.992529
3,11.90869298800790,NN,2,7.3514414
4,4.681213610519310,CC,1,3.5775623
5,7.093452252120850,AD,1,6.5610642
6,9.09378964655144,VV,1,7.3514414
7,12.958432945055500,NN,3,7.3514414
8,13.28962587920390,NN,2,7.3514414
9,11.875683387473400,NN,2,7.3514414
10,8.458645571635330,AD,2,5.4344773
11,6.404130924023890,AD,1,7.3514414
12,6.972065783256670,CC,1,4.336829
13,12.653037989669800,IJ,1,5.992529
14,6.39906961183706,VV,2,7.344206
15,7.951912412664680,NN,2,7.3514414
16,2.7277528723935400,DEG,1,4.3535395
17,4.681213610519310,CC,1,3.5775623
18,6.216225093655350,CD,1,5.633144
19,6.86730607567808,CC,1,3.8187919
20,10.463452851034900,NN,2,7.3514414
21,11.874041934820600,VV,2,7.3514414
22,6.901947304013090,VA,1,6.195564
23,13.544003637006200,NN,2,7.3514414
24,9.12649633742232,NN,2,7.3514414
25,8.458645571635330,AD,2,5.4344773
26,8.291759627895480,AD,2,7.310274
27,10.75983814999830,VV,1,7.310274
28,7.832806844992630,CC,2,4.8926983
29,2.7277528723935400,DEG,1,4.3535395
30,9.893430903284730,VA,2,7.3514414
31,5.753495111341640,AD,1,7.0391965
32,7.951912412664680,NN,2,7.3514414
33,6.133440848420250,AD,1,7.310274
34,7.951912412664680,NN,2,7.3514414
35,11.770828682629100,NN,1,7.3514414
36,4.681213610519310,CC,1,3.5775623
37,11.606647560520500,VA,2,7.3514414
38,6.622455166510390,CD,1,7.3514414
39,6.972065783256670,CC,1,4.336829
40,8.759761060956490,IJ,1,7.344206
41,6.133440848420250,AD,1,7.310274
42,10.550818733744300,VV,2,7.3514414
43,4.847867458993150,CD,1,5.320925
44,8.975234645392020,AD,2,6.734556
45,7.879129443470710,DT,2,5.9269385
46,13.152579930518,NN,2,7.3514414
47,5.309630429407180,AD,1,6.386715
48,5.309630429407180,AD,1,6.386715
49,5.759027415452410,VV,1,4.5921493
50,6.133440848420250,AD,1,7.310274
51,2.7277528723935400,DEG,1,4.3535395
52,7.832806844992630,CC,2,4.8926983
53,11.606647560520500,VA,2,7.3514414
54,16.525031006023300,CD,3,7.310274
55,7.703771653739700,JJ,1,6.5610642
56,11.90869298800790,NN,2,7.3514414
57,17.334284775912400,NN,2,7.3514414
58,7.2937813464386500,NN,1,7.344206
59,6.622455166510390,CD,1,7.3514414
60,4.681213610519310,CC,1,3.5775623
61,7.626584107522520,NT,2,6.207384
62,7.247328920661730,VV,1,6.953135
63,6.723622818117740,AD,1,7.3514414
64,16.601723626811600,VV,4,7.3514414
65,14.109097253489000,VV,2,7.3514414
66,2.7277528723935400,DEG,1,4.3535395
67,11.770828682629100,NN,1,7.3514414
68,6.723622818117740,AD,1,7.3514414
69,8.759761060956490,IJ,1,7.344206
70,12.623917404187000,AD,2,5.992529
71,10.75983814999830,VV,1,7.310274
72,5.753495111341640,AD,1,7.0391965
73,6.185283294221550,AD,1,7.3514414
74,2.7277528723935400,DEG,1,4.3535395
75,9.155342537774730,AD,2,7.3514414
76,10.100805773947000,NN,2,7.3514414
77,4.463178522257190,VC,1,4.430604
78,4.681213610519310,CC,1,3.5775623
79,11.90869298800790,NN,2,7.3514414
80,7.356490397161870,NN,2,7.310274
81,13.55092348863310,NN,2,7.3514414
82,5.753495111341640,AD,1,7.0391965
83,5.309630429407180,AD,1,6.386715
84,7.4216633733223800,VA,1,5.554334
85,2.7277528723935400,DEG,1,4.3535395
86,10.671070256510900,NN,2,7.3514414
87,2.7277528723935400,DEG,1,4.3535395
88,7.951912412664680,NN,2,7.3514414
89,7.602624788977460,AD,2,5.0079174
90,12.402924756515200,NN,2,7.3514414
91,8.403159408317100,NN,2,6.695786
92,4.514607578933670,P,1,3.9106045
93,7.8635213343132200,AD,1,6.51126
94,4.681213610519310,CC,1,3.5775623
95,14.602645647413700,VV,2,7.3514414
96,8.564008954910840,AD,2,6.207384
97,8.909136347811960,NN,2,7.3514414
98,2.7277528723935400,DEG,1,4.3535395
99,2.7277528723935400,DEG,1,4.3535395
100,5.759027415452410,VV,1,4.5921493
101,2.7277528723935400,DEG,1,4.3535395
102,4.681213610519310,CC,1,3.5775623
103,6.294963404035600,CD,1,5.769229
104,11.90869298800790,NN,2,7.3514414
105,24.01388396175680,CD,7,7.3514414
106,5.753495111341640,AD,1,7.0391965
107,5.982473684872120,NR,2,5.476812
108,7.385557323793870,NN,1,7.310274
109,2.7277528723935400,DEG,1,4.3535395
110,5.134998086658780,VE,1,5.096284
111,8.319057220187180,VV,2,7.310274
112,4.681213610519310,CC,1,3.5775623
113,12.531830160453600,NN,2,7.3514414
114,24.01388396175680,NN,2,7.3514414
115,7.832806844992630,CC,2,4.8926983
116,5.753495111341640,AD,1,7.0391965
117,9.29584899441518,VV,2,7.344206
118,6.923222997771650,CD,1,5.910642
119,10.257489850976300,VV,2,7.3514414
120,6.854115083559210,VV,1,6.566919
121,10.057120399689600,VV,1,6.695786
122,10.08384187076840,NN,2,6.734556
123,4.514607578933670,P,1,3.9106045
124,2.7277528723935400,DEG,1,4.3535395
125,7.1858030399017700,VV,2,6.3906245
126,12.725427926689400,NN,2,7.3514414
127,6.86730607567808,CC,1,3.8187919
128,4.681213610519310,CC,1,3.5775623
129,7.5673655991356800,AD,2,7.3514414
130,15.99065927704010,NR,2,7.3514414
131,11.769283150521300,NN,2,7.3514414
132,4.847867458993150,CD,1,5.320925
133,7.360286777020610,AD,1,5.516575
134,10.463452851034900,NN,2,7.3514414
135,9.478039649978310,P,1,7.3514414
136,5.134998086658780,VE,1,5.096284
137,6.133440848420250,AD,1,7.310274
138,6.133440848420250,AD,1,7.310274
139,11.881560122119000,NR,1,7.0570436
140,10.589803958592900,CD,3,5.4784513
141,9.721122971170490,VV,2,7.0391965
142,8.3490009018571,VV,2,6.8569107
143,13.390777711454900,VV,2,7.3514414
144,11.874041934820600,VV,2,7.3514414
145,7.247328920661730,VV,1,6.953135
146,6.294963404035600,CD,1,5.769229
147,6.39906961183706,VV,2,7.344206
148,7.951912412664680,NN,2,7.3514414
149,24.01388396175680,URL,13,7.3514414
150,4.681213610519310,CC,1,3.5775623
151,7.4216633733223800,VA,1,5.554334
152,16.616322426232700,NT,2,5.274063
153,10.907954890815900,AD,2,7.3514414
154,8.791069301094870,AD,1,6.5610642
155,13.21387990504600,AD,2,7.3514414
156,2.7277528723935400,DEG,1,4.3535395
157,4.681213610519310,CC,1,3.5775623
158,6.578185937864010,CD,1,3.759165
159,9.118242515625230,JJ,2,6.3702464
160,7.390168654596740,LC,1,6.8685575
161,8.291759627895480,AD,2,7.310274
162,8.291759627895480,AD,2,7.310274
163,6.133440848420250,AD,1,7.310274
164,11.770828682629100,NN,1,7.3514414
165,2.7277528723935400,DEG,1,4.3535395
166,5.134998086658780,VE,1,5.096284
167,8.633784960276650,AD,2,7.3514414
168,13.152579930518,NN,2,7.3514414
169,4.681213610519310,CC,1,3.5775623
170,7.390917240248650,AD,1,7.3514414
171,13.152579930518,NN,2,7.3514414
172,7.8635213343132200,AD,1,6.51126
173,8.291759627895480,AD,2,7.310274
174,13.959350544346900,NN,2,7.3514414
175,11.582833448300200,NN,2,7.3514414
176,15.21951368253390,NN,2,7.3514414
177,7.840140003261970,AD,2,6.3906245
178,10.463452851034900,NN,2,7.3514414
179,4.847867458993150,CD,1,5.320925
180,5.905487046974090,PN,2,7.3514414
181,8.61621460606329,AD,2,7.310274
182,2.7277528723935400,DEG,1,4.3535395
183,2.7277528723935400,DEG,1,4.3535395
184,2.7277528723935400,DEG,1,4.3535395
185,4.847867458993150,CD,1,5.320925
186,7.390168654596740,LC,1,6.8685575
187,4.463178522257190,VC,1,4.430604
188,6.294963404035600,CD,1,5.769229
189,7.4728191628357100,NN,2,7.344206
190,7.832806844992630,CC,2,4.8926983
191,6.39906961183706,VV,2,7.344206
192,10.217505256108500,PN,2,7.344206
193,8.339548920200430,VA,2,7.310274
194,7.602624788977460,AD,2,5.0079174
195,10.313797723408000,NN,2,7.0391965
196,13.570516965063900,NR,2,7.3514414
197,11.606647560520500,VA,2,7.3514414
198,11.582833448300200,NN,2,7.3514414
199,4.681213610519310,CC,1,3.5775623
200,7.699657705968430,NN,1,6.1282105
201,12.241807080299900,NN,2,7.3514414
202,2.7277528723935400,DEG,1,4.3535395
203,11.394715396955500,VA,2,7.3514414
204,12.958432945055500,NN,3,7.3514414
205,8.291759627895480,AD,2,7.310274
206,2.7277528723935400,DEG,1,4.3535395
207,11.105781205966600,VV,2,7.3514414
208,2.7277528723935400,DEG,1,4.3535395
209,6.216225093655350,CD,1,5.633144
210,6.86730607567808,CC,1,3.8187919
211,7.735317417095000,VV,1,4.6347876
212,5.759027415452410,VV,1,4.5921493
213,9.762134051162350,NN,2,7.310274
214,14.109097253489000,VV,2,7.3514414
215,8.291759627895480,AD,2,7.310274
216,10.463452851034900,NN,2,7.3514414
217,2.7277528723935400,DEG,1,4.3535395
218,2.7277528723935400,DEG,1,4.3535395
219,6.404130924023890,AD,1,7.3514414
220,2.7277528723935400,DEG,1,4.3535395
221,8.291759627895480,AD,2,7.310274
222,5.857126069237800,P,1,4.464805
223,2.7277528723935400,DEG,1,4.3535395
224,4.847867458993150,CD,1,5.320925
225,12.313649398481600,NN,2,7.3514414
226,5.753495111341640,AD,1,7.0391965
227,14.602645647413700,VV,2,7.3514414
228,11.770828682629100,NN,1,7.3514414
229,6.915705386220530,P,1,4.875668
230,4.514607578933670,P,1,3.9106045
231,4.463178522257190,VC,1,4.430604
232,8.394525626787180,VV,1,7.3514414
233,10.717802599032700,NN,2,7.3514414
234,7.964025610658700,NT,2,5.470902
235,4.847867458993150,CD,1,5.320925
236,9.646892327373590,NN,2,7.3514414
237,10.463452851034900,NN,2,7.3514414
238,7.951912412664680,NN,2,7.3514414
239,8.780028928850750,NN,1,5.9696717
240,6.622455166510390,CD,1,7.3514414
241,12.313649398481600,NN,2,7.3514414
242,2.7277528723935400,DEG,1,4.3535395
243,6.377483472434710,P,1,5.0597463
244,6.185283294221550,AD,1,7.3514414
245,5.516516112333380,DT,1,5.8130903
246,7.1858030399017700,VV,2,6.3906245
247,10.550818733744300,VV,2,7.3514414
248,14.342896092958900,NN,2,7.3514414
249,7.832806844992630,CC,2,4.8926983
250,7.951912412664680,NN,2,7.3514414
251,2.7277528723935400,DEG,1,4.3535395
252,7.390168654596740,LC,1,6.8685575
253,10.463452851034900,NN,2,7.3514414
254,8.438547252070640,CD,2,7.3514414
255,10.463452851034900,NN,2,7.3514414
256,4.514607578933670,P,1,3.9106045
257,7.951912412664680,NN,2,7.3514414
258,10.550818733744300,VV,2,7.3514414
259,15.886184108939000,CC,2,5.937234
260,6.294963404035600,CD,1,5.769229
261,7.29431282237448,AD,1,7.0570436
262,7.951912412664680,NN,2,7.3514414
263,6.39906961183706,VV,2,7.344206
264,7.270952894445990,CS,2,4.51397
265,10.75983814999830,VV,1,7.310274
266,7.390917240248650,AD,1,7.3514414
267,5.134998086658780,VE,1,5.096284
268,17.101141141263600,VV,2,6.7433143
269,7.203584925473160,P,2,5.3795176
270,9.762134051162350,NN,2,7.310274
271,7.951912412664680,NN,2,7.3514414
272,10.463452851034900,NN,2,7.3514414
273,12.623917404187000,AD,2,5.992529
274,5.134998086658780,VE,1,5.096284
275,7.951912412664680,NN,2,7.3514414
276,11.832662566399300,NN,2,7.344206
277,10.463452851034900,NN,2,7.3514414
278,8.501445445615610,NN,2,7.3514414
279,6.294963404035600,CD,1,5.769229
280,12.530737523275700,NN,2,7.3514414
281,8.550425415263220,VV,1,7.0391965
282,5.753495111341640,AD,1,7.0391965
283,6.133440848420250,AD,1,7.310274
284,11.687777482185100,VV,2,7.3514414
285,4.514607578933670,P,1,3.9106045
286,16.593904038094900,NN,2,7.3514414
287,8.623431495548050,AD,1,7.344206
288,6.404130924023890,AD,1,7.3514414
289,4.681213610519310,CC,1,3.5775623
290,6.013534801376360,PN,1,6.002205
291,5.56764322539914,VC,1,5.0366387
292,24.01388396175680,VV,2,7.3514414
293,11.582833448300200,NN,2,7.3514414
294,5.753495111341640,AD,1,7.0391965
295,5.759027415452410,VV,1,4.5921493
296,7.626584107522520,NT,2,6.207384
297,7.675160721864900,P,1,5.945257
298,2.7277528723935400,DEG,1,4.3535395
299,2.7277528723935400,DEG,1,4.3535395
300,4.847867458993150,CD,1,5.320925
301,5.134998086658780,VE,1,5.096284
302,10.463452851034900,NN,2,7.3514414
303,10.463452851034900,NN,2,7.3514414
304,2.7277528723935400,DEG,1,4.3535395
305,2.7277528723935400,DEG,1,4.3535395
306,7.395731159472210,CC,2,4.494424
307,2.7277528723935400,DEG,1,4.3535395
308,8.791069301094870,AD,1,6.5610642
309,9.39155875603291,PN,2,7.0570436
310,10.411897124407300,IJ,1,7.344206
311,5.134998086658780,VE,1,5.096284
312,7.58943631113663,AD,1,7.344206
313,7.214326235943840,AD,2,7.310274
314,15.55580403483310,NR,2,7.3514414
315,24.01388396175680,NR,4,7.3514414
316,7.4216633733223800,VA,1,5.554334
317,7.703771653739700,JJ,1,6.5610642
318,4.463178522257190,VC,1,4.430604
319,12.958432945055500,NN,3,7.3514414
320,2.7277528723935400,DEG,1,4.3535395
321,8.291759627895480,AD,2,7.310274
322,14.580160067261800,NN,2,7.3514414
323,6.723622818117740,AD,1,7.3514414
324,12.30554797545090,CD,3,6.064045
325,12.509041072979900,CD,3,5.8662863
326,4.847867458993150,CD,1,5.320925
327,5.134998086658780,VE,1,5.096284
328,10.61937051132340,NN,1,6.148499
329,10.632003446027900,VV,2,6.417439
330,24.01388396175680,VV,2,7.3514414
331,4.514607578933670,P,1,3.9106045
332,13.039566501565000,NN,2,7.3514414
333,15.886184108939000,CC,2,5.937234
334,10.261915088603200,AD,2,7.3514414
335,5.134998086658780,VE,1,5.096284
336,4.463178522257190,VC,1,4.430604
337,8.899686961194130,AD,2,7.3514414
338,8.791069301094870,AD,1,6.5610642
339,11.959774390608500,NN,2,7.3514414
340,6.723622818117740,AD,1,7.3514414
341,9.783612304277090,NN,2,7.3514414
342,11.418048851845700,VV,1,7.3514414
343,2.7277528723935400,DEG,1,4.3535395
344,24.01388396175680,AD,2,7.3514414
345,6.622455166510390,CD,1,7.3514414
346,5.742656255517170,PN,1,6.5610642
347,7.699657705968430,NN,1,6.1282105
348,5.134998086658780,VE,1,5.096284
349,9.140191172573130,IJ,1,7.0570436
350,4.847867458993150,CD,1,5.320925
351,7.402959482225370,VV,1,7.0570436
352,13.405123048862900,NR,3,7.0391965
353,6.404130924023890,AD,1,7.3514414
354,8.0481569294404,VV,1,6.953135
355,7.951912412664680,NN,2,7.3514414
356,11.122789557679300,VA,2,7.3514414
357,7.273896290915890,CD,1,3.8516884
358,11.68006474848410,AD,2,7.3514414
359,15.886184108939000,CC,2,5.937234
360,10.408244179394100,VV,2,7.3514414
361,2.7277528723935400,DEG,1,4.3535395
362,2.7277528723935400,DEG,1,4.3535395
363,6.89528478431579,NN,2,7.0391965
364,5.359821963071100,NN,1,5.7636557
365,4.847867458993150,CD,1,5.320925
366,7.4216633733223800,VA,1,5.554334
367,5.309630429407180,AD,1,6.386715
368,6.310811814182770,AD,1,5.620258
369,8.0481569294404,VV,1,6.953135
370,2.7277528723935400,DEG,1,4.3535395
371,7.1858030399017700,VV,2,6.3906245
372,6.185283294221550,AD,1,7.3514414
373,6.377483472434710,P,1,5.0597463
374,4.847867458993150,CD,1,5.320925
375,6.622455166510390,CD,1,7.3514414
376,7.508698057738540,VV,2,5.0304923
377,6.39906961183706,VV,2,7.344206
378,6.96104287928241,PN,1,6.7433143
379,10.56098737747800,CD,2,5.2655425
380,2.7277528723935400,DEG,1,4.3535395
381,10.173031246104700,VA,2,7.3514414
382,12.609234369080900,VV,1,7.3514414
383,9.543542505506780,AD,2,7.3514414
384,6.133440848420250,AD,1,7.310274
385,8.325828425912810,VV,1,6.5755897
386,17.53383939983010,VV,2,7.3514414
387,7.970323943616740,AD,1,7.0570436
388,4.559665786076210,SP,1,6.8685575
389,6.39906961183706,VV,2,7.344206
390,10.32566260520800,VV,2,7.344206
391,12.770159075693100,AD,2,7.3514414
392,6.404130924023890,AD,1,7.3514414
393,10.117268183862000,VV,2,7.344206
394,10.221164151075800,VV,1,7.3514414
395,7.056989652233060,VV,1,5.501432
396,7.390168654596740,LC,1,6.8685575
397,17.904636378992400,VV,2,7.3514414
398,7.951912412664680,NN,2,7.3514414
399,7.3055351346820200,VV,1,6.041491
400,2.7277528723935400,DEG,1,4.3535395
401,7.8635213343132200,AD,1,6.51126
402,4.463178522257190,VC,1,4.430604
403,10.32566260520800,VV,2,7.344206
404,2.7277528723935400,DEG,1,4.3535395
405,4.463178522257190,VC,1,4.430604
406,7.390168654596740,LC,1,6.8685575
407,6.39906961183706,VV,2,7.344206
408,10.173031246104700,VA,2,7.3514414
409,9.155342537774730,AD,2,7.3514414
410,4.847867458993150,CD,1,5.320925
411,5.742656255517170,PN,1,6.5610642
412,9.155342537774730,AD,2,7.3514414
413,11.663096442500200,NN,2,7.3514414
414,10.173031246104700,VA,2,7.3514414
415,9.359519810370820,VV,2,7.344206
416,24.01388396175680,CD,3,7.3514414
417,7.2840826115732900,PN,2,4.549382
418,8.85009378330317,AD,2,5.77362
419,6.154497896789040,VV,1,7.344206
420,6.395859819953040,NN,1,6.0224166
421,6.413713221508590,AD,2,6.953135
422,7.395731159472210,CC,2,4.494424
423,24.01388396175680,AD,2,6.7433143
424,8.394525626787180,VV,1,7.3514414
425,10.750470775980700,AD,1,7.3514414
426,2.7277528723935400,DEG,1,4.3535395
427,4.514607578933670,P,1,3.9106045
428,8.564008954910840,AD,2,6.207384
429,9.902290219710170,VA,2,7.3514414
430,5.742656255517170,PN,1,6.5610642
431,2.7277528723935400,DEG,1,4.3535395
432,8.380506226133680,AD,2,7.3514414
433,7.58943631113663,AD,1,7.344206
434,17.950098753069200,VV,2,7.3514414
435,6.273012781145630,NN,2,7.344206
436,15.385686212297600,NR,2,7.310274
437,10.646091216899200,VV,1,7.3514414
438,7.093452252120850,AD,1,6.5610642
439,4.847867458993150,CD,1,5.320925
440,8.803073464888810,P,2,5.5598955
441,11.950556453907400,IJ,1,7.3514414
442,7.95570690690971,PN,2,6.734556
443,10.167161599579800,NN,2,6.299195
444,6.133440848420250,AD,1,7.310274
445,6.001590039965290,AD,1,4.9559584
446,8.480319141685060,VV,2,7.3514414
447,8.997397084446850,VV,1,6.566919
448,5.134998086658780,VE,1,5.096284
449,11.394715396955500,VA,2,7.3514414
450,6.185283294221550,AD,1,7.3514414
451,6.154497896789040,VV,1,7.344206
452,13.521832268853100,VV,2,7.3514414
453,5.134998086658780,VE,1,5.096284
454,5.742656255517170,PN,1,6.5610642
455,5.134998086658780,VE,1,5.096284
456,8.759761060956490,IJ,1,7.344206
457,2.7277528723935400,DEG,1,4.3535395
458,11.60570347213930,PN,2,7.3514414
459,14.871073246574200,NN,2,7.3514414
460,7.390917240248650,AD,1,7.3514414
461,4.463178522257190,VC,1,4.430604
462,6.154497896789040,VV,1,7.344206
463,7.1858030399017700,VV,2,6.3906245
464,7.970323943616740,AD,1,7.0570436
465,7.854124814440210,AD,2,7.344206
466,6.901947304013090,VA,1,6.195564
467,7.460746407083130,NN,2,6.3002
468,9.162581291240540,NT,2,7.310274
469,11.535820459518400,VV,2,7.3514414
470,4.681213610519310,CC,1,3.5775623
471,16.07829657616760,NN,2,7.3514414
472,5.134998086658780,VE,1,5.096284
473,5.134998086658780,VE,1,5.096284
474,4.681213610519310,CC,1,3.5775623
475,10.786600365611100,NN,2,7.3514414
476,8.939095134610090,NN,2,6.3702464
477,16.634875834128500,ETC,2,5.653781
478,7.593600925904000,AD,2,7.310274
479,9.570713460926070,NN,2,7.3514414
480,7.832806844992630,CC,2,4.8926983
481,11.770828682629100,NN,1,7.3514414
482,4.847867458993150,CD,1,5.320925
483,5.309630429407180,AD,1,6.386715
484,7.093452252120850,AD,1,6.5610642
485,15.21951368253390,NN,2,7.3514414
486,12.012304865045800,VV,2,7.344206
487,10.717802599032700,NN,2,7.3514414
488,4.514607578933670,P,1,3.9106045
489,7.4927292950102300,VV,1,6.8685575
490,12.012304865045800,VV,2,7.344206
491,7.951912412664680,NN,2,7.3514414
492,11.832662566399300,NN,2,7.344206
493,11.022363024025000,NN,3,7.344206
494,12.59906758989690,NR,2,7.3514414
495,17.339322569942400,NR,2,7.3514414
496,11.418048851845700,VV,1,7.3514414
497,12.958432945055500,NN,3,7.3514414
498,4.463178522257190,VC,1,4.430604
499,17.339322569942400,NR,2,7.3514414
500,4.847867458993150,CD,1,5.320925
501,6.578185937864010,CD,1,3.759165
502,2.7277528723935400,DEG,1,4.3535395
503,6.404130924023890,AD,1,7.3514414
504,2.7277528723935400,DEG,1,4.3535395
505,16.634875834128500,ETC,2,5.653781
506,6.578185937864010,CD,1,3.759165
507,9.09378964655144,VV,1,7.3514414
508,6.404130924023890,AD,1,7.3514414
509,5.359821963071100,NN,1,5.7636557
510,6.001590039965290,AD,1,4.9559584
511,2.7277528723935400,DEG,1,4.3535395
512,16.525031006023300,CD,3,7.310274
513,4.559665786076210,SP,1,6.8685575
514,11.418048851845700,VV,1,7.3514414
515,7.818769215791940,CD,2,4.3814926
516,4.847867458993150,CD,1,5.320925
517,7.644150990208440,VV,1,6.494863
518,11.606647560520500,VA,2,7.3514414
519,13.179532385497000,NN,2,7.3514414
520,2.7277528723935400,DEG,1,4.3535395
521,12.947558148253300,AD,3,7.3514414
522,5.742656255517170,PN,1,6.5610642
523,6.78644602829667,AD,2,6.415766
524,11.70500205224550,NN,1,7.3514414
525,5.742656255517170,PN,1,6.5610642
526,5.996741253909140,VV,1,6.639204
527,8.319057220187180,VV,2,7.310274
528,5.742656255517170,PN,1,6.5610642
529,6.96104287928241,PN,1,6.7433143
530,6.854115083559210,VV,1,6.566919
531,5.309630429407180,AD,1,6.386715
532,15.695385641252400,VV,2,7.3514414
533,6.216225093655350,CD,1,5.633144
534,4.847867458993150,CD,1,5.320925
535,10.263591622538800,NN,2,6.183787
536,7.1858030399017700,VV,2,6.3906245
537,8.117585893335180,VA,2,7.3514414
538,7.602624788977460,AD,2,5.0079174
539,11.067444251360600,NN,1,6.494863
540,9.576411854203210,VV,2,6.3002
541,7.6112510781757700,NN,2,7.0570436
542,24.01388396175680,VC,2,7.3514414
543,11.151582301717300,NN,2,7.3514414
544,5.134998086658780,VE,1,5.096284
545,2.7277528723935400,DEG,1,4.3535395
546,9.552544271496520,VV,2,7.0391965
547,11.06351960234350,VA,2,6.3242297
548,13.869648723958100,OD,2,7.310274
549,4.681213610519310,CC,1,3.5775623
550,7.644150990208440,VV,1,6.494863
551,7.735317417095000,VV,1,4.6347876
552,9.430183224067160,NN,2,7.3514414
553,12.409035866436200,NN,2,7.3514414
554,7.951912412664680,NN,2,7.3514414
555,7.863601895795810,CD,1,4.3294387
556,2.7277528723935400,DEG,1,4.3535395
557,11.031313827217500,NN,2,7.310274
558,2.7277528723935400,DEG,1,4.3535395
559,7.854492732436740,NN,2,6.5755897
560,6.622455166510390,CD,1,7.3514414
561,2.7277528723935400,DEG,1,4.3535395
562,11.770828682629100,NN,1,7.3514414
563,11.582833448300200,NN,2,7.3514414
564,12.574282161205400,NN,2,7.3514414
565,7.602624788977460,AD,2,5.0079174
566,12.482264326739400,NN,2,7.3514414
567,6.39906961183706,VV,2,7.344206
568,7.955380047474460,NN,1,6.8129935
569,2.7277528723935400,DEG,1,4.3535395
570,8.029564419077700,P,1,6.2148724
571,4.463178522257190,VC,1,4.430604
572,9.433906993150680,VV,2,6.734556
573,2.7277528723935400,DEG,1,4.3535395
574,7.460746407083130,NN,2,6.3002
575,12.445334593038600,NN,2,7.3514414
576,8.512865031857590,NN,2,7.3514414
577,13.700607329632400,VV,2,7.344206
578,6.404130924023890,AD,1,7.3514414
579,11.959774390608500,NN,2,7.3514414
580,10.925770472552300,CD,2,5.2613554
581,6.404130924023890,AD,1,7.3514414
582,11.121484843901600,AD,2,7.3514414
583,13.55092348863310,NN,2,7.3514414
584,6.39906961183706,VV,2,7.344206
585,7.744754483312810,CD,1,4.2715235
586,6.209646390258390,VV,1,6.8685575
587,7.310330299551360,AD,2,5.965561
588,6.972065783256670,CC,1,4.336829
589,7.854492732436740,NN,2,6.5755897
590,11.145009947519000,CD,2,5.483122
591,4.463178522257190,VC,1,4.430604
592,2.7277528723935400,DEG,1,4.3535395
593,2.7277528723935400,DEG,1,4.3535395
594,6.154497896789040,VV,1,7.344206
595,9.20693104456223,VV,2,7.0570436
596,5.309630429407180,AD,1,6.386715
597,9.056260790534410,VV,1,7.0570436
598,7.460746407083130,NN,2,6.3002
599,9.09378964655144,VV,1,7.3514414
600,8.69561643395186,LC,2,7.344206
601,6.39906961183706,VV,2,7.344206
602,8.291759627895480,AD,2,7.310274
603,12.517565635100300,VV,1,7.3514414
604,14.684960873953700,LC,2,7.344206
605,10.781821693070100,NT,2,7.3514414
606,5.359821963071100,NN,1,5.7636557
607,7.412648465678390,NN,2,3.8018425
608,2.7277528723935400,DEG,1,4.3535395
609,10.752844448643400,NN,2,7.3514414
610,4.559665786076210,SP,1,6.8685575
611,5.589302146885880,VA,1,5.164133
612,7.360286777020610,AD,1,5.516575
613,12.958432945055500,NN,3,7.3514414
614,6.39906961183706,VV,2,7.344206
615,7.390917240248650,AD,1,7.3514414
616,7.944161137065470,AD,1,7.3514414
617,2.7277528723935400,DEG,1,4.3535395
618,8.0481569294404,VV,1,6.953135
619,4.847867458993150,CD,1,5.320925
620,6.185283294221550,AD,1,7.3514414
621,2.7277528723935400,DEG,1,4.3535395
622,11.91336629523570,VA,2,7.3514414
623,4.681213610519310,CC,1,3.5775623
624,11.770828682629100,NN,1,7.3514414
625,7.675160721864900,P,1,5.945257
626,4.847867458993150,CD,1,5.320925
627,12.653037989669800,IJ,1,5.992529
628,11.418048851845700,VV,1,7.3514414
629,7.451955930537280,CD,1,4.1650147
630,14.213592602049100,NN,2,7.3514414
631,7.644150990208440,VV,1,6.494863
632,24.01388396175680,CD,13,7.3514414
633,2.7277528723935400,DEG,1,4.3535395
634,4.681213610519310,CC,1,3.5775623
635,2.7277528723935400,DEG,1,4.3535395
636,6.294963404035600,CD,1,5.769229
637,7.703771653739700,JJ,1,6.5610642
638,7.214326235943840,AD,2,7.310274
639,10.463452851034900,NN,2,7.3514414
640,11.875683387473400,NN,2,7.3514414
641,4.847867458993150,CD,1,5.320925
642,17.339322569942400,NR,2,7.3514414
643,7.412648465678390,NN,2,3.8018425
644,6.39906961183706,VV,2,7.344206
645,9.299511271449780,VV,1,7.310274
646,2.7277528723935400,DEG,1,4.3535395
647,7.1858030399017700,VV,2,6.3906245
648,11.770828682629100,NN,1,7.3514414
649,7.951912412664680,NN,2,7.3514414
650,7.951912412664680,NN,2,7.3514414
651,11.606647560520500,VA,2,7.3514414
652,17.065946893141800,NN,2,7.3514414
653,2.7277528723935400,DEG,1,4.3535395
654,6.133440848420250,AD,1,7.310274
655,11.341630610048300,NN,2,7.3514414
656,11.02882594659290,NT,2,7.0570436
657,4.847867458993150,CD,1,5.320925
658,8.193778395397070,AD,2,7.3514414
659,7.95570690690971,PN,2,6.734556
660,11.341630610048300,NN,2,7.3514414
661,8.564008954910840,AD,2,6.207384
662,4.681213610519310,CC,1,3.5775623
663,7.948505671318610,NN,1,7.0570436
664,4.847867458993150,CD,1,5.320925
665,5.309630429407180,AD,1,6.386715
666,7.735317417095000,VV,1,4.6347876
667,16.122927245617900,NN,3,6.953135
668,7.802048090007840,AD,2,7.344206
669,8.748006958424820,CD,2,4.7301598
670,2.7277528723935400,DEG,1,4.3535395
671,7.29431282237448,AD,1,7.0570436
672,7.188963990197520,AD,2,6.953135
673,7.631727486303150,VE,1,5.6503654
674,7.631727486303150,VE,1,5.6503654
675,11.558103733786800,NN,2,7.3514414
676,2.7277528723935400,DEG,1,4.3535395
677,12.958432945055500,NN,3,7.3514414
678,6.404130924023890,AD,1,7.3514414
679,6.39906961183706,VV,2,7.344206
680,6.404130924023890,AD,1,7.3514414
681,4.681213610519310,CC,1,3.5775623
682,7.644150990208440,VV,1,6.494863
683,7.138669269622700,PN,2,7.3514414
684,6.377483472434710,P,1,5.0597463
685,6.723622818117740,AD,1,7.3514414
686,7.602624788977460,AD,2,5.0079174
687,8.474990745855460,VV,2,7.310274
688,4.463178522257190,VC,1,4.430604
689,4.463178522257190,VC,1,4.430604
690,2.7277528723935400,DEG,1,4.3535395
691,5.742656255517170,PN,1,6.5610642
692,7.4990523241899100,PN,1,6.734556
693,7.951912412664680,NN,2,7.3514414
694,2.7277528723935400,DEG,1,4.3535395
695,4.847867458993150,CD,1,5.320925
696,7.390917240248650,AD,1,7.3514414
697,11.65304939467420,AD,2,7.3514414
698,4.681213610519310,CC,1,3.5775623
699,11.315196507362700,AD,1,7.3514414
700,10.057120399689600,VV,1,6.695786
701,4.847867458993150,CD,1,5.320925
702,8.193778395397070,AD,2,7.3514414
703,9.09378964655144,VV,1,7.3514414
704,2.7277528723935400,DEG,1,4.3535395
705,24.01388396175680,AD,2,7.3514414
706,2.7277528723935400,DEG,1,4.3535395
707,8.394525626787180,VV,1,7.3514414
708,4.463178522257190,VC,1,4.430604
709,7.551683703532630,AD,2,7.3514414
710,11.770828682629100,NN,1,7.3514414
711,8.759761060956490,IJ,1,7.344206
712,7.639988700445950,AD,2,6.207384
713,10.313797723408000,NN,2,7.0391965
714,5.742656255517170,PN,1,6.5610642
715,6.377483472434710,P,1,5.0597463
716,10.786600365611100,NN,2,7.3514414
717,17.478642690743100,NN,2,7.3514414
718,5.742656255517170,PN,1,6.5610642
719,9.09378964655144,VV,1,7.3514414
720,7.951912412664680,NN,2,7.3514414
721,10.910110307514300,NN,2,7.344206
722,11.604417513606700,VV,2,7.3514414
723,7.508698057738540,VV,2,5.0304923
724,2.7277528723935400,DEG,1,4.3535395
725,10.481550970115700,NN,2,7.344206
726,8.909136347811960,NN,2,7.3514414
727,13.28962587920390,NN,2,7.3514414
728,8.35511062889748,VA,2,7.3514414
729,8.91773043396399,NN,2,6.3968234
730,10.717802599032700,NN,2,7.3514414
731,2.7277528723935400,DEG,1,4.3535395
732,6.39906961183706,VV,2,7.344206
733,5.8311969898493500,CD,1,6.734556
734,13.55092348863310,NN,2,7.3514414
735,5.309630429407180,AD,1,6.386715
736,10.786600365611100,NN,2,7.3514414
737,8.564008954910840,AD,2,6.207384
738,10.463452851034900,NN,2,7.3514414
739,6.185283294221550,AD,1,7.3514414
740,13.312709049386800,NN,2,7.3514414
741,6.558099018479210,PN,2,7.3514414
742,9.09378964655144,VV,1,7.3514414
743,9.809493743656160,VV,1,7.344206
744,4.463178522257190,VC,1,4.430604
745,6.413713221508590,AD,2,6.953135
746,12.623917404187000,AD,2,5.992529
747,9.554302503329250,AD,2,7.0570436
748,10.717567277229000,NN,1,7.3514414
749,15.389272373573300,NN,2,7.3514414
750,8.909136347811960,NN,2,7.3514414
751,6.478125693254080,PN,1,7.3514414
752,4.847867458993150,CD,1,5.320925
753,11.426205251557500,VV,2,7.3514414
754,11.175935998148200,CD,2,5.596835
755,2.7277528723935400,DEG,1,4.3535395
756,8.972641358176830,AD,1,6.639204
757,5.147475830187220,PN,1,7.0391965
758,5.309630429407180,AD,1,6.386715
759,4.463178522257190,VC,1,4.430604
760,6.185283294221550,AD,1,7.3514414
761,5.134998086658780,VE,1,5.096284
762,10.910110307514300,NN,2,7.344206
763,6.86730607567808,CC,1,3.8187919
764,2.7277528723935400,DEG,1,4.3535395
765,6.723622818117740,AD,1,7.3514414
766,9.886226793537920,NN,2,7.3514414
767,5.753495111341640,AD,1,7.0391965
768,5.857126069237800,P,1,4.464805
769,2.7277528723935400,DEG,1,4.3535395
770,5.134998086658780,VE,1,5.096284
771,2.7277528723935400,DEG,1,4.3535395
772,11.097770146123700,VV,1,7.3514414
773,5.742656255517170,PN,1,6.5610642
774,11.91336629523570,VA,2,7.3514414
775,7.733075675062950,VA,2,6.953135
776,6.923222997771650,CD,1,5.910642
777,12.059328622228700,AD,2,7.3514414
778,9.423448099188550,VV,2,7.3514414
779,7.699657705968430,NN,1,6.1282105
780,8.291759627895480,AD,2,7.310274
781,9.140191172573130,IJ,1,7.0570436
782,11.950556453907400,IJ,1,7.3514414
783,15.776933913695300,NT,2,5.2262535
784,6.209646390258390,VV,1,6.8685575
785,5.359821963071100,NN,1,5.7636557
786,24.01388396175680,VV,2,7.3514414
787,7.390917240248650,AD,1,7.3514414
788,16.525031006023300,CD,3,7.310274
789,6.185283294221550,AD,1,7.3514414
790,7.1519928838497,SB,1,5.6868973
791,7.1519928838497,SB,1,5.6868973
792,8.670423676564740,AD,3,7.3514414
793,9.332840951557080,AD,2,7.3514414
794,5.309630429407180,AD,1,6.386715
795,7.440347963222290,VV,2,6.0157766
796,13.221703004538600,VV,2,7.3514414
797,9.502229218740420,VV,1,7.3514414
798,8.962923734970460,VV,2,6.207384
799,7.138669269622700,PN,2,7.3514414
800,9.570713460926070,NN,2,7.3514414
801,7.735317417095000,VV,1,4.6347876
802,2.7277528723935400,DEG,1,4.3535395
803,5.742656255517170,PN,1,6.5610642
804,5.753495111341640,AD,1,7.0391965
805,5.759027415452410,VV,1,4.5921493
806,6.133440848420250,AD,1,7.310274
807,10.612025433474300,VV,2,7.3514414
808,12.725427926689400,NN,2,7.3514414
809,9.769815661564150,P,1,5.559192
810,6.133440848420250,AD,1,7.310274
811,11.157308101469000,PN,2,7.3514414
812,6.133440848420250,AD,1,7.310274
813,6.723622818117740,AD,1,7.3514414
814,6.273012781145630,NN,2,7.344206
815,6.854115083559210,VV,1,6.566919
816,8.771846581893230,VA,1,7.310274
817,13.333045957378600,NN,2,7.3514414
818,10.362195535030100,NN,2,7.3514414
819,5.742656255517170,PN,1,6.5610642
820,10.257489850976300,VV,2,7.3514414
821,6.96104287928241,PN,1,6.7433143
822,8.031425347307340,AD,1,7.344206
823,7.402959482225370,VV,1,7.0570436
824,5.742656255517170,PN,1,6.5610642
825,2.7277528723935400,DEG,1,4.3535395
826,7.735317417095000,VV,1,4.6347876
827,8.909136347811960,NN,2,7.3514414
828,24.01388396175680,VV,2,7.3514414
829,5.134998086658780,VE,1,5.096284
830,8.759761060956490,IJ,1,7.344206
831,5.753495111341640,AD,1,7.0391965
832,7.951912412664680,NN,2,7.3514414
833,10.717802599032700,NN,2,7.3514414
834,8.759761060956490,IJ,1,7.344206
835,10.827095194614000,IJ,1,6.534684
836,8.142366700407870,VV,2,7.0570436
837,2.7277528723935400,DEG,1,4.3535395
838,2.7277528723935400,DEG,1,4.3535395
839,2.7277528723935400,DEG,1,4.3535395
840,8.825974640868300,VV,2,5.8821898
841,2.7277528723935400,DEG,1,4.3535395
842,6.997385090825200,VA,2,6.207384
843,11.555427459987700,NN,1,7.0570436
844,5.753495111341640,AD,1,7.0391965
845,8.759761060956490,IJ,1,7.344206
846,2.7277528723935400,DEG,1,4.3535395
847,7.832806844992630,CC,2,4.8926983
848,2.7277528723935400,DEG,1,4.3535395
849,17.0932124575081,CC,2,5.3464627
850,2.7277528723935400,DEG,1,4.3535395
851,9.09378964655144,VV,1,7.3514414
852,9.570713460926070,NN,2,7.3514414
853,11.007243493527400,VA,1,7.3514414
854,6.133440848420250,AD,1,7.310274
855,9.09378964655144,VV,1,7.3514414
856,7.440347963222290,VV,2,6.0157766
857,5.516516112333380,DT,1,5.8130903
858,7.644150990208440,VV,1,6.494863
859,5.742656255517170,PN,1,6.5610642
860,7.602624788977460,AD,2,5.0079174
861,13.312709049386800,NN,2,7.3514414
862,14.424696279576700,VV,2,7.3514414
863,6.39906961183706,VV,2,7.344206
864,12.725427926689400,NN,2,7.3514414
865,7.602624788977460,AD,2,5.0079174
866,12.718778742069400,NN,2,7.3514414
867,12.958432945055500,NN,3,7.3514414
868,6.413713221508590,AD,2,6.953135
869,10.506141183603800,VV,1,7.3514414
870,12.444682138509900,VV,1,7.3514414
871,24.01388396175680,VV,2,7.3514414
872,14.150229309722400,NN,2,7.310274
873,9.820363086244980,NN,2,7.3514414
874,8.63163069757805,PN,2,7.3514414
875,2.7277528723935400,DEG,1,4.3535395
876,4.514607578933670,P,1,3.9106045
877,5.742656255517170,PN,1,6.5610642
878,9.902290219710170,VA,2,7.3514414
879,5.753495111341640,AD,1,7.0391965
880,8.759761060956490,IJ,1,7.344206
881,14.851893850721600,NN,2,7.3514414
882,2.7277528723935400,DEG,1,4.3535395
883,11.403653729218400,CD,2,5.690386
884,8.884721781113430,NN,2,7.3514414
885,2.7277528723935400,DEG,1,4.3535395
886,12.609234369080900,VV,1,7.3514414
887,10.313797723408000,NN,2,7.0391965
888,6.39906961183706,VV,2,7.344206
889,15.652876853529900,VV,2,7.3514414
890,10.760544954910100,NR,2,7.3514414
891,11.770828682629100,NN,1,7.3514414
892,7.631727486303150,VE,1,5.6503654
893,7.310330299551360,AD,2,5.965561
894,4.681213610519310,CC,1,3.5775623
895,8.266830832992860,VA,2,7.344206
896,5.742656255517170,PN,1,6.5610642
897,7.678603598151690,VC,1,5.0543966
898,13.258302923391700,NN,2,7.3514414
899,10.878819584614500,VA,2,7.3514414
900,6.854115083559210,VV,1,6.566919
901,7.412648465678390,NN,2,3.8018425
902,4.463178522257190,VC,1,4.430604
903,12.104365967182000,AD,2,7.310274
904,15.858521841428600,AD,2,7.3514414
905,13.28962587920390,NN,2,7.3514414
906,17.484465123494600,VV,2,7.3514414
907,10.992692108322200,AD,2,7.3514414
908,2.7277528723935400,DEG,1,4.3535395
909,12.725427926689400,NN,2,7.3514414
910,2.7277528723935400,DEG,1,4.3535395
911,8.114409354086080,VV,2,7.3514414
912,10.827095194614000,IJ,1,6.534684
913,5.266556450546180,NR,1,5.509068
914,8.258693479487880,SP,1,7.3514414
915,6.261166062787120,NR,1,4.6933117
916,5.309630429407180,AD,1,6.386715
917,12.725427926689400,NN,2,7.3514414
918,6.997385090825200,VA,2,6.207384
919,7.214326235943840,AD,2,7.310274
920,9.804289483057970,VV,1,6.953135
921,6.622455166510390,CD,1,7.3514414
922,6.185283294221550,AD,1,7.3514414
923,5.742656255517170,PN,1,6.5610642
924,9.155342537774730,AD,2,7.3514414
925,5.309630429407180,AD,1,6.386715
926,14.173282962275800,NN,2,7.3514414
927,7.402959482225370,VV,1,7.0570436
928,6.39906961183706,VV,2,7.344206
929,7.273896290915890,CD,1,3.8516884
930,7.451955930537280,CD,1,4.1650147
931,6.133440848420250,AD,1,7.310274
932,14.70288410668140,NN,2,7.3514414
933,7.951912412664680,NN,2,7.3514414
934,7.631727486303150,VE,1,5.6503654
935,7.214326235943840,AD,2,7.310274
936,10.203812167088800,AD,2,7.3514414
937,12.87276158190370,NN,2,7.3514414
938,8.325828425912810,VV,1,6.5755897
939,6.96104287928241,PN,1,6.7433143
940,7.093452252120850,AD,1,6.5610642
941,7.1858030399017700,VV,2,6.3906245
942,16.525031006023300,CD,3,7.310274
943,6.185283294221550,AD,1,7.3514414
944,18.449363554434100,VV,3,7.3514414
945,10.687362522282700,VV,2,7.0391965
946,2.7277528723935400,DEG,1,4.3535395
947,9.584282417670330,NT,2,7.3514414
948,15.951136060670400,CD,5,7.3514414
949,2.7277528723935400,DEG,1,4.3535395
950,2.7277528723935400,DEG,1,4.3535395
951,16.766091379988900,AD,2,7.3514414
952,6.185283294221550,AD,1,7.3514414
953,14.11928580306660,NR,2,7.3514414
954,4.681213610519310,CC,1,3.5775623
955,10.899722125230600,NN,2,7.3514414
956,7.270952894445990,CS,2,4.51397
957,7.390917240248650,AD,1,7.3514414
958,11.3168966056195,PN,2,6.734556
959,8.910868969781200,CD,2,4.617959
960,10.221164151075800,VV,1,7.3514414
961,4.681213610519310,CC,1,3.5775623
962,9.813848689992000,NN,2,7.3514414
963,11.604417513606700,VV,2,7.3514414
964,5.309630429407180,AD,1,6.386715
965,24.01388396175680,VV,2,7.3514414
966,10.033811113379300,AD,2,7.3514414
967,12.770159075693100,AD,2,7.3514414
968,7.678603598151690,VC,1,5.0543966
969,8.759761060956490,IJ,1,7.344206
970,4.559665786076210,SP,1,6.8685575
971,11.875683387473400,NN,2,7.3514414
972,11.875683387473400,NN,2,7.3514414
973,9.570713460926070,NN,2,7.3514414
974,5.759027415452410,VV,1,4.5921493
975,4.847867458993150,CD,1,5.320925
976,5.7918316234941000,NN,1,5.1739373
977,6.39906961183706,VV,2,7.344206
978,7.951912412664680,NN,2,7.3514414
979,7.951912412664680,NN,2,7.3514414
980,8.791069301094870,AD,1,6.5610642
981,4.681213610519310,CC,1,3.5775623
982,11.582833448300200,NN,2,7.3514414
983,9.663296240304240,VV,1,7.344206
984,9.788281681654680,NN,1,7.344206
985,2.7277528723935400,DEG,1,4.3535395
986,6.972065783256670,CC,1,4.336829
987,12.958432945055500,NN,3,7.3514414
988,10.589803958592900,CD,3,5.4784513
989,10.717802599032700,NN,2,7.3514414
990,7.631727486303150,VE,1,5.6503654
991,12.31694670258230,VA,2,6.3702464
992,6.133440848420250,AD,1,7.310274
993,12.896641605040100,NN,2,7.344206
994,13.544003637006200,NN,2,7.3514414
995,7.29431282237448,AD,1,7.0570436
996,5.759027415452410,VV,1,4.5921493
997,2.7277528723935400,DEG,1,4.3535395
998,5.134998086658780,VE,1,5.096284
999,24.01388396175680,NT,10,7.3514414
1000,14.35687256086130,NN,2,7.3514414
1001,6.39906961183706,VV,2,7.344206
1002,14.35687256086130,NN,2,7.3514414
1003,10.196744730800700,NN,2,7.3514414
1004,6.377483472434710,P,1,5.0597463
1005,4.514607578933670,P,1,3.9106045
1006,8.291759627895480,AD,2,7.310274
1007,11.633345535398200,VV,2,7.344206
1008,8.291759627895480,AD,2,7.310274
1009,11.582833448300200,NN,2,7.3514414
1010,11.606647560520500,VA,2,7.3514414
1011,11.418048851845700,VV,1,7.3514414
1012,6.216225093655350,CD,1,5.633144
1013,5.134998086658780,VE,1,5.096284
1014,8.623431495548050,AD,1,7.344206
1015,4.681213610519310,CC,1,3.5775623
1016,15.753132607056300,VA,2,7.3514414
1017,5.134998086658780,VE,1,5.096284
1018,6.723622818117740,AD,1,7.3514414
1019,5.309630429407180,AD,1,6.386715
1020,11.082180004724000,NN,2,6.299195
1021,5.759027415452410,VV,1,4.5921493
1022,9.788281681654680,NN,1,7.344206
1023,10.071058166491000,NN,3,6.308465
1024,7.4990523241899100,PN,1,6.734556
1025,4.681213610519310,CC,1,3.5775623
1026,9.15072779618922,AD,1,5.0917993
1027,16.525031006023300,CD,3,7.310274
1028,10.797076233815600,NN,2,6.284638
1029,12.313649398481600,NN,2,7.3514414
1030,8.380506226133680,AD,2,7.3514414
1031,9.970638807472060,NN,2,6.8569107
1032,4.847867458993150,CD,1,5.320925
1033,11.68306590757030,VV,2,7.3514414
1034,7.460746407083130,NN,2,6.3002
1035,10.463452851034900,NN,2,7.3514414
1036,6.185283294221550,AD,1,7.3514414
1037,2.7277528723935400,DEG,1,4.3535395
1038,4.681213610519310,CC,1,3.5775623
1039,9.813848689992000,NN,2,7.3514414
1040,7.848898331790280,NN,2,7.344206
1041,7.356490397161870,NN,2,7.310274
1042,6.622455166510390,CD,1,7.3514414
1043,4.463178522257190,VC,1,4.430604
1044,7.832806844992630,CC,2,4.8926983
1045,7.8635213343132200,AD,1,6.51126
1046,4.847867458993150,CD,1,5.320925
1047,4.847867458993150,CD,1,5.320925
1048,6.39906961183706,VV,2,7.344206
1049,4.681213610519310,CC,1,3.5775623
1050,5.7918316234941000,NN,1,5.1739373
1051,4.681213610519310,CC,1,3.5775623
1052,2.7277528723935400,DEG,1,4.3535395
1053,9.273614627227520,VV,2,7.3514414
1054,4.681213610519310,CC,1,3.5775623
1055,9.861987599477890,NN,2,7.3514414
1056,13.514586461549700,VV,2,7.3514414
1057,7.390168654596740,LC,1,6.8685575
1058,6.216225093655350,CD,1,5.633144
1059,13.28962587920390,NN,2,7.3514414
1060,10.550818733744300,VV,2,7.3514414
1061,10.463452851034900,NN,2,7.3514414
1062,10.463452851034900,NN,2,7.3514414
1063,8.550425415263220,VV,1,7.0391965
1064,7.951912412664680,NN,2,7.3514414
1065,10.313797723408000,NN,2,7.0391965
1066,7.8635213343132200,AD,1,6.51126
1067,6.294963404035600,CD,1,5.769229
1068,10.313797723408000,NN,2,7.0391965
1069,9.056260790534410,VV,1,7.0570436
1070,5.753495111341640,AD,1,7.0391965
1071,16.86947678143560,VA,2,7.3514414
1072,6.39906961183706,VV,2,7.344206
1073,6.622455166510390,CD,1,7.3514414
1074,7.951912412664680,NN,2,7.3514414
1075,10.257489850976300,VV,2,7.3514414
1076,11.201772790114900,NN,2,7.310274
1077,4.514607578933670,P,1,3.9106045
1078,24.01388396175680,NR,2,7.344206
1079,6.294963404035600,CD,1,5.769229
1080,2.7277528723935400,DEG,1,4.3535395
1081,5.309630429407180,AD,1,6.386715
1082,11.105781205966600,VV,2,7.3514414
1083,24.01388396175680,NR,4,7.3514414
1084,2.7277528723935400,DEG,1,4.3535395
1085,6.133440848420250,AD,1,7.310274
1086,7.4216633733223800,VA,1,5.554334
1087,11.06351960234350,VA,2,6.3242297
1088,5.516516112333380,DT,1,5.8130903
1089,6.310811814182770,AD,1,5.620258
1090,4.463178522257190,VC,1,4.430604
1091,10.907954890815900,AD,2,7.3514414
1092,9.570713460926070,NN,2,7.3514414
1093,2.7277528723935400,DEG,1,4.3535395
1094,13.152579930518,NN,2,7.3514414
1095,10.502771751229400,VV,1,7.3514414
1096,5.266556450546180,NR,1,5.509068
1097,7.138669269622700,PN,2,7.3514414
1098,10.787129938866700,CD,2,5.3607683
1099,7.390168654596740,LC,1,6.8685575
1100,9.118242515625230,JJ,2,6.3702464
1101,8.291759627895480,AD,2,7.310274
1102,7.626584107522520,NT,2,6.207384
1103,12.444682138509900,VV,1,7.3514414
1104,8.339548920200430,VA,2,7.310274
1105,8.291759627895480,AD,2,7.310274
1106,4.681213610519310,CC,1,3.5775623
1107,6.521506132939260,VV,1,4.8469467
1108,7.832806844992630,CC,2,4.8926983
1109,10.934104546893700,VV,2,7.344206
1110,7.58943631113663,AD,1,7.344206
1111,5.759027415452410,VV,1,4.5921493
1112,4.847867458993150,CD,1,5.320925
1113,5.742656255517170,PN,1,6.5610642
1114,6.413713221508590,AD,2,6.953135
1115,5.134998086658780,VE,1,5.096284
1116,9.155342537774730,AD,2,7.3514414
1117,11.103153142093200,NN,2,7.3514414
1118,7.021528178513520,NN,2,6.51126
1119,12.609234369080900,VV,1,7.3514414
1120,2.7277528723935400,DEG,1,4.3535395
1121,6.413713221508590,AD,2,6.953135
1122,11.450790931959300,VA,2,7.3514414
1123,13.585460801136300,NN,2,7.3514414
1124,15.820483729804700,NN,2,7.3514414
1125,13.3800497876716,NN,2,7.3514414
1126,7.29228562538852,NN,2,6.8129935
1127,5.134998086658780,VE,1,5.096284