cs_ngram_diff,cs_dep_diff,non_cs_ngram_diff,non_cs_dep_diff
-0.8714948,-2.0152127,0.8476935,-0.5173602
-2.0383174,-1.012918,0.8843785,-0.6317172
-3.5700355,-0.7069621,-3.0579883,-0.9747185
-0.8843785,1.4135973,-0.2724762,-2.5432232
-3.6869654,-1.7320534,2.690311,2.0701704
0.0862914,0.073261,3.86522087,1.0736225
0.0508336,-0.717556,4.64465037,-0.3888993
-0.010063,-1.0936744,3.4772805,-0.501038
-3.579942,1.8832507,3.579942,-0.113916
0.7764723,-1.3474497,2.6749487,0.2671899
-4.0557959,4.5370006,4.3883177,0.399055
1.0828691,2.1130388,0.2819168,-1.739151
-0.4351536,1.1331318,1.2024432,2.8025427
-0.6083754,-0.6251084,0.8932036,0.4220762
1.1089668,-0.7910681,2.8349074,-0.39958
-2.1762657,4.8936632,2.1681624,1.769375
-1.1355574,-2.88116,2.536779,5.129121
-3.1312518,-0.0985759,5.29827007,0.6608635
-2.69101,1.7390332,6.89980777,-0.0174805
1.193853,0.2723743,4.64465037,2.5139675
-1.2834129,-0.9553143,3.6883459,-1.8686386
-3.170043,-0.4499305,2.9761085,3.0857439
-0.6147364,-0.995822,0.474747,0.348988
-1.4444471,0.5258367,0.2771002,-0.2778023
-3.9611228,0.0390204,2.4812174,0.0653073
-0.6523785,-1.962107,1.2256648,-0.1130897
0.738984,-1.3006274,1.3609662,0.1295175
-2.3787651,-2.0582987,1.1645352,-1.1829119
0.262059,1.2683833,1.2024432,0.7883033
0.8008061,-0.7654357,2.1259346,-0.905782
-2.6498426,0.5255594,3.4308267,-2.2673538
-0.7187286,-1.35291,1.534368,-6.5098908
-0.3749664,0.621464,1.7170444,0.1177572
-0.9667697,-0.7910681,5.94518977,0.9967133
-3.4450498,-0.1309178,6.89980777,0.0086904
-1.908986,-1.5235193,-1.2092825,1.405616
-0.961443,-1.687614,0.868688,-0.4802307
0.2258445,1.628422,-1.2157612,0.6573327
0.4960697,0.9396103,1.759009,1.69322
-3.9611228,0.6065593,-0.040461,0.4456197
0.2441935,3.1998375,1.3609662,0.428743
1.0936964,-0.6060153,-0.7095153,0.189051
-2.1762657,-1.382744,-0.040461,0.6893429
-1.0613044,0.1996094,6.85864037,0.7849537
-3.9611228,0.0399254,3.1938152,-0.636127
0.3435769,0.4685597,1.3609662,1.5751834
-1.627123,-0.3340746,1.8006385,1.3718134
0.5924191,-0.0946244,-2.3311295,0.2313817
-0.58848,-0.9299265,3.7895254,4.5785927
-2.3684678,-3.537401,1.8600049,1.495206
1.0582697,1.4135973,-0.4335916,0.441598
-1.640011,1.5076016,3.1816356,0.1735762
-3.645798,-0.0598538,-0.040461,1.0278117
-1.2784945,-0.4071836,0.8476935,1.2613189
-0.1084013,-0.4278736,1.1987785,1.4836927
0.6370405,-0.5998786,-1.3889425,0.828614
0.8970376,2.0055902,1.1011564,3.4865192
-3.9611228,1.0201614,0.5762244,0.905851
1.0699365,-0.3725359,1.565422,5.5169892
-1.0613044,-0.7698005,-1.295344,-0.6527889
-1.1485729,-2.9733673,2.7644414,-0.5428984
-1.5469526,-0.895123,-0.040461,2.1288372
0.452651,0.825623,1.2024432,-1.6293693
-1.4546505,-3.0466607,-3.0579883,-0.6226251
-0.9052086,1.637851,0.2370636,5.99967366
1.2397495,-0.5423999,-0.3075909,1.8282113
-3.5700355,0.9779172,0.1861265,-1.0228736
0.0528812,-0.0946244,0.8843785,-0.7013727
-4.0485605,-0.9269637,3.5609911,2.5277002
-0.867668,1.3178817,0.9863067,0.2990871
-3.579942,-1.7320534,1.572255,0.8019493
-2.1259346,0.6234166,1.2209413,0.245837
-1.310434,-0.2472768,2.8494735,1.3394401
0.5682869,-1.5697899,-0.9773605,2.4191732
-2.6710739,-1.2689803,1.269541,-1.137751
-1.546459,-1.6941426,1.1149631,-0.6514086
-2.69101,-1.0372852,-0.904273,0.317532
0.4948033,-0.6251084,-3.152195,0.4220762
-3.8134864,-0.9110333,-0.040461,-0.2893787
2.1053509,1.5420758,-0.7505259,0.6631654
-1.7900624,-1.7149282,3.5700355,0.8809805
-2.5545554,-1.0327264,-0.040461,0.2465685
-3.6869654,-0.2815865,1.1011564,0.7976625
0.0862914,0.4685597,-0.040461,0.8157296
-1.7059654,-5.8857476,1.3247846,0.4848291
-0.3671072,0.2806183,0.8568343,-1.181885
-1.0775005,-3.7227098,3.6883459,0.5811083
-3.4772805,-0.7069621,-0.040461,0.23697
0.140252,-2.3793636,-2.3000016,-0.62856
2.048089,0.936905,-0.6208285,0.3030717
-0.999924,4.4797237,-5.7508046,-0.2570055
-1.0910184,-0.4228445,3.8822804,0.921926
-1.6513229,0.786607,3.6441545,-0.5768544
-0.9840595,0.3565413,-3.7271687,1.819241
-0.5453701,-1.20423,-0.9203281,0.2635575
-2.9450207,0.6514086,-3.0579883,0.7069621
-2.0105907,-0.8594144,2.9377853,-0.360228
-3.6869654,-0.3725359,-0.8970376,0.2649269
-1.1838214,0.591131,0.909664,3.9341823
1.1777363,3.3326301,-0.5513005,-0.8069322
-1.4289606,3.4156799,3.0432628,1.7087949
-1.3247846,-1.1213818,0.7494894,-2.4455148
0.3219144,1.2683833,3.1386466,1.0742993
-3.4016941,4.0236497,-0.040461,-0.6579189
3.3557807,0.5615676,1.5385357,-0.6057391
-3.1386466,0.555404,2.1259346,0.292336
-0.8843785,-0.3257566,0.5820401,3.0450804
-1.3659392,0.0548345,2.4577775,-0.2893787
-3.226625,2.3870563,2.3414395,-0.8402033
-1.1355574,-1.2613189,2.779195,1.3459291
-2.1008594,2.1390973,1.8363238,1.05327106
-0.6775351,-1.7320534,2.6638385,-0.2422445
-3.5609911,1.5615447,3.7613981,0.3216929
-0.3762073,0.2170143,1.6657666,0.0392234
-2.2927036,-3.9185755,1.534368,0.7635641
0.21684,-0.2611146,1.247422,-3.541673
-1.7260725,-0.7054023,-3.0579883,0.9144024
-1.6524055,-1.2613189,3.5609911,-0.595566
-2.4054828,-1.2848518,3.2741533,-0.4972835
-1.1032243,-0.363616,1.2216477,1.867601
-1.1465367,1.074598,-1.1065845,0.8926247
-0.3496309,1.7856424,3.88519537,-0.4900794
1.4998355,-0.8599679,3.90190587,-1.0230169
-2.594884,3.1531506,2.160045,-0.8710677
-2.6638385,-3.3508812,3.4772805,-1.7407821
-2.973305,-0.1173973,3.8822804,0.189279
1.9064908,0.8185602,1.7295246,-0.2441497
-3.4951276,1.3651843,0.8426376,-2.8329993
-0.6591046,4.3244585,0.6591046,4.0059956
-2.1259346,-2.5934342,1.2209413,1.1746176
-0.363861,-1.8127162,5.44580037,-0.3006527
-3.8822804,0.8115425,0.6400966,-0.6290775
-3.8822804,-1.5644416,2.389631,2.2800658
-1.1264577,-1.7320534,2.9088764,-0.787099
1.8623445,-0.3887987,0.8682211,6.5085923
-3.7895254,2.1390973,3.495344,-0.584997
3.723409,-0.5116282,0.766128,2.88116
2.464862,3.2823677,-0.040461,0.4027316
-3.1386466,-0.3649115,1.31805,0.391051
-3.8822804,2.0055902,3.4576006,1.7440662
-3.579942,-1.3394963,1.6188275,-0.463439
-2.5071154,0.3441388,3.8822804,-1.8255587
0.6785808,1.0290531,-0.640604,2.8435594
-0.4358526,1.2683833,1.3247846,-2.1501383
-1.3247846,-0.3340746,1.3247846,0.162426
0.5825126,1.2096545,2.1259346,-2.1501383
-0.7888217,-0.7284804,-0.040461,-0.1254545
-3.8822804,2.3404244,-0.040461,0.4946814
-0.4037922,-1.6671335,-0.9643392,2.1854805
0.5973434,-0.308586,0.2819168,2.136885
-1.6447874,-1.1769426,-0.040461,0.399136
-1.246481,-4.178116,0.774691,0.7872903
-1.4239597,1.5615447,2.1681624,1.0035584
-2.6172528,-1.1295903,-0.040461,1.7672649
0.1989566,-0.4559864,2.6506229,-1.790832
-2.69101,-0.101988,1.6877099,0.5495214
-0.4351536,0.785208,0.525428,-2.1529224
-2.3650225,0.5262618,1.2658081,-0.8905777
-0.892649,-1.0972706,0.961443,0.341178
-1.132093,-0.55428,0.3726495,-0.941163
-2.9450207,0.4245384,-0.040461,0.5187549
-2.031082,1.6505157,3.1938152,0.014673
-2.3787651,-4.0498587,5.72702107,-0.0123908
-1.7059654,1.2683833,1.534368,-1.729142
1.783997,-2.6915955,-0.8459987,1.8063963
-1.0951018,0.5327816,-3.9316245,0.2640593
-2.3643154,0.9708103,2.973886,-1.7507813
-1.1025253,-0.5814867,1.5014486,0.9902912
-1.1355574,1.3038018,2.8190069,-0.0981224
-3.8822804,2.1390973,3.6811105,0.804198
-2.0383174,-0.7749153,1.580681,0.70445471
-3.2676971,-0.7069621,-0.040461,1.2741799
-2.1259346,-2.1827422,0.959652,1.0015378
-0.4924676,-0.6877113,2.232958,0.23697
-2.001741,1.4416559,-3.1267823,4.0250204
-0.8843785,-1.6993408,0.8843785,0.3014494
-0.606663,-5.1998337,-0.040461,3.1821213
2.4206885,0.4685597,1.3609662,0.7133403
0.9337275,0.0131918,1.3609662,2.068517
0.5599689,0.5757311,-0.040461,-0.9663364
-2.3866404,1.3461434,-4.7516805,0.0140606
-2.9450207,1.4185534,6.89257237,0.0375752
-3.875045,1.2558537,2.2094075,5.1165086
-2.4768566,-1.0972706,1.572255,2.398254
-1.3348277,3.7333775,1.2860394,1.1556201
-1.5058225,2.0055902,6.89980777,1.5473468
-2.5527303,-0.6251084,0.5069213,0.0541133
0.3054345,0.8115425,0.8812316,0.240208
-4.3955531,3.3544601,-0.040461,-0.4381287
2.2290735,3.4585961,1.3609662,-0.6057391
-3.875045,-2.4099408,0.6775351,0.2739227
3.8949395,0.4097759,0.653488,-2.5181633
-3.8822804,-1.9531667,6.89980777,2.5912164
0.9532942,0.3315695,-0.0240159,-0.3315695
-2.0383174,-0.2362803,1.3513756,-2.8183729
-0.6044275,-0.4530978,1.9604894,0.1350481
2.4848233,2.8173774,-3.0579883,0.7069621
-0.9819841,0.555404,3.0970581,3.9798893
-1.8640208,-0.8647917,2.9685559,-0.7918682
-2.0446077,0.1996094,2.1350983,0.6908783
-3.6869654,-1.1961305,1.1276632,0.4974724
-0.8026406,-1.0485394,-0.2625295,0.0488845
-2.1259346,-3.8590782,1.4760014,1.000032
0.5825126,-1.434561,0.959652,2.026794
-2.6442666,2.9473607,-3.1267823,-0.1966071
-1.790936,2.4547265,2.6453695,1.501115
1.1930405,1.3501071,-1.1285551,-1.6625283
-3.1209414,2.3404244,0.262702,-0.0510187
-1.3492489,2.2065877,-0.0895662,4.1076731
-1.1326924,0.6234166,1.3609662,1.7596613
-1.5178774,1.205081,1.7900624,0.382562
-2.1762657,0.6234166,2.1681624,1.7129867
-0.5556069,2.8989857,2.1762657,-0.2561033
-1.447099,0.289892,2.5496698,-2.9351247
-2.3177704,-0.7499408,3.6513899,3.1295207
0.5030227,-0.6233608,3.579942,-0.4325186
-0.387531,0.9066797,1.0270374,2.2871279
-2.0383174,-1.1556008,0.959652,-0.1366617
-3.6488779,-1.6718973,-0.040461,-0.38982
1.3631968,-4.0498587,-0.8454465,2.3795656
-3.6488779,-0.3462455,-0.040461,-0.4357987
0.7168165,0.2043903,1.3609662,1.08453
0.9519453,-0.433218,1.7900624,-0.1276395
-2.9524734,1.5615447,0.6775351,-0.3207225
-2.1762657,0.3987257,2.5192314,1.7529488
-3.5387746,1.2617184,2.1350983,0.8618536
-1.790936,-0.049062,-1.83104,-0.5301613
-0.018166,2.5918081,0.5264042,3.7138938
0.9595845,-0.7069621,-2.519083,2.88116
-3.6488779,0.8842565,-3.0579883,-0.0058294
-0.8476935,2.8393179,-1.8794184,0.466432
-1.2505899,1.6051974,2.2789674,-1.563202
-1.1503658,-0.05848,-0.8025716,0.3132281
-2.3982474,-0.9167963,0.532394,0.8563413
-2.7960501,2.0923553,0.6721869,1.6297925
-1.2115348,-0.2792063,0.3931718,0.2267728
0.8583212,0.3281485,0.8476935,1.1714738
-2.6710739,-0.0867182,4.0557959,0.3279097
-3.042099,2.0057596,1.8308925,1.2613189
-3.8822804,-0.7069621,1.572255,0.7680562
1.4769645,-0.1293783,-0.3409385,-0.0715607
-3.7895254,1.441599,-3.0579883,0.3989101
1.859533,2.3242223,0.868688,0.9494851
-3.579942,-0.6308111,3.6883459,0.5259483
-2.1259346,-0.1480264,0.959652,0.991774
0.135195,-1.5235882,2.4136594,0.0648043
-2.69101,-0.3866849,-0.040461,0.0776754
-1.627123,1.902869,1.3247846,-2.4477113
0.8216362,-0.8658357,0.8843785,1.579077
-2.5347784,0.1996094,2.7223659,0.4872684
-2.9010854,0.2565023,-1.03777,-2.6712326
-0.9632209,0.7546969,0.8843785,1.5987291
1.0458805,3.4226794,1.6342478,3.6939251
-1.0111057,0.9708103,3.5025794,1.884029
-1.7260725,-1.2613189,1.31805,-1.7276714
-3.6488779,-0.2792063,-0.040461,-0.3308435
-0.7549385,0.47386168,-0.066031,-0.2996942
-0.766128,0.66798,0.961443,-0.050135
-0.1677193,0.393774,-3.9316245,2.8416351
-4.0485605,-3.8936537,0.741541,-1.7075315
0.1939371,-1.759571,2.0433932,0.6075393
-0.5136263,-1.3867002,1.2209413,-1.407897
-1.0742889,-0.5708934,1.5813683,-1.568414
-3.7895254,-0.2599425,3.6883459,0.826881
1.2176785,1.6481095,0.5367632,0.9193945
-2.060204,-1.1556008,0.7885737,0.605839
-2.2810517,-0.809476,1.1822287,-1.3591407
2.6611547,-4.7935443,0.2819168,0.038792
-2.69101,-2.1133447,0.8843785,-2.2695918
0.800823,1.8958055,1.247422,-2.5481963
-3.9611228,-0.9544966,1.807331,2.3358985
-0.7549385,-1.3411927,-2.3069072,1.7684645
-0.6591046,-0.9238323,0.961443,-0.917653
-0.000327,-1.1556008,1.2209413,0.326153
-1.4543344,-1.0972706,1.2209413,-0.0616753
-3.9611228,-1.0972706,2.428273,1.5746145
-0.5453551,-0.5318977,0.8476935,4.8505899
0.1991765,0.6234166,6.89980777,1.6051259
-0.6657393,0.6234166,-5.1751096,-0.7107145
-3.6883459,-2.4275426,-0.040461,-0.2033887
-1.4876784,-2.101171,3.8822804,-1.510232
-2.2488946,0.6076507,0.4703369,0.342629
-1.5437867,-0.8911848,-0.2769794,0.0437883
-3.1903345,-0.7499408,-0.040461,2.068517
-1.7779593,0.2234236,3.6883459,-0.861472
-1.9620694,-1.297781,1.8596077,-1.136754
0.204935,0.6234166,3.8822804,-1.3624065
-1.2505899,0.060147,-0.040461,0.4971113
-0.7888217,0.6514086,-0.040461,-0.408567
-2.3608614,3.955258,-3.0579883,0.7069621
-2.1762657,-2.0221495,1.2727451,0.5346417
-3.579942,3.7333775,3.483974,1.6223539
0.0505254,-0.8973253,2.6749487,1.6120262
-1.2727451,0.0887151,1.5284944,0.1196084
-3.8822804,-0.0174826,1.6877099,-0.11463
-0.935232,0.8724505,-1.737219,-0.9267063
-2.4605425,-0.2792063,-3.1267823,1.6253984
-3.579942,-1.855718,2.1259346,-0.566756
-3.875045,0.1946705,1.1102755,-1.8433328
1.8623445,-0.2556373,-1.8888025,0.2923121
-2.2168934,-2.7951674,2.0464811,0.0724356
-1.5273932,-0.6101317,2.0842738,-0.3646193
-0.471379,1.0051793,6.89980777,-0.3194987
-2.0383174,-0.2792063,3.579942,1.002545
-2.1776982,-1.625313,3.265395,-1.358404
-4.3838358,1.136329,2.0945211,-1.1725078
1.8780932,0.1304154,0.9833553,1.0704976
-4.3838358,-0.5324774,-3.0579883,0.3262595
-0.7174557,0.1304154,0.909664,0.8427647
-0.8476935,0.2893787,0.8476935,1.053295
-0.8155845,-1.1556008,3.90190587,0.8275908
-2.1762657,-0.302321,3.875045,1.5037603
-0.6147364,-2.4275426,-0.554169,-0.216897
-4.0557959,0.4342131,-3.0579883,-0.7532257
0.3288293,-1.3633258,0.942951,0.0235753
-0.7416597,-2.0421898,1.1264577,-0.1754141
-2.69101,1.6384937,-0.040461,0.23697
0.21684,-3.9185755,1.3247846,3.4740797
-3.4772805,2.505105,-3.1267823,2.068517
-0.6591046,0.3133727,0.961443,0.3039584
-2.5071154,-0.2792063,-0.040461,-2.1043436
2.9747265,3.7061222,0.6131871,-0.3482349
-2.5527303,3.833765,-0.040461,1.8756707
1.394147,-1.3569999,2.1259346,-2.4477113
-3.6869654,1.8846094,-0.040461,-0.4367766
-0.1677193,-3.8636644,1.3609662,0.4879123
-1.0101882,-1.1516747,4.0557959,0.8135448
-1.5182233,0.282914,-0.040461,0.0472436
0.0788917,0.2147448,1.2024432,-2.5929253
-2.1008594,1.1561577,3.748358,0.2970602
-1.9305684,-1.1556008,2.1259346,2.88116
0.4142177,-1.3867002,0.8843785,3.7925724
-1.2727451,0.1168744,-5.0797688,-1.815319
-3.579942,0.244732,2.1762657,2.4449383
-2.5071154,1.2683833,2.240804,-2.1501383
-0.8476935,-0.4716228,1.3609662,1.795693
-3.9009519,0.8553291,1.3534399,0.9635165
1.7422185,0.125098,1.3609662,1.1460174
-1.9646504,-3.9185755,-0.040461,0.6136003
-2.0383174,0.882626,-0.040461,0.7532047
-1.9646504,0.5641507,-3.0579883,0.5537548
-3.9611228,0.3195424,-0.8970376,-1.3515019
-1.3492489,0.7056493,0.5453551,2.068517
-0.6386133,1.209873,1.3609662,1.240064
1.2923575,1.902869,0.5820401,-2.1501383
-2.0121176,-1.8920407,0.909664,-0.4367766
-1.31878,-0.1024108,-0.1824745,1.491349
-3.6883459,0.304063,3.0432628,0.401246
-3.1082666,0.41468,3.5700355,1.0427816
-0.2461285,0.308082,0.9805496,1.9987778
1.8515306,-0.6265361,1.104979,0.7069621
-3.6883459,2.5906842,-0.040461,2.5388335
-3.678616,0.41468,3.6513899,-1.057803
-1.2115348,1.136329,3.86522087,4.2448742
0.9962695,-3.219574,0.616803,0.8717685
-3.5700355,-1.1776966,-2.3429933,1.5320844
-0.8843785,-1.6397084,-0.9716925,-0.8667973
-3.5025794,-0.7408786,1.6284347,1.4145487
-1.1031422,1.3826257,3.8822804,0.7347847
-3.8822804,-3.9185755,-3.0579883,2.2939506
-0.9632209,-3.3669955,-1.5102235,2.509681
-0.8476935,2.7014252,3.2676971,0.2062842
-0.5820401,-0.8663487,-3.8949395,2.8221923
-1.124031,-0.385213,1.2209413,-0.9871602
-2.7727874,-1.0883512,2.6588421,1.7007909
-0.8714948,-1.1678084,1.2209413,0.6989652
-4.0557959,-1.012918,-3.0579883,-0.7092199
1.8092287,5.075495,2.1643114,1.2528093
-1.7308207,0.401953,2.1885882,0.8806927
-1.2505899,4.0916015,1.0366311,0.2999697
-1.8847308,0.6514086,-4.26532,-0.3101925
-1.668457,-1.1541425,0.3788419,0.5200843
-1.5013305,-0.95046,-0.040461,-0.1161589
-0.8714948,-1.9019782,3.5387746,0.874205
-3.8822804,-1.012918,-0.040461,-1.0101934
1.0677545,-0.7069621,-3.8949395,0.8427647
-3.8822804,-2.4275426,3.6883459,3.8042941
1.9068835,0.6082264,-1.8265772,0.658157
-2.3601847,-2.555198,3.104273,0.6193925
-1.8308925,-1.1556008,1.4901404,1.2328055
-2.846784,0.335853,2.0779848,1.7801471
0.738984,1.1728439,0.909664,1.6773863
-2.3787651,-1.0972706,0.741541,1.2868528
0.21684,-1.106074,1.3247846,1.6901496
-1.7260725,-1.3370832,-4.6198293,0.5245597
-1.7260725,0.3133727,-3.0579883,2.068517
-2.3787651,-0.049062,-3.1267823,0.8006437
-2.1403957,0.339172,1.3247846,0.2062842
-0.8568343,-1.3633258,1.2256648,1.5910863
0.676442,-1.0566865,1.3609662,-1.9638588
-3.8822804,0.7841072,2.2813101,0.7199814
-3.3925676,-3.4437206,2.2684134,-0.6060665
-0.3539504,-2.7154586,0.909664,1.728583
-0.9257708,-3.5680642,2.2178523,0.6571529
-0.9658774,5.5759382,-3.1507433,-2.3026252
-1.5644244,2.0471115,1.2209413,-1.108231
-1.1248576,0.4060836,-0.040461,-0.6485725
-0.6775351,-0.7011894,-0.040461,0.2927346
-3.8822804,0.094616,0.6775351,-0.3848045
-3.2449434,2.094654,1.8204664,-1.4059193
1.1731044,-5.627865,-1.674974,2.6095146
-1.4331885,0.3715756,1.2024432,2.1440603
-3.8822804,-0.0806483,5.11140897,-1.1187091
-0.9632209,-1.012918,3.90190587,-0.4906593
3.9316245,1.6214213,-1.2768765,4.237768
-3.3121621,0.339172,1.5506394,-1.1579559
0.0833764,-2.4299105,1.9653163,-0.3443153
-2.227171,0.9318767,3.5727066,-2.0486703
-1.09439,0.096977,3.841113,0.9172355
-3.4016941,-2.1372284,3.0854113,-0.794868
1.4880418,2.1668925,-0.1309554,3.1994455
-1.2505899,-1.7422571,2.57233,-1.1526216
-3.8822804,-2.375752,3.4450498,0.6865711
0.275536,0.3315695,3.90190587,2.88116
-1.3434414,-0.385213,-0.1672583,-1.4967707
3.674339,0.6514086,1.021209,0.4377463
-3.2449434,-0.0611911,1.8617474,1.7332087
-0.018166,-4.747647,3.03569337,3.7886974
-0.9632209,0.6514086,-1.1086065,0.179898
0.2625295,0.339172,1.3609662,3.7909353
-0.1471818,-2.5435913,0.741541,5.1761683
-1.7031589,2.3203814,1.0174236,-2.1041529
-1.676219,0.3377744,2.6415885,1.000072
-3.7895254,1.0962913,3.2741533,0.459926
-0.961443,-2.9649682,0.868688,2.3219405
-3.579942,0.6514086,3.042099,1.9784949
-0.58431,0.761473,6.89980777,0.863219
-3.743551,-0.7069621,-3.0579883,0.7069621
0.1939371,-0.3404206,2.032271,1.0695371
-2.428273,-0.7499408,0.959652,0.991774
-1.490831,-0.5779748,-0.040461,0.7824995
-0.3185283,-0.286035,3.5609911,2.4034573
-2.1762657,-0.0012798,1.5198786,1.6685303
-3.8822804,1.0589443,3.6883459,0.1346964
-0.5046775,-1.2345781,-0.1515925,0.4901728
-2.032271,1.3684495,1.3365872,-3.7547047
1.1698522,0.7023296,0.8843785,-4.6476846
-1.7031589,0.723103,1.6070874,4.131891
-1.951931,-1.1556008,1.1355574,1.330201
-0.6028702,-4.5134723,2.1259346,1.1746176
-2.428273,1.0405497,1.2209413,2.5888644
0.0528812,0.5327816,-0.9716925,1.7196837
-0.7815863,1.6384937,2.9377853,0.4178444
-2.0383174,1.3550641,-0.040461,0.341178
-3.0894492,-0.7069621,-3.51251,1.2305414
0.4329777,1.2368233,0.2819168,-0.2289424
-1.9784043,1.6391587,1.639839,0.644178
-0.0803387,-0.697361,3.579942,0.352908
-2.4700436,-0.4743461,3.483974,-0.8336103
-2.4424987,-1.1065684,-4.6317233,0.6248188
-1.3659392,0.6514086,2.4577775,0.5149713
-1.0206323,0.123054,1.1894641,0.045836
-1.0613044,-1.891944,3.8822804,-3.521244
-2.69101,-0.8783653,2.2166429,5.7525434
1.829908,-0.960927,1.534368,-6.5098908
-1.9301474,-2.4275426,-0.2079957,-0.688118
-2.69101,-2.4275426,-3.0579883,0.7069621
-1.1465367,-1.4947315,1.8006385,-0.2966232
0.2824774,0.5239277,-0.1309554,-1.2570184
-2.1350983,0.9318767,2.1762657,0.2313817
-3.7895254,0.1996094,3.7895254,0.2452217
0.2497635,-1.1855968,0.6591046,0.9042037
-2.5615127,0.1255325,1.2658081,-0.587186
0.6585447,-4.1262856,0.2819168,0.0462805
-2.7727874,0.8869428,-3.0579883,-0.5102547
-3.9611228,0.9708103,0.827964,0.1082053
0.8583212,1.8592453,3.86522087,4.2826245
-1.5085659,0.1996094,2.1762657,-0.0965171
-3.8822804,0.3278773,1.6366884,2.3468266
-0.8843785,0.125098,3.90190587,2.0702834
1.1310157,-0.352908,-0.0240159,-0.3315695
-3.025702,-2.7617869,6.89257237,2.4737015
-0.4037922,-0.7069621,3.90190587,1.891944
-1.4235373,-0.502154,3.12592867,0.882043
-0.8843785,-1.6012668,3.90190587,-0.6451138
-0.8155845,-0.5493817,-1.0825629,0.4482485
-3.579942,-1.8834777,2.6569634,0.6495367
-2.428273,-0.0996006,2.1259346,-1.2362468
0.5258365,-0.3125307,0.5820401,-1.0641921
-3.8822804,-3.2546394,2.5545554,-0.8985909
0.6112615,-0.929033,0.653488,2.3208455
-3.6869654,-0.043776,2.304459,-0.5173602
-1.012224,-1.078975,1.3609662,1.5751834
-0.892649,-0.653317,-0.306716,2.3929995
1.2645712,-0.094965,3.1082666,-2.4096852
-2.9511666,1.3316026,2.1350983,-0.0965171
-2.0591694,-0.0637315,3.8822804,0.7069621
-1.319291,-0.9110333,2.738223,2.4275426
-3.1852711,0.054402,3.6883459,0.7730996
-0.9265359,-0.0940671,-3.9316245,1.0613642
0.5850191,0.1537167,3.86522087,1.04818752
-3.6869654,-0.52231,3.8822804,-0.1628794
0.9803205,-3.7376749,0.909664,-0.7866444
-2.839304,-3.652642,0.021994,2.0123315
1.379179,-0.6264737,-1.8790735,-0.6271243
-3.8822804,-3.2883054,0.959652,-2.9195755
-2.239482,-0.063278,3.1816356,-0.9149332
-1.6175988,-3.7004658,-0.6511336,-1.4967707
0.8263192,-0.929033,-1.7842305,-0.629082
-1.1503658,-0.9647545,-0.040461,-0.5153544
-2.1681624,-2.1483074,-0.7683096,-3.0515842
-2.7313674,0.343555,0.938407,-0.5412493
-1.3492489,-1.2960415,1.3609662,4.0380921
2.8803316,-0.5378246,-3.1324255,0.75336
-3.8134864,3.1085207,-5.0164063,-1.8643253
-0.9429989,-2.1644234,2.9010854,0.4459398
-0.6386133,6.6314745,0.3431483,3.3373905
-1.1763846,-3.7730324,6.89980777,1.517378
-1.9858894,0.4609897,-0.040461,1.04818752
2.0997663,-1.2893697,-0.7260284,0.40764
-0.9819937,1.3651843,6.89980777,-0.4494993
-3.4277587,0.7157307,1.4094354,0.8075476
0.8970376,0.877951,0.365456,-0.1035968
-3.6869654,-1.1875767,1.1557014,1.5851483
-1.012224,1.0127818,-3.9316245,0.2018644
-0.6591046,-1.0138991,0.961443,2.068517
-0.374503,-1.606378,0.0245225,4.0066603
0.8970376,-1.6602753,-0.040461,-0.2786447
-3.217489,-1.1364685,1.2209413,-0.337685
1.5838222,0.7272377,-1.559432,-0.3427016
-3.7895254,-1.5975561,-3.5605828,1.9247491
-0.868688,0.0744134,1.5674777,0.1458175
-1.0402854,-1.0138991,0.961443,0.6133852
1.9081292,0.1537167,3.86522087,2.7879021
-2.5131386,1.0284983,-0.040461,0.7739305
-2.428273,1.136329,3.4576006,0.3612359
3.8949395,1.4077556,-0.8684158,-0.3240271
-1.570768,-1.5426213,6.85864037,0.5257096
-3.8822804,-1.1773764,-0.040461,2.2474403
0.0528812,-0.3908248,-2.9380415,1.0115445
-0.68626,-0.5398893,6.89257237,1.6236473
-1.7006181,0.4609897,-0.040461,1.04818752
-0.4284733,-0.4165106,0.2819168,1.2689803
-0.7549385,0.2732395,-3.7271687,0.6882383
1.352978,-0.061501,0.868688,1.0535569
-1.4707824,-1.3873175,1.1586239,-0.0704956
-1.2439447,0.1537167,-0.040461,0.4212941
-2.160927,-1.6041395,-1.513923,0.6330838
-2.0446077,0.834526,0.9614947,1.4471723
-1.5630431,0.075436,2.5398105,1.8135816
-0.8505954,0.9831186,3.2141354,0.6829323
-2.3465626,1.5204323,1.252008,0.7320347
-3.9611228,-1.2424533,1.9887064,-0.560266
2.9747265,-0.4858487,4.19552137,1.480065
1.289979,1.263516,-4.2499577,-2.3071977
-0.334676,1.4005671,0.8932036,-1.1113495
-1.2576354,-0.578139,3.78229,-0.363194
-3.9611228,-2.1102876,3.5609911,1.0010493
-0.9265359,0.9831186,-0.040461,2.38720772
1.5365205,1.3919206,1.3609662,4.5068125
-2.8253167,0.216002,0.2819168,-0.3040637
-0.5453551,-0.110108,0.653759,0.6027451
-2.5071154,-0.5332733,2.1259346,0.2062842
1.2907972,0.8677365,-1.1040185,0.4922035
-1.430204,-1.1356979,0.690444,-0.4204192
-2.6710739,0.321238,-0.040461,0.2313817
-3.042099,-0.5464977,3.2254467,0.2216436
1.1693915,1.9652971,-0.8696479,-0.7277497
-0.8505954,0.5939019,-0.040461,0.5127174
-1.5341126,-4.054893,6.89980777,-1.6709073
-1.8974524,0.4884474,-3.3792776,0.2758836
-2.6020904,1.0284983,1.1011564,2.100105
-3.0919032,1.0401375,1.3659392,1.9562507
1.1693915,0.0691226,0.8843785,0.6029656
-3.7895254,0.5014277,-3.9717128,-1.2599731
-0.961443,2.9101822,0.6591046,-0.6841541
-2.7254257,-1.0138991,2.1762657,-3.022891
-3.875045,-2.8771648,2.151097,4.0241393
1.235794,-0.0498487,-1.0673335,-0.6825002
-1.2800664,-0.014242,1.3481514,1.083224
-2.726403,0.098868,6.89980777,3.7109209
0.0528812,-1.169885,0.8843785,0.6518168
-3.67973,-1.2497711,-0.904273,0.1720695
-1.104979,-1.6278205,3.86522087,2.8157762
-0.5974687,0.244697,4.0557959,-0.3383665
-3.7895254,1.6390961,0.7425457,-2.1739158
-0.868688,0.5214313,0.7675085,0.394279
1.1587295,0.2012521,0.868688,1.32008
-2.9038533,-0.52231,2.979647,1.2223275
-1.3917433,0.9138012,2.1119775,3.1881152
-1.8668862,-0.0467109,2.8190069,1.7700375
-2.8317675,0.2793194,-0.8970376,-4.7663888
0.4607448,0.5801527,3.875045,-4.981917
-3.9611228,3.8982852,-0.040461,0.5931
1.3379915,1.1968972,-0.720075,2.4191732
-1.920902,0.5794663,-0.040461,1.2510112
-0.7656279,-1.4578145,0.485518,0.1363759
-0.6828184,-1.334524,2.2168934,1.1130686
-1.5284944,-1.219843,0.940249,-1.277897
0.5558386,2.1252815,0.8843785,-0.3843075
-1.1838512,-0.208205,-0.7402053,-0.3129119
-3.2449434,0.1785945,3.579942,0.1363759
2.376436,-5.327916,-1.674974,2.3802446
-1.566344,-0.9414001,3.7895254,0.0386173
-3.8822804,0.582737,3.8822804,0.8259768
-0.5630892,-0.817819,-1.4086809,1.1963825
-0.1401597,-1.919178,-1.0799755,0.000936
-0.2441578,-1.4356535,1.1822287,0.9647894
-1.8668862,-1.78926,-0.7683096,1.7535911
-0.563564,1.7835178,2.1980343,-1.1976496
-2.638218,-0.8093088,6.60540997,-1.6869857
-1.4543344,3.765733,3.7895254,3.3373905
-0.5959074,-1.9182775,6.89980777,0.6304384
-3.8822804,-0.987844,2.3271193,-3.460517
0.3068919,-0.9540848,-1.5102235,-1.6805207
-1.247422,-0.4220762,2.7181903,-0.0942316
-3.483974,8.296819,1.600008,4.6049013
-3.5025794,-0.844337,1.3307867,1.11685007
-0.81042,0.009469,3.104273,1.4657024
-3.1707456,4.6203644,2.2789674,3.3373905
-0.8476935,0.5592186,-3.9316245,0.4428699
0.5483341,0.0151013,-3.8949395,1.352935
-1.9620694,-2.3366637,6.60540997,-0.1157017
-2.9283109,1.4326074,2.1776982,-2.6797236
-1.0399374,-0.9902945,-3.9316245,-1.3285311
-1.0402854,2.8629709,0.868688,-1.8876896
-0.5453551,3.3573331,1.104979,-0.7532257
2.351045,1.4135973,0.959652,-2.1242043
-4.3838358,4.353335,-0.040461,-5.1250334
3.4100141,-1.9132349,1.0243497,-0.189535
-2.8944523,0.2853227,-4.1790183,0.5931
1.3780705,-1.0401782,0.4414435,1.9427914
-3.8822804,-2.1089032,3.5878826,0.867681
3.8949395,-1.1556008,-1.0673335,0.8004507
-2.1391426,0.3565413,1.3609662,0.8531451
-0.123327,0.4201163,3.6513899,1.4992253
-1.9275172,1.0791257,3.6513899,2.7166405
2.8451177,-1.3848819,2.05055,-0.2737012
-3.2141354,-1.7573073,0.210553,0.6754494
-0.6022749,0.7539449,3.3553704,-0.2167623
-1.6616512,0.806139,-3.2519228,-0.360228
-1.9549376,6.4014908,1.7646088,-7.3192313
-1.6660394,-1.92449,6.89257237,0.117393
-2.2586885,0.8710677,-0.040461,-0.9663364
2.0777927,0.8640218,1.0879908,-0.259744
-0.1322479,1.6521631,3.5727066,1.3202416
-4.0557959,-0.606122,6.58756287,1.6392374
1.8118097,-0.65723,-1.0799755,1.6901496
-2.1054662,2.3195428,-1.2092825,1.0599744
0.138537,1.7200174,-0.8263163,1.0808556
-3.8822804,0.5618506,2.1762657,1.7349543
-1.9186659,3.3721761,3.5609911,-0.6695806
-1.1283441,1.7200174,3.4016941,-1.4850376
-3.8822804,1.7853966,1.2388744,-1.9658539
-1.9620694,4.2511664,0.5556069,2.7933221
-1.4894958,2.6369519,0.6775351,0.6376052
-3.875045,-1.696719,6.89980777,7.8990172
-2.1762657,-0.6518576,2.2955112,0.399136
-2.1762657,0.8749552,-5.9015056,0.4400688
-2.2789674,-0.8670506,3.4576006,1.2615795
-3.9611228,-1.3936076,1.7821026,2.0031199
1.3385005,0.9473253,1.3609662,-1.1326122
-0.4660039,-3.3711677,3.5537557,1.9397678
-1.6851854,-1.3765302,-5.1615206,3.6274304
-4.0557959,1.4751802,2.2253263,-0.8913803
2.3797131,-0.2422962,2.090031,1.1821794
-0.9654966,0.4798785,2.6702454,-0.6132345
-1.3247846,1.8546523,-0.040461,-5.119991
-0.242079,-2.3671017,0.735133,0.8172258
-2.6001742,-2.1382157,3.097758,-0.8112974
-0.3762073,0.6028855,0.7305525,0.4987454
-1.878866,-0.304441,1.8006385,-2.436218
-2.428273,0.0337487,2.1929033,-1.1286621
-0.8155845,-0.840291,0.8843785,1.4128786
0.8025716,-2.066597,1.1188284,-1.602438
-1.7629819,-2.086456,-0.040461,-0.4076148
-0.921526,-0.5538105,-3.0579883,-0.0495403
-3.8822804,-0.642099,5.75093397,0.0454979
-0.8843785,1.0345953,0.8843785,-1.0176993
1.2397495,-0.840291,-1.5128121,-1.1858001
-3.5700355,-0.7302081,2.9761085,0.4429468
-0.7916235,0.1549211,-0.8093137,-1.8130795
0.156396,4.5584955,-1.253164,-2.1297553
-0.8391857,-0.7308566,2.9831261,0.3821318
-2.0945211,0.3955628,1.2811683,-1.574949
-3.7895254,-1.0153424,0.741541,1.2868528
-1.4747157,-0.163832,-0.3535747,2.3219405
-1.2256648,3.9731336,2.1403957,-0.621464
2.5760957,1.4163866,1.7295246,0.8541222
-1.3386794,-0.022284,-0.040461,-0.1489966
-2.2944947,1.7483877,2.2166429,0.9054523
0.3068919,-0.4139543,-1.1086065,0.1363759
0.266451,-0.3345201,0.7187286,1.4602025
-1.7164817,-1.2190575,3.841113,0.8809805
-4.3426684,-0.9430251,-3.0579883,1.5824614
1.2815977,-1.9958987,0.5453551,-1.5242128
-2.4267555,-0.498908,2.8476639,0.5797467
0.7810085,2.8761854,3.90190587,0.0581757
-1.957415,-3.839735,6.89980777,3.3765293
-3.6869654,-0.6026964,0.347976,1.1699786
-1.1838214,-0.2288694,1.3609662,0.573799
2.0742168,0.7856921,-1.2972331,-0.1987428
-1.998409,0.700107,5.22499837,1.092538
-1.9620694,-1.097675,0.6268504,-0.2445774
-2.9283109,2.6369519,0.8983633,-0.2778397
0.0785141,0.1147002,0.5453551,0.8337612
-2.7397606,-0.3094353,-0.4335916,0.1363759
-0.82496,-1.284218,3.4576006,3.3373905
-3.8134864,0.6093353,3.2053593,0.6777587
2.190247,2.213455,0.0042129,0.0573898
-1.0498724,0.2270946,-3.4952189,2.711609
-1.1322022,-2.543309,1.5041423,0.4227486
-1.3307867,-0.0946244,2.1762657,-1.6210761
-1.8668862,-0.7470193,-4.884474,1.0868122
-0.412098,5.0322028,2.9831261,2.4445465
-0.874598,0.9272687,0.7102838,-0.5459408
0.2021031,-1.5126514,2.9377853,0.0005697
-0.509788,2.7172728,2.8173573,-1.3473754
-0.4541496,2.7172728,-0.0660987,0.2022173
-1.3420493,1.1833811,1.3145616,0.7389536
-2.1762657,0.4518845,-7.8373063,-1.9845354
-2.346702,-2.1538784,1.3609662,2.0232973
1.4924704,0.950733,1.0879908,1.42752
-0.6505322,0.4798785,2.9761085,0.4429468
-1.4326319,0.4798785,1.0742889,3.521732
-1.923483,-0.5234471,3.5025794,2.8935314
0.8970376,-1.3358822,3.579942,-0.3313494
-2.441481,-1.8786092,0.8476935,0.6518168
-1.8446744,2.2560232,2.1244171,1.361289
-3.7895254,0.546556,0.156631,1.7295816
-0.868688,0.773823,0.6591046,-0.5296416
-0.6591046,-0.9736507,0.0530486,1.2143112
-2.428273,1.368317,2.1259346,-1.1817978
1.0048035,0.179194,-1.6117448,-0.0123908
1.7792884,-0.7563067,0.9350983,2.0527648
-3.391219,2.2067845,1.3109942,0.1177572
-0.892649,-2.3831348,0.6591046,1.0189777
-1.2241507,1.2028216,0.7988586,2.31194152
0.8297395,-0.6075393,-0.8093137,0.6075393
-2.583731,-1.2324224,1.392231,0.266202
-0.4414435,1.325549,-1.4526495,1.8504769
2.1264071,-3.0753353,-1.7197905,5.3306212
-1.9033134,-1.78926,-0.040461,0.172175
-2.6391124,6.6218835,3.1386466,0.2601342
-1.3188124,1.3465457,1.915339,0.1376723
-2.379405,0.5874366,4.3955531,4.2517837
-1.8504724,-1.9048578,6.89980777,2.3929272
-0.0530616,0.384281,0.156631,-0.431088
-3.579942,1.1016078,-2.3303205,-3.1566573
0.787235,-1.1678084,1.31805,2.0832412
-1.660975,-0.1917194,1.5630431,1.7471255
-0.7576633,0.0868495,3.0432628,0.2376106
-3.7895254,-0.4741356,-0.040461,-0.817429
1.150067,-4.3916536,1.2461884,0.1088545
-1.7365543,0.1249852,1.5014486,0.0192464
-2.4035474,-0.334817,-0.040461,-0.710928
-3.9611228,0.5308584,6.89980777,0.5526989
1.3274379,2.1892783,0.5453551,1.6274151
-2.422689,-2.5221126,-3.0579883,0.2359922
-0.8663153,-0.87774,0.8764526,3.11378804
-3.579942,0.276324,2.690311,-4.1243408
-2.428273,-1.888381,1.310434,1.143074
-0.8843785,-2.6177785,-1.1086065,0.1363759
-0.1086249,0.8614527,2.4245786,0.5371963
-1.4245286,-2.7431321,1.1977834,-1.224758
-2.4585905,-0.7563067,6.10943057,3.6205727
-3.2665933,0.6546806,2.389631,0.3365533
-3.6869654,-2.6177785,3.6883459,0.7288806
1.4927526,0.5469216,4.15021977,-0.722189
-0.577097,0.7501014,1.4942132,0.1363759
-2.3684678,-1.400482,-0.040461,7.6224932
1.9305646,-1.78926,1.5813683,1.569926
-3.7895254,-1.219843,-3.0579883,0.2359922
-1.0402854,3.3573331,-3.0579883,-2.223197
1.2474055,3.3573331,-3.674339,-0.6695806
-1.660975,0.3823118,1.9784043,2.4177254
-0.8933215,4.3624255,2.1259346,2.5504223
-3.6883459,-3.166664,-0.040461,0.6726737
-1.610962,-1.0543365,2.9377853,4.9212539
-3.6883459,4.1820466,2.8173573,0.1553846
1.1145047,-0.2209406,0.4414435,0.8714149
-3.483974,-1.400482,1.43433,1.8432362
0.8970376,5.3917987,3.6513899,-0.5216014
-0.04889,-2.1043194,0.8324074,0.8980417
-1.2534218,-1.2815972,-0.040461,-0.1095525
-0.509788,0.4798785,2.9761085,0.7140345
0.5517564,0.4798785,-0.040461,0.6183698
-1.6331701,-0.5331506,1.8960967,1.9882108
-1.2122544,-0.638708,1.0613044,0.7190535
-3.217489,0.4798785,3.6883459,-0.1407589
1.2075815,0.6193049,1.211614,3.252645
-3.579942,-1.5918205,-0.040461,0.702362
-2.232958,-2.8677779,2.1014145,3.2689357
2.0356417,-0.4461639,0.8476935,0.1654334
-0.7655666,-1.8161626,1.4265162,-0.3194987
0.136096,1.5312267,-0.040461,-0.9066797
-1.8250661,-1.469133,1.1229883,-0.8944758
-0.7344243,0.2361606,1.6831634,-1.8433328
-2.1690303,1.1900363,-0.040461,-2.480096
-1.09439,-1.700539,3.748358,2.4422904
-3.579942,-0.4595725,-1.1819577,-1.2957856
-0.893609,-0.170418,0.9186785,-0.3377402
-0.3300109,-2.1797916,-4.7236258,0.21038
1.1187507,0.9535432,3.86522087,0.3622896
-1.6242066,1.4005671,-0.040461,1.4942195
0.293088,1.2683833,0.8760944,-2.5929253
-0.0459237,-1.6254845,2.1705196,0.3425735
-3.2449434,-2.4275426,3.8822804,3.2148795
1.1738034,-5.485236,-1.674974,2.386165
-2.5366199,2.8132206,1.7373538,1.8302192
1.5821555,-1.1766527,-5.3970433,2.6815208
-0.5969997,0.0748497,2.9439312,3.8054539
-1.028975,0.222394,1.246481,-1.0237897
-2.0383174,-1.6345429,3.1816356,-0.7627706
-1.2548309,-2.8717156,-5.2457129,-0.8376892
0.065866,3.3573331,-0.040461,0.6075393
-2.5839172,0.91556,0.7276797,-0.0825048
-1.2070508,0.2523415,0.3050246,-1.2090605
-1.2534218,-2.88116,3.0432628,1.4263336
-1.9466772,0.7064248,2.9447121,0.9520891
-4.0557959,0.475598,2.3608614,-0.6465513
1.8118097,-3.1951397,-0.4344347,2.2184077
-0.5091255,2.6369519,-0.0660987,-0.014566
-1.2534218,-2.2808107,0.347976,1.1699786
-1.4245286,-0.5345833,1.4360495,-0.7169922
-2.6710739,-0.7563067,2.1681624,1.005877
-0.516955,0.4024238,2.2684134,0.9425375
-2.780019,-2.46998,3.4378144,0.8099383
1.0845695,0.478292,0.8843785,-1.3942627
-1.5014486,0.3770221,-0.040461,-1.1443941
-1.5269934,-2.247325,0.2078434,2.7227831
-2.0383174,-0.0872212,-4.9602157,3.1309928
-3.4772805,-0.2792063,-0.040461,4.5619665
1.7943797,-2.2195323,0.6591046,0.29564
-0.599236,0.9066797,-0.040461,0.6304384
-0.945496,0.1433925,3.8822804,0.5149713
-1.1977834,-0.2994305,2.1259346,1.8743364
-3.391219,-0.0477234,6.89257237,0.1430926
1.130775,3.3573331,0.961443,-2.8904171
-3.8822804,-0.9269637,2.7644414,-0.3129645
0.8216362,-1.8850739,-0.9800758,0.2648624
-1.7810987,-0.2078671,3.579942,-0.9065404
-1.214139,1.174824,3.2741533,-0.8217564
-1.342619,1.174824,1.548265,-0.7159065
-2.6710739,0.5327816,1.6070874,1.3784714
-2.7208097,-1.6544959,1.8308925,1.0613642
-2.0807504,1.184062,1.8941904,-0.1708369
1.0804491,1.0980817,1.2256648,-3.2933958
-0.3379845,0.5459515,2.9038533,-0.2236969
-2.9450207,-0.9479733,0.8760944,0.2688656
-3.78229,0.4001908,-0.904273,3.821155
-0.6591046,5.0581388,0.961443,-2.8904171
-2.1259346,0.4991925,1.2209413,0.518589
-2.1259346,2.3453047,5.85683137,3.7211094
-0.571758,0.845408,2.4245786,0.9300919
-0.0960047,3.3573331,5.93899087,-0.6695806
-2.9450207,-2.2367736,1.0656764,-0.3053508
-0.7344243,1.107665,2.973886,1.0613642
-1.7875944,0.1168744,-0.040461,0.3198094
-2.1762657,1.649492,3.78229,3.3373905
-3.8134864,0.9193647,2.1350983,-2.2686218
-0.3486885,-2.9902192,1.0879908,2.1206432
-0.961443,3.8385427,0.7305525,-0.8402033
-0.8843785,-1.219843,-1.7081295,-2.6636884
1.747312,1.2683833,-1.3116731,-2.4477113
-3.579942,0.5327816,-0.040461,-4.8997765
-0.3081005,0.7310882,2.1259346,1.000032
-3.748358,-1.1433565,3.3569921,2.6940344
0.2298274,6.1791531,-0.9897995,-3.89222
-0.989934,-1.4108227,2.1403957,-2.7270893
-3.41518,0.1059464,2.3271193,-1.1253954
-3.7895254,-4.8739034,0.877877,-3.3069441
1.290621,0.0720699,0.6591046,1.1104292
-3.8822804,-5.5677017,1.1102755,0.021949
-3.0746009,2.3376419,-0.099948,-1.7436285
-0.1872437,2.8904908,-0.1309554,4.2398832
0.3435769,-0.0779735,1.565422,-0.9876817
-1.3247846,-2.7967583,-0.038264,-3.2316875
-2.5071154,-0.2825454,3.579942,1.495206
0.8583212,-0.209438,-0.040461,1.5275225
-2.2813101,-0.48959,3.8134864,1.6528484
-2.9450207,0.4408645,2.8369227,4.85480476
-3.1707456,1.3651843,3.3438325,-1.2551243
1.5075935,-2.237921,1.2256648,-4.143558
-3.3315894,0.244697,-0.040461,-0.0703063
0.940042,-0.4163095,1.3609662,0.7982349
-2.422689,1.1655427,3.86522087,0.4533124
-2.3783955,-0.3110546,3.2654187,2.2872052
1.0527077,-0.0283203,3.8134864,-1.1056405
-2.9010854,0.3029605,0.809454,0.2820202
1.7444801,-2.2367736,-1.6352429,3.0732964
-1.229897,2.7172728,3.6883459,-0.1407589
-1.4707824,0.5253115,1.2805236,0.7986263
-1.0709814,0.4609897,-4.16213,1.20572216
-1.851764,-0.52231,2.8363082,-0.2109434
1.1708965,-2.545319,0.3599692,-0.113144
-1.654919,-0.0528354,-0.040461,0.149187
-0.4660039,-0.4828444,1.4335928,1.2562411
-2.612494,2.1023951,-0.040461,1.8342571
1.2541122,1.2683833,-2.0812295,-3.082197
-3.875045,-0.0177667,-0.040461,0.0100613
-1.4980664,0.6514086,1.5679885,-0.1193261
-1.6524055,-0.063278,1.1644504,0.4916615
-3.8822804,-0.7492033,3.2741533,-0.4972835
-1.2534218,5.206499,4.0833082,2.7227831
-0.127861,0.4798785,6.89257237,-0.617086
-0.8714948,0.012832,6.89980777,2.8618965
-2.69101,0.193471,-0.040461,0.0140606
-2.2927036,-0.882128,1.100213,-3.0433163
-1.627123,0.7771446,1.3247846,-2.1242043
-3.875045,-3.3500097,0.6775351,0.2588113
2.4519764,2.8478583,2.3273416,0.7297198
-0.413032,-2.3895273,1.7862285,-0.3243349
-1.2505899,-0.6959883,-3.0579883,4.444104
-2.1013714,0.6514086,-0.040461,0.385213
-4.3838358,-1.5490086,3.4576006,1.9475643
0.4811746,-1.0755605,1.3609662,2.0952329
-3.8822804,-1.5576708,6.89980777,0.162088
1.2541122,6.692498,0.8843785,-0.6407876
-1.7365543,-1.47484,-0.040461,0.7306661
-0.6702997,-0.0177667,-0.040461,0.4608473
-3.9611228,0.5017427,1.0479207,0.7389536
-0.5453551,1.7928498,0.2771002,-1.4336998
-1.2170665,1.7928498,2.1259346,-0.3194987
-0.949881,-1.1624277,-0.6713645,-0.5966514
-3.5727066,0.3730179,3.5727066,0.7442968
-1.2370026,-0.083221,2.1259346,0.9301075
2.195297,-0.4220762,0.215111,-0.2441497
-3.9611228,-0.2273249,-0.040461,1.2779195
1.0699365,-0.5748803,3.78059517,-1.1431475
-1.9620694,-0.302328,1.3819781,0.4473775
-1.924161,0.6573477,2.2044724,-0.2353786
-1.5314808,-0.2489524,1.5361331,0.620968
-2.0071764,-0.5279283,3.841113,-0.4977177
-1.9974032,-2.7216556,3.7895254,2.7662945
1.2837185,-3.8427873,0.2819168,0.4073063
-2.6191251,-1.4472999,0.5023057,0.2502572
-2.1259346,-1.915289,1.31805,-0.4686122
-0.1041653,-1.915289,1.5198786,0.223301
-3.8822804,-1.5558944,1.0989182,0.1363759
-3.5198237,0.2857284,3.3993965,0.310981
-1.0868914,-0.52231,2.1885882,1.3784714
2.6611547,-1.1390197,1.1987785,1.4815052
-3.579942,0.193471,6.89980777,-0.262025
-1.9208374,0.0450655,1.2119874,-0.701108
-2.6403055,0.773823,0.68829,2.07916943
-1.349901,4.2334722,2.3902297,1.4111985
-0.4063045,-0.52231,2.6741581,3.2877539
0.166347,-0.375946,3.8822804,-1.468864
-2.1142388,0.2853227,-4.5175797,1.5842688
-2.2168934,-2.628094,2.1350983,1.6528484
-0.2923569,0.9602235,1.7887393,0.2935822
-0.8836942,0.0199263,3.8822804,0.0143195
-2.9450207,0.8152877,1.190548,3.8328926
-3.1813983,-1.7733422,-0.040461,-1.129413
-0.6643515,-5.151011,0.961443,0.4016636
0.166347,2.8420133,1.4818794,-0.9825701
-3.2741533,0.2853227,-3.1507433,0.5532877
0.0528812,-0.6825632,1.1279388,0.7569675
-2.160927,0.3251543,1.7886145,0.2359922
-3.065523,4.393579,3.6883459,-2.653937
1.5534548,-0.5204425,0.2078434,-3.4540808
-3.7895254,-2.221993,2.1643114,1.4457888
1.466503,3.7834542,0.961443,1.3405262
-3.9611228,0.3646127,0.959652,-0.9733615
1.9024939,2.2238445,1.021209,0.2313817
-4.0146285,1.2972416,-3.995248,3.3373905
1.9114371,-0.3218598,-0.7491187,4.0477938
-3.7895254,-2.335082,3.6102225,-0.8258807
0.2298274,0.0106803,0.5367632,-0.3981359
-3.5628164,0.4294534,3.1816356,-0.4624513
3.2009339,-0.5748803,-3.9316245,2.4191179
-3.1813983,0.2853227,-4.139661,1.5842688
-0.6591046,1.0401375,-1.254798,0.3223109
-2.428273,0.0106803,2.1259346,1.000032
-2.9511666,-0.7098241,0.9290538,1.57108
-0.9598266,0.703479,2.84482,-0.215929
-0.7797856,-0.1510249,1.3247846,-1.2865598
0.8970376,-0.0969371,1.6108227,0.8526613
0.1859685,-1.2675028,-3.9316245,-0.9888807
-1.5284944,0.68749,-1.1040185,0.5655673
-3.8822804,0.016445,-0.040461,1.3405262
-1.6960864,-1.392834,0.4414435,-1.867136
-1.5013305,1.8050981,3.6513899,0.3205527
0.166347,-1.66621,3.8822804,1.3738107
-3.2741533,0.2853227,-4.5175797,0.5931
3.4062261,-0.9861898,-1.3531145,-0.7690213
-1.3872728,-2.071042,0.6775351,3.6863615
1.349628,2.1154458,6.89980777,-0.980505
-2.7457114,-3.0257978,2.8999185,1.056808
-0.8843785,0.8529037,-1.1086065,-1.0395056
-3.8822804,0.2452457,-0.9716925,1.7013853
-2.2081261,1.8195614,3.0781072,4.8162739
-1.4331885,-0.430444,2.6749487,-1.3840245
-0.1857286,0.271908,-0.2305264,1.6855219
-2.7895648,1.3609788,1.0591024,-0.2213922
-2.232958,-1.406208,1.31805,3.070547
0.9522353,2.3778115,1.6342478,0.1177572
-3.9538874,-1.1468817,0.347976,0.4903136
-0.9265359,-3.0750575,3.86522087,0.4865663
0.363513,2.1663795,-3.9316245,-0.3462282
-2.949344,-1.0972706,2.0154185,1.0417113
-1.0402854,6.692498,0.6591046,1.129362
1.1677007,-1.067235,-0.6418185,0.0565105
-1.108072,-0.011205,2.8317675,-0.5015114
-2.9450207,-0.00567,3.8822804,0.7903901
-2.1666442,1.0201614,1.8150307,3.80606416
0.5143856,1.0201614,0.8408907,0.8070666
-2.690311,0.193471,-0.040461,1.8866525
-1.5205178,1.267976,2.3684678,-0.6335997
-1.5132479,1.4717876,3.579942,-0.7717931
-3.2449434,-3.9682847,3.8822804,1.4387385
4.761152,-0.760055,-2.3788515,3.119691
-1.8668862,0.243141,2.1762657,-0.1533322
-0.9055295,4.393579,2.5884714,-3.235286
-3.9199554,2.6413953,2.3199834,1.2185407
1.2075815,2.0391533,-0.8583212,-2.4296283
-1.6198076,0.61752,2.6141887,-1.4757681
-0.6752858,-4.3916536,1.1561623,-0.0739585
-3.101249,-0.9686845,1.860354,1.9062844
-1.8596508,-1.2581306,1.2542305,0.0141083
-0.117432,-0.310917,2.9831261,-1.2296438
-2.1350983,0.9708103,3.5727066,-2.1242043
-2.4035474,0.1996094,2.1681857,1.9386082
-2.69101,0.5845105,1.034905,4.6920696
1.6528825,1.4135973,-3.152195,-1.187026
0.1735824,4.3513557,-4.1596833,0.709878
-1.7527343,0.2853227,-0.040461,-0.2853227
-1.9633131,1.7390332,6.89257237,2.6741284
-0.8642594,-1.4048359,-0.040461,0.0103176
-1.1485729,-0.4299514,-5.8969027,-0.128535
-3.8822804,0.8847045,2.6749487,-1.5022916
1.0332515,-0.4453912,-3.8949395,1.8355873
-2.3608614,-1.2848518,1.2086578,-1.4484533
-1.8288851,1.3382483,0.3817765,0.3649258
-1.5069944,-1.2399033,-3.0579883,-0.7862823
-3.2949947,-0.2520182,1.3736827,-0.7808182
1.7943797,-1.0528278,0.6591046,-3.824181
-0.5663667,1.0284983,-4.7236258,4.1535552
-1.785838,-0.2493124,3.8822804,0.6239514
-1.785838,0.61752,-0.040461,1.154208
-3.3385185,0.1080429,-0.040461,0.149187
1.5148167,3.9039192,0.3726495,1.6349445
-1.9646504,-0.1061936,0.8476935,0.7583346
-3.8822804,0.882626,3.8822804,0.358657
-3.8134864,-0.3877025,-0.067642,-0.2429143
-0.3726495,-4.8769265,1.9103566,1.1701583
-0.4414435,-1.9179693,3.5878826,0.9098843
-0.8843785,-1.3082061,-0.0240159,-0.7626218
0.5752129,-0.2491743,-1.1086065,0.1363759
-3.6883459,0.6159279,3.5727066,-0.833798
-0.5950395,4.1676135,1.7066524,-2.953629
-3.3724505,4.3513557,-0.040461,1.3679796
-1.0636753,-3.894795,1.0879908,0.8779593
-0.6828184,-0.375708,2.8363082,0.103071
-1.821275,1.264234,-0.040461,2.4322429
-4.3955531,-1.3158777,-0.040461,1.5145857
-0.571563,1.4019562,1.104979,1.2613189
0.6707367,1.320394,-0.1309554,1.0709351
-3.7895254,1.3651843,3.8822804,-0.4277705
0.6925468,0.0246894,3.875045,1.6243334
-3.9611228,2.8420133,2.9761085,1.3310265
1.9518528,-1.3563836,0.8476935,0.0638034
-2.4814156,0.258347,1.1229883,-1.2188046
1.514809,0.0137246,3.875045,0.7186661
0.4457284,6.085328,-0.040461,2.6017461
-3.9199554,1.2972416,-0.040461,-0.7756995
0.3435769,-0.2766914,0.5453551,1.2401599
-0.215111,0.0137246,0.215111,0.1363759
-1.5469526,-3.3380575,1.572255,1.2722658
-1.8006385,0.0137246,1.247422,0.9824837
1.7219767,-1.3650888,0.2819168,-0.2724262
-2.156455,2.7755325,2.1259346,0.2502572
-2.69101,-0.5365842,-0.810277,-0.4444528
-1.7779593,-0.4299514,2.3271193,1.0863709
-3.8822804,2.9339025,3.579942,2.0123883
-1.7546356,-1.3944664,1.4843741,2.7017439
2.3215405,0.0852995,-3.3792776,0.1440599
-3.3605267,4.5509266,2.9718149,0.394279
-1.3307823,0.6059339,1.0411835,-0.3275099
-2.615796,3.028789,2.6141887,1.9366624
-2.1562285,-1.3161569,0.6775351,0.2561605
0.166347,-0.877985,-0.1128421,-0.3848045
-3.2741533,0.2853227,-6.5056193,-3.63845
0.3068919,0.6859162,0.8843785,-0.525739
-2.2927036,0.1260564,1.2024432,0.3026507
-3.483974,0.5925084,3.6883459,-0.1407589
-3.8822804,-1.8448362,1.6070874,3.1594431
1.3508275,-0.1675957,-1.1086065,-1.5385304
-2.5839172,0.4883715,2.4267555,2.6272713
-3.5878826,0.7849517,2.6191251,0.3791668
1.8475361,3.2041664,0.5820401,-5.4615331
-3.8822804,-0.74294,2.9327186,-1.321811
2.2562422,0.561392,3.90190587,-0.0312037
-1.7031589,2.2307739,-3.0579883,0.0638034
-3.841113,-1.1556008,-0.938205,-0.425012
1.3018155,-1.4764037,3.90190587,0.9419988
-1.9842038,2.5174285,2.3866404,-0.6695806
-2.783158,0.4640086,3.8822804,-0.5840422
-0.7330852,-0.485188,0.9315391,-1.4102334
-0.5569358,0.2387646,2.182322,-0.73913
-1.3477454,-0.3862446,2.8317675,-1.2524368
-2.5934934,-0.6249912,2.1259346,0.2502572
-1.785838,-1.478837,-0.29987,-0.956005
-3.6471785,0.61752,-3.1267823,2.4322429
-3.8822804,4.0642954,1.6302164,-0.6695806
3.8949395,0.1168744,-1.5534548,-1.9805108
-2.917554,1.3609788,2.1762657,0.0454979
1.3018155,0.7843743,-1.6903262,0.6283176
-2.8526695,3.832311,-0.040461,-5.7689957
-1.947539,0.1019315,1.6297145,-3.0571113
-2.7862747,-1.8388075,2.3968664,1.0727001
-1.9647376,0.3761558,1.1431304,3.9798893
-2.737279,3.0322217,2.1478344,0.7712013
1.634798,0.529861,0.5367632,2.372521
-0.875505,2.306717,3.5609911,-3.1891889
-1.946475,-0.0174826,-0.040461,-5.1148405
-1.0613044,-0.9979272,-0.040461,-1.4651167
0.8970376,0.1991346,1.614376,2.733113
0.8970376,2.7669763,-5.9635808,1.8399683
-1.7063475,-2.432445,3.8822804,-0.8217564
-0.7150874,-0.6093986,3.042099,0.2274556
-0.8836942,-0.1652078,-0.040461,-0.1827083
-3.8134864,-0.9183521,1.1738516,-3.0146887
-0.4414435,0.8098593,1.1229883,0.4474832
-0.5820401,1.8573087,-0.8297395,-1.8620614
-1.202956,0.9448763,2.1259346,-0.5976076
-3.205462,-0.3168146,2.9666506,-1.5884388
-0.5483715,0.0159929,3.8822804,-0.2029929
-3.78229,0.0529842,3.8822804,0.6239514
1.7887444,0.4076704,1.9667225,2.6226943
-2.615796,1.2972416,-7.8373063,2.2791233
-1.0151825,-0.3168146,2.3968664,-0.501038
-2.6776803,0.216002,5.44428287,-0.8370023
0.6700545,0.3981445,0.3726495,2.020657
-1.6080182,1.7128167,3.2487462,-0.7834591
-2.69101,-0.4220762,-2.7174174,0.9025927
-1.9618783,-0.3680426,0.7494894,0.7389536
-2.5875773,-0.52231,-6.5246263,1.1407955
-1.8089264,-0.395739,1.4095973,-1.7632353
-1.1945629,0.1545301,1.2057355,0.1644827
-1.6510474,0.2185697,1.3609662,-0.4981798
0.166347,-2.952174,-0.040461,0.1363759
-1.5681386,4.562398,-3.4826681,0.5931
-3.645798,0.9318767,3.579942,0.2313817
-1.104979,-2.0950153,-0.0895662,-1.129413
0.0528812,-0.2346043,-1.272284,-2.0245283
-2.039669,0.8525843,3.6441545,-0.188951
1.051751,-1.289792,1.31805,-0.7961237
-1.2534218,-1.6648372,3.6883459,0.6396737
-1.3121609,2.5174285,1.6302164,-0.6695806
-2.9991482,0.5996846,-0.040461,-1.129413
0.613412,-2.6538198,-0.7526517,0.9544849
-1.8001233,-0.52231,1.5596786,1.5815654
-2.7600937,-2.0028637,1.3861571,0.6264205
-0.4935175,0.1954441,1.326211,0.2135438
-1.8668862,-1.7035685,1.2209413,-0.337685
-3.025702,1.7835178,0.6775351,-0.7970016
-2.1762657,0.3507223,3.7895254,-1.372973
-3.7895254,0.549356,3.4576006,1.2615795
0.386059,0.3151088,-0.068782,0.7175233
-0.6768685,0.1896074,-1.7194548,-1.6242257
-2.1762657,6.4014908,1.605907,-4.981917
-2.6498426,0.1996094,3.7895254,1.0319109
0.290507,-0.4059144,4.64465037,-1.6636238
-3.7895254,-0.2914196,1.2488454,-1.114223
1.422771,-0.1639565,0.6591046,0.0454979
-1.207727,0.216002,6.89980777,-0.3792482
-1.4364806,0.2505407,1.06596,1.1086369
-3.7895254,-0.0996006,3.8822804,0.3422416
1.563701,-4.2951951,0.6591046,1.236649
1.2686084,-0.52231,3.5727066,1.1685805
-0.5563233,0.2853227,-3.9356219,0.5931
1.1020224,-0.4907458,4.0557959,1.4882213
-0.6452947,4.562398,-2.5447156,-0.937441
0.166347,0.5937762,-3.0579883,-0.2893787
-3.2741533,0.2853227,-4.5175797,0.5931
-3.2040815,-1.4627343,3.0970581,0.9507966
-0.1753237,0.00330496,4.15021977,0.487683
-1.0361334,3.3577841,3.483974,7.4137469
-0.9658774,-3.003966,-1.0741067,-0.6584536
-1.132093,-1.6884495,2.8006665,-1.5105142
-1.4032797,1.2972416,-0.040461,0.8225099
-2.9450207,-0.1305895,0.4414435,-2.074132
-2.261178,0.8570055,2.9377853,3.566865
-2.6710739,-0.6245384,1.1627144,1.7179692
-3.1209414,4.3859586,1.572255,0.7680562
1.0787687,0.060499,1.735406,-2.2812058
-2.6830756,-0.0553598,1.4371124,-4.6088207
-2.0032558,0.9143193,2.4577775,-1.3205806
-0.2901593,0.0030933,1.1822287,-0.5365963
-2.0945211,-3.0726457,-3.1507433,-0.2941912
-1.6599937,-1.5463164,3.579942,-0.2983134
-3.5878826,-1.3737514,1.7900624,2.9893804
-2.9010854,1.3710794,0.9155237,2.916291
0.3068919,-1.6544959,0.8843785,-0.7376356
-1.627123,1.2683833,0.215111,-2.5929253
1.9151678,-3.9276343,-3.8949395,-0.1602869
-3.8822804,-0.2567994,2.9511666,0.494993
1.8658089,-0.5975304,0.8843785,-1.4475196
-2.019147,1.2972416,-0.040461,3.8096388
-3.875045,-3.2291474,0.345099,3.36071116
0.9595845,-2.3822239,3.90190587,1.000032
-3.2676971,-0.7069621,-5.7916958,1.542714
-0.592897,0.9708103,2.4136594,0.956555
-0.5030026,-1.289792,6.89980777,2.88116
-1.5205178,1.5917727,1.2658081,0.6863796
-2.902443,-2.3548761,3.8822804,0.1608956
3.674339,-0.7069621,1.3609662,3.4140386
-2.5550428,-3.306545,0.474747,-2.4477113
-3.8822804,2.7036317,1.0742889,-0.465749
1.2952445,0.1197179,0.8843785,-0.1759744
-1.2302314,-0.1177572,2.1259346,-0.3784205
-1.768621,-0.0920889,4.0557959,0.2018644
0.5421218,-2.0795702,1.7141318,2.847038
-0.6775351,2.4699074,-0.040461,0.918693
-3.9611228,1.320394,3.8822804,2.1107819
-0.9265359,-0.5748803,1.021209,-0.7148763
0.8583212,-0.5748803,-3.9316245,0.1927259
-3.841113,1.5311613,4.0557959,1.0011642
1.5271195,-0.52231,-0.9716925,0.9069665
-3.8822804,-0.5748803,5.44428287,0.1927259
-3.8822804,-0.1109077,1.145078,1.8831038
-3.9538874,0.690476,4.3955531,2.5564899
1.6741285,-0.5748803,-1.7785458,-1.0353902
0.9421987,0.054402,0.6775351,-2.0166157
-1.4290467,0.2853227,-3.995248,0.5931
-1.1283441,-2.234204,1.5094515,1.5068587
-2.6100174,-0.5748803,2.032271,0.9155641
-0.7177329,0.5286703,1.9103566,-0.1810197
-0.821376,-0.4135698,2.946605,-0.5102547
-1.721314,-0.4351521,2.6191251,1.2409803
-3.8822804,-0.2374023,0.909664,2.068517
-0.9632209,3.5272451,-1.3395715,1.0035584
-0.8476935,-2.0779466,-0.3031233,-0.6868348
-0.8843785,0.6134456,0.8843785,3.8898368
1.9151678,2.0751689,1.057894,-0.7335336
-0.4836302,0.7013234,-3.2888788,1.5694093
-1.9133324,1.4041777,3.579942,-0.0495806
-1.4707824,-2.4119486,-0.040461,-0.3194987
-3.579942,-0.5748803,1.247422,1.4857591
-0.336055,-0.4453912,2.0629468,1.08453
-0.3416848,-0.4979927,-3.0579883,-0.060147
-1.7876665,0.536628,-3.2519228,1.7420116
-1.4444471,-2.596356,2.1350983,1.6878662
-3.6869654,-0.4782134,1.962173,1.8447976
3.674339,-1.7440377,1.3609662,4.9986145
-3.6883459,2.455882,-0.040461,2.1434022
-3.9611228,-0.443897,5.44428287,-0.6051407
-0.8476935,-0.929033,3.53021697,5.44758981
-0.8247574,0.1749235,-1.3859255,-0.6824753
-1.370313,-2.0519236,-2.0552377,3.3369848
-0.9632209,-1.1808705,-0.8684158,-0.8585417
-0.5453551,-1.2960415,-1.0810551,-0.5564742
-0.2249377,-1.4335747,2.1259346,0.186964
-3.3939481,2.0819614,-0.040461,3.1456143
-3.1770606,-1.8397758,2.9831261,0.4601747
-3.8822804,-4.6732181,0.436284,1.111918
1.2203812,0.5510593,1.3976512,1.1816253
-3.67973,5.246299,-2.4353887,3.2349816
0.1933842,-1.2893697,-3.9316245,3.6369119
-0.8320599,0.7849517,3.5878826,0.8427647
-2.8943194,0.9066797,-0.040461,3.4458179
0.6737255,-0.2638218,-1.5469085,2.4275426
-1.1644504,-1.1071982,-0.8970376,0.0502548
-2.85385,-0.6456027,1.1609717,-0.1134332
-0.868688,-0.5748803,0.6591046,2.0204351
0.956187,-1.4109492,-1.7722645,0.4278736
-1.8974524,0.882626,-1.861764,1.7307313
-3.1312518,-0.022284,1.6284347,-0.0105865
-4.3955531,-1.1071982,2.3608614,-0.5178843
0.1398201,-0.6251084,1.3062079,-1.867136
-2.1640154,-0.6251084,0.8932036,0.4220762
-0.6523785,0.8097058,-0.9478652,2.234302
1.715997,0.1155321,-1.0529635,0.2313817
-2.69101,1.320394,1.2434278,-0.908148
0.21684,0.680409,1.2024432,-1.201071
-3.5609911,-0.1228196,1.572255,1.2722658
-0.3762073,2.2266647,2.2621574,-4.981917
1.193853,-0.4862737,1.2024432,-1.6293693
-2.7903934,0.3251543,3.8822804,1.2452007
-0.3487136,0.3251543,0.4414435,-0.6103836
-3.579942,-0.4824829,-5.2297689,3.0138694
-0.58431,-0.3125307,2.1259346,3.582379
-1.8250661,-0.3626322,-0.040461,0.341178
-3.67973,-1.3272967,3.1072963,0.5784214
-1.104979,-5.5107697,0.2771002,-1.3003964
-0.4471479,-1.573734,-2.6124282,1.000032
-1.7779593,-2.3831348,2.5121985,-0.0497077
-3.579942,-2.88116,2.1478344,-0.409711
0.31845,-0.402515,1.2209413,-0.410218
-1.7900624,-0.6503854,3.6883459,0.3070188
-1.1264577,-0.1865664,-0.040461,0.2465685
-0.4417625,0.9066797,-0.040461,1.933764
-3.579942,-1.6544959,3.2741533,-0.8217564
0.8581,0.0106803,0.959652,2.2277298
-3.9199554,1.904322,-0.040461,-1.4651167
0.3435769,-0.4861288,-1.234076,0.0708276
-1.3247846,-1.35291,1.3247846,-1.7473533
-2.428273,0.925389,1.31805,-2.0262905
-3.579942,-0.1240387,1.4827124,-0.0926056
-2.428273,0.0106803,3.5025794,-0.3194987
1.0048035,-2.8556383,0.4596987,-1.8826387
0.8008061,-0.7654357,1.2209413,-0.4558996
-3.841113,0.1996094,2.1762657,0.0716232
-2.6498426,-0.7749153,1.4622594,0.25141073
1.314634,0.470668,0.322789,0.29091
-3.645798,0.3582683,1.635533,0.2413073
-0.909664,0.470668,0.5453551,-0.2144875
0.974795,-0.6503854,-1.8806565,-4.8806908
-3.8822804,-2.7925604,-0.040461,1.309382
-3.8822804,-2.3305654,1.581996,4.9423576
2.5726525,-0.1552086,0.8843785,1.910023
-1.3670268,-1.7015547,1.1011564,-0.7127883
-1.4444471,-2.0152127,-0.131068,0.0058785
-0.7888217,-1.7950942,1.5343461,0.1101433
-1.7603541,2.0057596,1.5355577,-0.4553385
-3.3993965,0.4241762,-3.0579883,5.566168
-2.3036251,0.3507223,3.7895254,0.2559032
-3.8822804,1.6214213,1.4776888,1.8138367
-1.057894,-0.0946244,-3.8949395,-4.4711738
1.5976134,-0.9396362,1.253465,-1.7482013
-3.8822804,0.1996094,3.0900844,-0.115226
0.8216362,1.730815,-1.8790735,3.2001354
-3.5387746,-3.1975426,3.5609911,-1.8019292
-2.428273,-2.8058705,2.6483679,-0.3554392
-3.9611228,-0.995822,4.3955531,1.9865713
1.0725175,-0.6251084,1.3609662,-0.6003757
0.5179125,-0.127806,3.5609911,-0.7566266
-1.8568506,0.6468334,-7.8373063,2.8850373
1.27392,1.4135973,2.1259346,-2.4477113
-0.5667737,0.38055,3.7895254,2.4148747
-2.0383174,0.22824,2.9450207,-0.0113649
-2.69101,-3.0311022,-5.3970433,0.5274484
-1.431808,0.825623,0.525428,-1.201071
1.6452084,-5.5107697,0.909664,0.4624856
-3.579942,-2.8243957,-0.040461,-0.052002
-0.647364,1.2683833,-3.0579883,-1.0735083
-2.69101,-1.934824,3.2741533,-0.0151959
-2.2927036,0.4294534,4.64465037,-1.6957648
-2.1286784,1.0667655,0.958978,-0.337685
-0.1954327,3.232155,5.45900837,0.8114946
-1.985863,-0.95046,6.89980777,-1.0632041
1.7264819,1.2853027,1.31805,0.563723
-3.9611228,0.66798,-0.040461,2.733113
1.3498525,-1.5744602,-3.9316245,0.2364452
-3.8822804,-5.151011,0.866831,1.6851016
1.0091955,-1.3639219,0.5820401,-0.3194987
-0.5970367,0.9708103,1.159166,-2.4477113
-1.6510474,0.5049625,-1.2092825,0.0887662
-2.3643154,0.9542936,-4.7236258,3.6882184
-1.9921563,-0.95046,2.0932379,2.0566074
-1.9020443,-0.1075099,1.2505899,-0.5914595
-1.9392396,-1.4268106,2.9991482,-2.420696
-3.645798,0.4713852,-0.040461,-0.6791832
0.812651,-3.4790185,1.0521493,2.2550059
-2.0383174,0.6256547,3.4576006,-0.155953
-1.9646504,-3.4528412,6.89980777,3.8353137
-2.6710739,-0.4228445,1.1822287,-0.5365963
-1.124469,0.9356787,1.382662,2.523365
-3.9611228,0.882626,1.1822287,-0.5365963
1.2324791,-1.8377273,-1.8268289,3.9984429
-1.23416,-0.025807,-0.040461,0.1619084
-1.131106,1.7451333,1.4843741,-1.250261
-3.579942,-1.5744602,3.7895254,0.2062842
0.2034175,1.2683833,1.7141318,-2.5929253
-1.2505899,0.6514086,-4.9019513,3.1821213
-1.4444471,0.6514086,-0.040461,-0.4906593
-1.4876784,3.9780197,1.702389,0.3261192
0.0804575,-1.9550407,2.1681624,-0.0439964
0.8970376,3.5649915,-4.1682113,1.8343333
-2.0284236,-0.6254994,2.1259346,0.2062842
-0.186377,0.4207227,3.579942,-0.2045979
-0.0151362,0.3251543,3.0231092,-0.7249284
-3.6869654,-0.2651057,-0.040461,-0.4906593
-1.012224,0.258146,-3.674339,0.4627935
0.2298274,-1.392834,-0.2305264,-0.642267
-1.558329,1.074598,0.141709,-0.7487722
2.186006,6.4395542,2.6749487,0.3015122
-1.8006385,2.792158,6.85864037,1.04818752
-1.644027,-0.2209406,2.8177317,0.6304384
0.7849143,-1.722552,0.6591046,-0.501038
-1.7031589,-1.5753898,-0.040461,1.2034351
-1.2122544,-1.231669,3.7895254,0.2364452
-0.7578148,-1.392834,3.104273,0.1927259
-2.69101,-2.4439598,6.89980777,0.399055
0.0788917,-0.2566235,1.247422,-0.3199811
-4.0146285,2.7898236,-0.8970376,1.6528484
1.0828691,-1.391022,0.2819168,3.707009
1.0045675,0.0501606,1.2024432,1.5112462
-3.8134864,-1.0181862,-3.0579883,0.2180508
-0.9429989,-2.7912896,0.7276797,1.7397718
-0.6386133,1.2972416,3.86522087,1.8756707
0.9595845,0.894263,-1.1086065,-0.608186
-2.0383174,-2.3163064,-0.040461,2.9237575
-1.5014486,-3.4528412,1.5263932,-1.3471501
-1.1264577,-0.579628,-0.040461,0.6030392
-0.945369,0.6715674,3.90190587,-4.8997765
-1.6960864,-0.924755,-0.040461,-0.2144875
-1.4446659,-1.2075998,1.5101319,-0.3144495
-2.2944947,-0.363616,3.6513899,4.52365616
-2.0383174,-1.5644416,3.6883459,7.75708896
-3.5700355,-1.1071982,2.1762657,-1.1061636
-2.9799278,-1.1908646,2.3968664,1.0334438
1.0224145,-0.3716235,-3.9316245,0.5149713
-0.8714948,-0.924755,-3.152195,0.4220762
-3.8822804,0.482054,-3.3603267,0.7098955
-0.9632209,-0.5025465,-0.3229532,-0.5027966
1.2742328,0.0721807,-0.0869904,2.262039
-2.1762657,-1.169959,-0.040461,-1.4192528
-1.6447874,0.1996094,2.1350983,1.0319109
-0.8522835,2.8420133,2.8184255,0.3849001
-2.6710739,0.5327816,-0.040461,1.4304264
-3.042099,-0.3546023,2.830034,-0.060147
1.9028001,1.1799696,-0.2334605,2.7665608
-1.99715,-1.1977136,2.1869778,-1.3525836
-3.8822804,-2.8717156,1.0332227,-1.4889262
1.097301,-2.179666,-1.3612135,-1.6712797
-2.7727874,1.0694528,-5.2540399,0.6302003
-2.1762657,-0.0110383,0.827964,0.991774
-3.9199554,0.9318767,2.1762657,-0.6442447
1.1841145,-1.4715092,2.032271,2.4275426
-4.3766004,0.2391193,-0.040461,-0.4695707
1.5584817,1.6063253,1.3609662,4.5218394
-1.9930984,3.1521061,3.8822804,0.560143
-0.4506869,-1.1087322,1.7026574,-1.0134897
-3.2156145,3.7034347,6.58756287,4.99493382
-0.1872437,0.1256745,0.2819168,-0.5786517
1.2095208,1.6580228,0.5407286,-0.5566692
-3.875045,-2.1845615,2.498792,-0.7747685
1.747312,-1.3348527,-1.110897,-2.5929253
-3.9611228,0.6514086,-0.040461,-0.7862823
-0.8476935,-1.5744602,0.7549385,0.2062842
0.9532942,0.4097759,-1.8790735,-2.1501383
0.8970376,-1.9302993,2.2389292,1.3769917
-3.8822804,-1.9531667,0.799477,-0.971814
1.3346748,0.3315695,-1.8098525,2.018977
0.8970376,-0.8605685,-0.040461,1.7447589
1.6406714,-2.4119486,2.1350983,-1.9636524
-1.7256179,-0.3257566,6.89980777,-0.6057543
-0.6044275,-0.8647917,1.8061727,-0.5187878
0.0247426,2.8173774,-0.040461,-0.0375638
-2.0383174,-0.1552086,1.7104998,0.2893433
-1.9646504,-3.4528412,-4.7236258,1.5181715
-1.5489804,0.0900062,2.9761085,0.7140345
-3.579942,-0.2209406,2.1657346,2.068517
0.5825126,-1.434561,0.959652,2.026794
-2.6442666,2.9473607,-0.040461,-0.7580515
-2.1259346,-1.5866846,1.2209413,-0.2031267
-2.428273,2.9198557,0.7872877,3.6329262
-0.690444,0.9290352,0.5820401,-4.779229
-3.875045,-1.4465859,1.6209412,3.2684272
1.1310157,0.4294534,3.90190587,-0.7414069
-2.7233636,0.5622423,2.7706139,1.7871952
-1.2170665,1.8279803,3.0432628,0.5819165
-0.3083915,2.3404244,0.9192934,-0.9267063
-3.6883459,0.4684629,-3.0579883,3.3926541
0.0682821,0.693355,0.6485,1.058431
0.537771,-1.1592576,1.3247846,1.000032
-1.0613044,-0.5536723,3.7895254,-4.7521758
-3.579942,1.6759636,1.2376124,-0.0537545
-2.764822,1.4135973,2.493611,-2.5929253
-0.6604936,-0.9286793,1.8599946,-1.3549781
-0.4358526,0.2147448,1.3247846,-2.4477113
1.3836626,-0.4220762,1.3247846,-0.3194987
-1.4876784,0.3394976,-4.9372603,2.9987934
-0.1704012,-0.6640034,0.156631,-0.7956309
-2.69101,-0.579628,-5.7571693,1.1255722
0.548505,0.3044065,4.64465037,-3.662359
-2.9038533,-0.449601,0.6161594,-2.0882568
-2.1970884,-0.9544177,3.6883459,-1.5879284
-1.5343427,1.076437,2.1259346,1.2409803
-3.042099,0.6323993,-0.040461,0.6573327
-0.9631913,-0.3090704,3.5609911,-1.1347437
-1.3571364,0.549356,3.7895254,2.9091442
-0.7200047,3.5545185,2.0077554,0.223301
-2.3787651,-0.4513636,0.7352695,0.2978837
-1.627123,0.0961055,-3.152195,-1.201071
1.0546512,0.377841,-1.7197905,-2.6525416
-2.3829943,0.1318164,-6.4137689,0.877789
-2.9450207,-2.0881941,-0.040461,1.0816735
-0.786236,1.7336566,0.886086,2.0560086
-3.875045,3.7568423,1.1011564,2.6147445
-0.7726294,0.1440625,0.897883,-0.1254545
-1.3126989,-0.3175447,3.8822804,-1.187007
-1.447099,0.8213823,1.3609662,0.5424746