word,freq,prob,surp
 rich,23111265,0.051529434,1.287944631
 lease,4648598,0.010364626,1.984446357
 house,88238824,0.196739409,0.706108637
the bathroom,2071283,0.004618183,2.335528908
The whole house,29117,6.492E-05,4.187621722
: deck,1798,4.00886E-06,5.396978661
There are window,198,4.41466E-07,6.355103158
time flexible,1469,3.27532E-06,5.484746553
welcome email,216,4.81599E-07,6.317314597
a full,9045375,0.020167786,1.695341772
please email,3284,7.32209E-06,5.1353652
and driveway,7923,1.76653E-05,4.752878692
There are half,8543,1.90477E-05,4.720157942
all free,161772,0.000360691,3.442864994
people share,52460,0.000116966,3.931940062
invincible nice,1,2.22962E-09,8.651768348
Very large living,712,1.58749E-06,5.799288355
rent all,5596,1.2477E-05,4.903890643
also available,764550,0.001704659,2.768362456
There are pet,143,3.18836E-07,6.496432311
welcome email,216,4.81599E-07,6.317314597
Want to return,209,4.65991E-07,6.331622062
The top floor view,1,2.22962E-09,8.651768348
 bathroom,3311165,0.007382653,2.131787526
Suitable for couple,274,6.10917E-07,6.214017786
. off,1,2.22962E-09,8.651768348
: no,1179423,0.00262967,2.580098756
 house,88238824,0.196739409,0.706108637
There are doorman,1,2.22962E-09,8.651768348
years lease,1445,3.22181E-06,5.491900501
very nice,959154,0.002138553,2.669880006
There are doorman,1,2.22962E-09,8.651768348
 an,924038039,2.060257489,-0.313921501
people share,52460,0.000116966,3.931940062
near neighborhood,8878,1.97946E-05,4.703453208
At present half,100,2.22962E-07,6.651768348
is fully,1307783,0.002915865,2.535232661
the house,28512385,0.063571901,1.196734802
one house,250588,0.000558717,3.252808078
 budget,8982512,0.020027625,1.698370542
. walk-in,1,2.22962E-09,8.651768348
through email,7776,1.73376E-05,4.761012096
 leasing,687021,0.001531799,2.814798336
very nice,959154,0.002138553,2.669880006
welcome email,216,4.81599E-07,6.317314597
. queen,1,2.22962E-09,8.651768348
There are indoor,749,1.66999E-06,5.777286531
the young,17345486,0.038673914,1.412581876
people share,52460,0.000116966,3.931940062
Very large living,712,1.58749E-06,5.799288355
other utility,15481,3.45168E-05,4.461969338
pass house,217,4.83828E-07,6.315308614
 house,88238824,0.196739409,0.706108637
: house,20281,4.5219E-05,4.344678983
and deck,50305,0.000112161,3.950157195
the offer,1436487,0.003202826,2.494466648
still available,143943,0.000320939,3.493577798
Pittsburgh cover,1,2.22962E-09,8.651768348
. so,1,2.22962E-09,8.651768348
open party,3262,7.27303E-06,5.138284392
welcome text,375,8.36109E-07,6.077737081
 utility,6943853,0.015482182,1.81016783
There are bus,937,2.08916E-06,5.680028757
 main,37334337,0.083241538,1.079659905
years lease,1445,3.22181E-06,5.491900501
the twin,596798,0.001330635,2.875940989
 call,54855827,0.122307874,0.912545582
the young,17345486,0.038673914,1.412581876
can share,282762,0.000630453,3.200347304
and vending,17261,3.84855E-05,4.414702396
The whole house,29117,6.492E-05,4.187621722
a queen,509611,0.001136241,2.944529555
a block,1417979,0.00316156,2.500098549
 about,408229976,0.910199396,0.040863457
 bedroom,5546123,0.01236577,1.907778851
this house,1591185,0.003547744,2.450047672
just remodel,57,1.27089E-07,6.895893493
There are free,4545,1.01336E-05,4.994234461
 manager,11812385,0.026337178,1.579430755
in basement,24838,5.53794E-05,4.256651726
corridor building,201,4.48154E-07,6.348572291
 room,76964590,0.171602105,0.765477388
near house,2472,5.51163E-06,5.258719882
: queen,4269,9.51827E-06,5.021442194
There are double,2401,5.35333E-06,5.271376188
. email,1,2.22962E-09,8.651768348
or available,67140,0.000149697,3.824787011
 house,88238824,0.196739409,0.706108637
is fully,1307783,0.002915865,2.535232661
if renew,1,2.22962E-09,8.651768348
 utilities,2057917,0.004588381,2.338340494
open party,3262,7.27303E-06,5.138284392
enjoy apartment,42,9.36442E-08,7.028519058
~ update,157,3.50051E-07,6.455868696
to visit,5802218,0.012936765,1.888174306
 apartment,8091938,0.01804198,1.743715802
can move,846264,0.001886851,2.724262482
School is over so,1,2.22962E-09,8.651768348
: apartment,2675,5.96424E-06,5.224444562
. yearly,1,2.22962E-09,8.651768348
place playground,1,2.22962E-09,8.651768348
There are walk,74,1.64992E-07,6.782536629
a fireplace,215613,0.000480736,3.318093406
 prefer,7599621,0.016944298,1.770976414
or house,135928,0.000303068,3.518459421
zhang king,1,2.22962E-09,8.651768348
the apartment,1668537,0.00372021,2.429432507
The whole house,29117,6.492E-05,4.187621722
package utility,75,1.67222E-07,6.776707085
The whole house,29117,6.492E-05,4.187621722
rent house,1958,4.3656E-06,5.359955661
building house,1646,3.66996E-06,5.435338517
please email,3284,7.32209E-06,5.1353652
for check,21853,4.8724E-05,4.312257283
There is no floor,445,9.92183E-07,6.003408337
There are doorman,1,2.22962E-09,8.651768348
 house,88238824,0.196739409,0.706108637
 house,88238824,0.196739409,0.706108637
open party,3262,7.27303E-06,5.138284392
people share,52460,0.000116966,3.931940062
There are bar,183,4.08021E-07,6.389317259
or couple,23985,5.34775E-05,4.271828626
the lease,1172202,0.00261357,2.58276589
add utility,470,1.04792E-06,5.97967049
The price the,4437,9.89284E-06,5.00467892
this apartment,84234,0.00018781,3.726280924
in union,252441,0.000562849,3.249608456
hair email,1,2.22962E-09,8.651768348
is pet,1403,3.12816E-06,5.504710677
a bathroom,194787,0.000434302,3.362208379
a happy,2318486,0.005169352,2.286563871
individual house,8050,1.79485E-05,4.745972468
The room house,40,8.9185E-08,7.049708357
The whole house,29117,6.492E-05,4.187621722
 update,1906925,0.004251726,2.371434736
rent house,1958,4.3656E-06,5.359955661
is scam,55,1.22629E-07,6.911405659
 ps,349290,0.000778785,3.108582196
zhang house,1,2.22962E-09,8.651768348
The room available,1389,3.09695E-06,5.509066103
The whole house,29117,6.492E-05,4.187621722
a house,5332211,0.011888826,1.924861022
. $300,1,2.22962E-09,8.651768348
There are doorman,1,2.22962E-09,8.651768348
There are indoor,749,1.66999E-06,5.777286531
a closet,266257,0.000593653,3.226467314
 bedroom,5546123,0.01236577,1.907778851
 apt,4813362,0.010731988,1.969319823
the summer,8488087,0.018925243,1.722958526
or email,34106,7.60436E-05,4.118937561
 town,44491591,0.099199524,1.003490412
specific floor,942,2.10031E-06,5.677717446
specific email,862,1.92194E-06,5.716261082
 see,255652906,0.570009883,0.244117615
Due to the gas,2778,6.1939E-06,5.208036107
 lobby,2215748,0.004940285,2.306247982
There are lease,1,2.22962E-09,8.651768348
all utility,8134,1.81358E-05,4.74146418
is house,7151,1.5944E-05,4.79740157
In and out lobby,1,2.22962E-09,8.651768348
 prefer,7599621,0.016944298,1.770976414
can email,4896,1.09162E-05,4.961926939
house floor,15428,3.43986E-05,4.463458718
There are doorman,1,2.22962E-09,8.651768348
. lease,1,2.22962E-09,8.651768348
 apartment,8091938,0.01804198,1.743715802
indoor garage,498,1.11035E-06,5.954539006
people share,52460,0.000116966,3.931940062
all offer,27412,6.11185E-05,4.213827625
rent house,1958,4.3656E-06,5.359955661
The room or,1325,2.95425E-06,5.52955247
 house,88238824,0.196739409,0.706108637
a block,1417979,0.00316156,2.500098549
a block,1417979,0.00316156,2.500098549
 available,50526536,0.112655183,0.948248823
the email,71958,0.000160439,3.794689264
 the,16977752813,37.85400698,-1.578111858
， queen,209898,0.000467994,3.329760048
， leasing,52125,0.000116219,3.93472228
 building,39069668,0.087110674,1.059928628
 doorman,218735,0.000487697,3.311850068
just deep,13978,3.11657E-05,4.506323312
can share,282762,0.000630453,3.200347304
the house,28512385,0.063571901,1.196734802
a walk-in,26507,5.91006E-05,4.22840777
since available,1941,4.3277E-06,5.363742813
 free,68139641,0.151925786,0.818368507
a houses,525,1.17055E-06,5.931609045
 utility,6943853,0.015482182,1.81016783
", utility",147293,0.000328408,3.483586241
negotiation move,63,1.40466E-07,6.852427799
the garage,917114,0.002044819,2.689345025
Don't need to security,1,2.22962E-09,8.651768348
the apartment,1668537,0.00372021,2.429432507
live house,637,1.42027E-06,5.847628916
 house,88238824,0.196739409,0.706108637
 nice,11424445,0.025472218,1.593933237
zhang king,1,2.22962E-09,8.651768348
 hard,50333840,0.112225543,0.949908284
very nice,959154,0.002138553,2.669880006
live dining,1,2.22962E-09,8.651768348
: bedroom,1681,3.748E-06,5.426200635
a outdoor,425,9.4759E-07,6.023379418
a bedrooms,1,2.22962E-09,8.651768348
 bedroom,5546123,0.01236577,1.907778851
a walk-in,26507,5.91006E-05,4.22840777
/ month,67613,0.000150752,3.821738142
this apt,3342,7.4514E-06,5.127761903
. quarter,1,2.22962E-09,8.651768348
( queen,19745,4.40239E-05,4.35631121
The boy share,111,2.47488E-07,6.60644537
existing queen,146,3.25525E-07,6.487415493
very nice,959154,0.002138553,2.669880006
visa check,516,1.15049E-06,5.939118647
layer house,309,6.88954E-07,6.161809869
including bath,698,1.55628E-06,5.807912926
 update,1906925,0.004251726,2.371434736
layer house,309,6.88954E-07,6.161809869
 house,88238824,0.196739409,0.706108637
. floor,1,2.22962E-09,8.651768348
 rooms,13589534,0.030299553,1.518563784
.  sewage,1,2.22962E-09,8.651768348
including paper,7323,1.63275E-05,4.787079314
please email,3284,7.32209E-06,5.1353652
"After all, bathroom",1,2.22962E-09,8.651768348
very nice,959154,0.002138553,2.669880006
a house,5332211,0.011888826,1.924861022
/ month,67613,0.000150752,3.821738142
the house,28512385,0.063571901,1.196734802
 house,88238824,0.196739409,0.706108637
. share,1,2.22962E-09,8.651768348
The landlord post,1,2.22962E-09,8.651768348
 apartment,8091938,0.01804198,1.743715802
sell queen,55,1.22629E-07,6.911405659
people share,52460,0.000116966,3.931940062
( house,47764,0.000106496,3.972667659
. house,1,2.22962E-09,8.651768348
very nice,959154,0.002138553,2.669880006
this apt,3342,7.4514E-06,5.127761903
The whole house,29117,6.492E-05,4.187621722
the email,71958,0.000160439,3.794689264
 neighborhood,8484844,0.018918013,1.723124486
is queen,12402,2.76518E-05,4.558276621
welcome email,216,4.81599E-07,6.317314597
a bedroom,254376,0.000567163,3.246292214
a closet,266257,0.000593653,3.226467314
 bonus,1557513,0.003472669,2.459336668
There are basement,74,1.64992E-07,6.782536629
the lease,1172202,0.00261357,2.58276589
very nice,959154,0.002138553,2.669880006
Some of the house,2723,6.07127E-06,5.216720707
the location,3462452,0.007719966,2.112384587
. share,1,2.22962E-09,8.651768348
free gym,271,6.04228E-07,6.218799057
 house,88238824,0.196739409,0.706108637
 house,88238824,0.196739409,0.706108637
. a,102,2.27422E-07,6.643168177
is apartment,567,1.2642E-06,5.898185289
: studio,31258,6.96936E-05,4.156807161
can a,901849,0.002010784,2.69663452
and half,2479267,0.005527833,2.257445049
a house,5332211,0.011888826,1.924861022
various apartments,7796,1.73821E-05,4.759896518
 apartments,2081252,0.00464041,2.33344368
is park,1170,2.60866E-06,5.583582487
independent house,1747,3.89515E-06,5.409475443
take bus,15751,3.51188E-05,4.454460217
or email,34106,7.60436E-05,4.118937561
 lease,4648598,0.010364626,1.984446357
There are park,147,3.27755E-07,6.484451014
layer duplex,1,2.22962E-09,8.651768348
. management,1,2.22962E-09,8.651768348
is house,7151,1.5944E-05,4.79740157
a house,5332211,0.011888826,1.924861022
layer house,309,6.88954E-07,6.161809869
layer house,309,6.88954E-07,6.161809869
. view,1,2.22962E-09,8.651768348
a queen,509611,0.001136241,2.944529555
 queen,6558077,0.014622047,1.834991837
 living,50484156,0.112560691,0.948613248
To view floor,1,2.22962E-09,8.651768348
big apt,1,2.22962E-09,8.651768348
A friend house,1,2.22962E-09,8.651768348
 house,88238824,0.196739409,0.706108637
with garage,2868,6.39456E-06,5.194189201
very flexible,91519,0.000204053,3.690257082
provide queen,1,2.22962E-09,8.651768348
 apartment,8091938,0.01804198,1.743715802
 apartment,8091938,0.01804198,1.743715802
 apt,4813362,0.010731988,1.969319823
still available,143943,0.000320939,3.493577798
Very large walk-in,62,1.38237E-07,6.859376659
a block,1417979,0.00316156,2.500098549
hall apartment,138,3.07688E-07,6.511889262
super nice,1662,3.70564E-06,5.431137329
the house,28512385,0.063571901,1.196734802
 house,88238824,0.196739409,0.706108637
between bedroom,904,2.01558E-06,5.695599918
A lot of money,9870,2.20064E-05,4.657451196
the crime,2417392,0.005389875,2.268421268
rent house,1958,4.3656E-06,5.359955661
I email,928,2.06909E-06,5.684220372
including utilities,4886,1.08939E-05,4.962814886
building house,1646,3.66996E-06,5.435338517
 house,88238824,0.196739409,0.706108637
put queen,480,1.07022E-06,5.970527111
( powder,13349,2.97633E-05,4.526319615
 lease,4648598,0.010364626,1.984446357
( powder,13349,2.97633E-05,4.526319615
. furniture,1,2.22962E-09,8.651768348
the house,28512385,0.063571901,1.196734802
In and out apartment,1,2.22962E-09,8.651768348
Very large living,712,1.58749E-06,5.799288355
 bathroom,3311165,0.007382653,2.131787526
and email,38525,8.58963E-05,4.066025701
At any time email,1,2.22962E-09,8.651768348
 email,1149215,0.002562317,2.591367062
There are floor,340,7.58072E-07,6.120289431
 house,88238824,0.196739409,0.706108637
is house,7151,1.5944E-05,4.79740157
a house,5332211,0.011888826,1.924861022
. yearly,1,2.22962E-09,8.651768348
 washer,514415,0.001146952,2.940454724
a house,5332211,0.011888826,1.924861022
 washer,514415,0.001146952,2.940454724
: no,1179423,0.00262967,2.580098756
Can also be email,1,2.22962E-09,8.651768348
 topic,7387640,0.01647166,1.783262624
There are dining,317,7.06791E-07,6.150709086
very cozy,9911,2.20978E-05,4.655650872
building house,1646,3.66996E-06,5.435338517
good house,71976,0.000160479,3.794580641
 email,1149215,0.002562317,2.591367062
super nice,1662,3.70564E-06,5.431137329
a playground,124306,0.000277156,3.557276257
. everything,1,2.22962E-09,8.651768348
the acc,15538,3.46439E-05,4.460373231
( bedroom,1953,4.35446E-06,5.361066105
 floor,26833734,0.05982914,1.223087238
open party,3262,7.27303E-06,5.138284392
 house,88238824,0.196739409,0.706108637
open party,3262,7.27303E-06,5.138284392
. utilities,1,2.22962E-09,8.651768348
( chinese,274,6.10917E-07,6.214017786
the balcony,750917,0.001674263,2.776176412
 plus,12950173,0.028874018,1.539492778
a offer,1231,2.74467E-06,5.561510295
between apartment,1110,2.47488E-06,5.60644537
to email,21229,4.73327E-05,4.324838811
in email,9689,2.16028E-05,4.665489392
: house,20281,4.5219E-05,4.344678983
 basement,2691651,0.00600137,2.2217496
to email,21229,4.73327E-05,4.324838811
( queen,19745,4.40239E-05,4.35631121
. basement,1,2.22962E-09,8.651768348
 house,88238824,0.196739409,0.706108637
the lease,1172202,0.00261357,2.58276589
The girl share,72,1.60533E-07,6.794435852
with garage,2868,6.39456E-06,5.194189201
 floor,26833734,0.05982914,1.223087238
the dining,2038351,0.004544757,2.342489378
. easy,1,2.22962E-09,8.651768348
the house,28512385,0.063571901,1.196734802
a bedroom,254376,0.000567163,3.246292214
led parking,1,2.22962E-09,8.651768348
between bedroom,904,2.01558E-06,5.695599918
 lease,4648598,0.010364626,1.984446357
and centre,91297,0.000203558,3.691311841
open party,3262,7.27303E-06,5.138284392
others share,20097,4.48088E-05,4.348637116
 apartment,8091938,0.01804198,1.743715802
sometimes dining,371,8.27191E-07,6.082394439
 share,26977157,0.06014892,1.220772169
sign lease,332,7.40235E-07,6.130630265
 lease,4648598,0.010364626,1.984446357
the house,28512385,0.063571901,1.196734802
 living,50484156,0.112560691,0.948613248
the apt,34031,7.58763E-05,4.119893637
enjoy off,260,5.79702E-07,6.236795
family house,80133,0.000178666,3.747956946
this house,1591185,0.003547744,2.450047672
: email,4356,9.71224E-06,5.012680477
 house,88238824,0.196739409,0.706108637
There are window,198,4.41466E-07,6.355103158
 house,88238824,0.196739409,0.706108637
 house,88238824,0.196739409,0.706108637
 house,88238824,0.196739409,0.706108637
There are queen,77,1.71681E-07,6.765277623
", email",73333,0.000163505,3.786468896
: house,20281,4.5219E-05,4.344678983
building house,1646,3.66996E-06,5.435338517
the set,4522587,0.010083669,1.996381418
: email,4356,9.71224E-06,5.012680477
also available,764550,0.001704659,2.768362456
 basement,2691651,0.00600137,2.2217496
pen money,118,2.63096E-07,6.579886341
 safety,15543315,0.03465575,1.4602247
 prefer,7599621,0.016944298,1.770976414
please call,141411,0.000315293,3.501285155
The boy only,4012,8.94525E-06,5.048407424
/ month,67613,0.000150752,3.821738142
There are table,203,4.52614E-07,6.34427231
To worry about bill,133,2.9654E-07,6.527916707
the lease,1172202,0.00261357,2.58276589
. share,1,2.22962E-09,8.651768348
zhang queen,1,2.22962E-09,8.651768348
and neighbourhood,25645,5.71787E-05,4.242765645
very nice,959154,0.002138553,2.669880006
Most of the pattern,135,3.00999E-07,6.52143458
rent living,496,1.10589E-06,5.956286672
or whole,150056,0.000334568,3.475514983
live living,188,4.19169E-07,6.377610499
apartment basement,115,2.56407E-07,6.591070508
the apartment,1668537,0.00372021,2.429432507
so bedroom,1,2.22962E-09,8.651768348
: apartment,2675,5.96424E-06,5.224444562
mother-in-law keep,1,2.22962E-09,8.651768348
/ month,67613,0.000150752,3.821738142
the apartment,1668537,0.00372021,2.429432507
. queen,1,2.22962E-09,8.651768348
one diner,1432,3.19282E-06,5.49582533
put king,255,5.68554E-07,6.245228168
independent bedroom,1,2.22962E-09,8.651768348
Hand in deposit,1,2.22962E-09,8.651768348
is all,7500948,0.016724294,1.776652194
The whole apartment,1884,4.20061E-06,5.37668745
a living,4151486,0.009256253,2.033564771
 house,88238824,0.196739409,0.706108637
and bedroom,46478,0.000103628,3.984520917
a house,5332211,0.011888826,1.924861022
 the,16977752813,37.85400698,-1.578111858
add utility,470,1.04792E-06,5.97967049
layer house,309,6.88954E-07,6.161809869
very free,85410,0.000190432,3.720259626
the maintece,1,2.22962E-09,8.651768348
with easy,132174,0.000294698,3.530622315
the property,9522531,0.021231665,1.673015953
common share,29862,6.6581E-05,4.176649457
independent house,1747,3.89515E-06,5.409475443
years lease,1445,3.22181E-06,5.491900501
a bedroom,254376,0.000567163,3.246292214
the apartment,1668537,0.00372021,2.429432507
can email,4896,1.09162E-05,4.961926939
 apt,4813362,0.010731988,1.969319823
 house,88238824,0.196739409,0.706108637
or couple,23985,5.34775E-05,4.271828626
contains utilities,393,8.76242E-07,6.057375798
a bedroom,254376,0.000567163,3.246292214
hair email,1,2.22962E-09,8.651768348
 about,408229976,0.910199396,0.040863457
The whole apartment,1884,4.20061E-06,5.37668745
package gas,63,1.40466E-07,6.852427799
person of extraordinary powers  basement,68,1.51614E-07,6.819259436
welcome email,216,4.81599E-07,6.317314597
There are air,1039,2.31658E-06,5.635152801
decorate living,50,1.11481E-07,6.952798344
 living,50484156,0.112560691,0.948613248
There are dining,317,7.06791E-07,6.150709086
or summer,113385,0.000252806,3.597212744
very nice,959154,0.002138553,2.669880006
very nice,959154,0.002138553,2.669880006
is house,7151,1.5944E-05,4.79740157
this apt,3342,7.4514E-06,5.127761903
or on,4883926,0.010889319,1.962999273
 management,33588401,0.074889509,1.125579019
between bedroom,904,2.01558E-06,5.695599918
. wireless,1,2.22962E-09,8.651768348
very nice,959154,0.002138553,2.669880006
sign lease,332,7.40235E-07,6.130630265
the bedroom,1593597,0.003553122,2.449389845
the bedroom,1593597,0.003553122,2.449389845
Go to the shopping,49,1.09252E-07,6.961572268
the house,28512385,0.063571901,1.196734802
or share,115711,0.000257992,3.588393701
the parking,1098825,0.002449967,2.610839817
the lease,1172202,0.00261357,2.58276589
In the short term share,1,2.22962E-09,8.651768348
a apartment,729,1.6254E-06,5.78904082
the living,6293580,0.014032318,1.852870591
Set of sheet,222,4.94977E-07,6.305415374
the baby,4736378,0.010560343,1.976321993
just email,666,1.48493E-06,5.828294119
: screen,4277,9.5361E-06,5.020629098
is purple,23408,5.2191E-05,4.28240404
in dealer,4877,1.08739E-05,4.963615593
very nice,959154,0.002138553,2.669880006
but garden,1423,3.17276E-06,5.498563448
At that time manager,566,1.26197E-06,5.898951917
write paper,371,8.27191E-07,6.082394439
. house,1,2.22962E-09,8.651768348
. clean,1,2.22962E-09,8.651768348
Back home family,1,2.22962E-09,8.651768348
: clean,18809,4.1937E-05,4.377402642
day sale,3403,7.58741E-06,5.119906399
the ornaments,146120,0.000325793,3.487058685
block white,397,8.85161E-07,6.052977842
the list,5732077,0.012780377,1.893456333
so condition,2616,5.8327E-06,5.234130609
. baby,1,2.22962E-09,8.651768348
 sold,19412648,0.043282908,1.363683569
sell fan,1,2.22962E-09,8.651768348
new tab,9634,2.14802E-05,4.667961706
. inspection,1,2.22962E-09,8.651768348
( message,25494,5.6842E-05,4.245330367
 prepaid,421062,0.00093881,3.027422299
in plan,186773,0.000416434,3.380454254
( text,167816,0.000374167,3.426934983
The picture available,159,3.5451E-07,6.450371224
 clean,13737863,0.030630271,1.513849167
: integrated,5880,1.31102E-05,4.882391022
please email,3284,7.32209E-06,5.1353652
define liability,236,5.26191E-07,6.278856345
On a regular basis dealer,1,2.22962E-09,8.651768348
"67,500 miles",1,2.22962E-09,8.651768348
: feature,3439,7.66768E-06,5.115336173
is full,2277409,0.005077766,2.294327316
a owner,833,1.85728E-06,5.731123347
 moving,22416252,0.049979816,1.301205348
zhang queen,1,2.22962E-09,8.651768348
. area,1,2.22962E-09,8.651768348
 link,9078566,0.02024179,1.693751093
is second,207368,0.000462353,3.335026609
is full,2277409,0.005077766,2.294327316
. clean,1,2.22962E-09,8.651768348
 update,1906925,0.004251726,2.371434736
a queen,509611,0.001136241,2.944529555
the message,4203483,0.009372187,2.028159053
"First, text",119,2.65325E-07,6.576221387
 beats,1967662,0.004387147,2.35781785
the reading,2483956,0.005538288,2.25662445
can pick,351265,0.000783189,3.106133469
 clean,13737863,0.030630271,1.513849167
or check,145963,0.000325443,3.487525567
. ipad,1,2.22962E-09,8.651768348
is burner,70,1.56074E-07,6.806670308
store soda,433,9.65427E-07,6.015280452
 clean,13737863,0.030630271,1.513849167
can email,4896,1.09162E-05,4.961926939
new seasoning,248,5.52947E-07,6.257316667
live apartment,1,2.22962E-09,8.651768348
vehicle clean,218,4.86058E-07,6.313311855
graduation sale,1,2.22962E-09,8.651768348
Used to coding,96,2.14044E-07,6.669497115
. box,1,2.22962E-09,8.651768348
 heater,927003,0.002066868,2.684687209
 update,1906925,0.004251726,2.371434736
Mobile phone plan,55,1.22629E-07,6.911405659
 yard,7439758,0.016587864,1.780209539
. clean,1,2.22962E-09,8.651768348
. call,1,2.22962E-09,8.651768348
add cover,304,6.77806E-07,6.168894765
. thx,1,2.22962E-09,8.651768348
a queen,509611,0.001136241,2.944529555
. size,1,2.22962E-09,8.651768348
pass post,134,2.9877E-07,6.52466355
 moving,22416252,0.049979816,1.301205348
this thread,30066,6.70359E-05,4.173692695
the mechanic,211624,0.000471842,3.326203429
 moving,22416252,0.049979816,1.301205348
graduation sale,1,2.22962E-09,8.651768348
 moving,22416252,0.049979816,1.301205348
already update,1,2.22962E-09,8.651768348
Out of the twin,631,1.40689E-06,5.851738989
the condition,6573035,0.014655397,1.834002404
 moving,22416252,0.049979816,1.301205348
is full,2277409,0.005077766,2.294327316
The quilt full,1,2.22962E-09,8.651768348
no bug,1784,3.97765E-06,5.400373498
the apartment,1668537,0.00372021,2.429432507
Looking for a native,113,2.51948E-07,6.598689905
 proof,15450745,0.034449354,1.462818923
the flex,14508,3.23474E-05,4.490160801
can parking,40,8.9185E-08,7.049708357
: gated,422,9.40901E-07,6.026455897
The plane bus,1,2.22962E-09,8.651768348
classmate summer,1,2.22962E-09,8.651768348
is college,9782,2.18102E-05,4.66134069
is permit,1256,2.80041E-06,5.552778709
Looking for a family,1422,3.17053E-06,5.498868752
can confirm,72968,0.000162691,3.788635906
very nice,959154,0.002138553,2.669880006
Go to the jfk,1,2.22962E-09,8.651768348
To travel to jfk,1,2.22962E-09,8.651768348
 hello,2144437,0.004781288,2.320455056
. park,1,2.22962E-09,8.651768348
 fall,35005600,0.07804933,1.107630822
provide visitor,391,8.71783E-07,6.059591591
character nice,1,2.22962E-09,8.651768348
"Excuse me, lease",1,2.22962E-09,8.651768348
 master,22698484,0.050609087,1.295771496
Etc. paperwork,1,2.22962E-09,8.651768348
To renew lease,892,1.98882E-06,5.701403494
/ m,488977,0.001090235,2.962479917
institutions quote,47,1.04792E-07,6.97967049
open party,3262,7.27303E-06,5.138284392
the rental,374363,0.000834689,3.078475429
for fully,83030,0.000185126,3.73253331
using summer,372,8.2942E-07,6.081225408
sign lease,332,7.40235E-07,6.130630265
Go to the office,1539,3.43139E-06,5.464529728
consider graduate,636,1.41804E-06,5.848311233
The boy phd,1,2.22962E-09,8.651768348
layer corner,1,2.22962E-09,8.651768348
 leasing,687021,0.001531799,2.814798336
the phd,17381,3.87531E-05,4.411693589
There are free,4545,1.01336E-05,4.994234461
with walk-in,1832,4.08467E-06,5.388842879
The washing machine in,41,9.14146E-08,7.038984492
with summer,62997,0.00014046,3.85244848
I tv,2544,5.67216E-06,5.246251241
. purchase,1,2.22962E-09,8.651768348
the building,8999268,0.020064985,1.697561163
Back and forth ride,1,2.22962E-09,8.651768348
provide ride,94,2.09585E-07,6.678640495
( master,54681,0.000121918,3.9139319
is phd,216,4.81599E-07,6.317314597
. queen,1,2.22962E-09,8.651768348
a phd,80710,0.000179953,3.744841001
 jfk,314551,0.00070133,3.154077278
( clean,18624,4.15245E-05,4.381695385
 hello,829912,0.001850392,2.732736304
with office,42345,9.44134E-05,4.024966211
sign lease,332,7.40235E-07,6.130630265
the house,28512385,0.063571901,1.196734802
【 update,1,2.22962E-09,8.651768348
a apartment,729,1.6254E-06,5.78904082
 mid,11590317,0.02584205,1.587673034
and office,484162,0.001079499,2.966777648
consulting park,1,2.22962E-09,8.651768348
has email,262,5.84162E-07,6.233467057
 sorry,10492716,0.023394813,1.63088043
landing bbs,1,2.22962E-09,8.651768348
 field,56378657,0.125703213,0.900653622
 fully,24416000,0.054438502,1.264093832
and office,484162,0.001079499,2.966777648
Need to be share,1,2.22962E-09,8.651768348
 deposit,5086986,0.011342067,1.945307806
and microwave,89369,0.000199259,3.70058145
provide ride,94,2.09585E-07,6.678640495
for full,644481,0.00143695,2.84255823
very nice,959154,0.002138553,2.669880006
The bed queen,1,2.22962E-09,8.651768348
Look at the full,328,7.31317E-07,6.135894505
drinks party,1756,3.91522E-06,5.407243837
The washing machine portable,1,2.22962E-09,8.651768348
provide ride,94,2.09585E-07,6.678640495
can shift,89759,0.000200129,3.698690343
the summer,8488087,0.018925243,1.722958526
very happy,1047013,0.002334445,2.631816274
very nice,959154,0.002138553,2.669880006
we how,4165,9.28638E-06,5.032153343
. hesitate,1,2.22962E-09,8.651768348
Need to be ride,1,2.22962E-09,8.651768348
 ride,9116873,0.0203272,1.691922443
find ride,55,1.22629E-07,6.911405659
and office,484162,0.001079499,2.966777648
o ride,322,7.17939E-07,6.143912477
 security,23360106,0.052084256,1.283293539
a check,1707048,0.003806075,2.419522615
Need to be ride,1,2.22962E-09,8.651768348
for phd,1623,3.61868E-06,5.441449828
There is no party,1509,3.3645E-06,5.473079109
a agent,1287,2.86953E-06,5.542189801
the agent,2522075,0.005623279,2.250010351
in agent,10154,2.26396E-05,4.645131189
 ps,349290,0.000778785,3.108582196
 limited,30558709,0.068134434,1.166633345
recruit agent,1,2.22962E-09,8.651768348
the agent,2522075,0.005623279,2.250010351
the agent,2522075,0.005623279,2.250010351
call defamation,1,2.22962E-09,8.651768348
the review,759128,0.00169257,2.771453338
is defamation,1612,3.59415E-06,5.444403311
about defamation,425,9.4759E-07,6.023379418
we office,74,1.64992E-07,6.782536629
How many coverage,1,2.22962E-09,8.651768348
is my,6316869,0.014084243,1.851266478
", queen",209898,0.000467994,3.329760048
and office,484162,0.001079499,2.966777648
 updated,1730521,0.003858411,2.413591474
people share,52460,0.000116966,3.931940062
the email,71958,0.000160439,3.794689264
There are token,80,1.7837E-07,6.748678361
community office,1181,2.63319E-06,5.579518451
 last,115557335,0.25764942,0.588970831
( full,213189,0.000475331,3.323003556
provide visitor,391,8.71783E-07,6.059591591
the ride,532006,0.001186173,2.925851818
I am phd,1,2.22962E-09,8.651768348
open party,3262,7.27303E-06,5.138284392
: no,1179423,0.00262967,2.580098756
. immigration,1,2.22962E-09,8.651768348
packaging free,1,2.22962E-09,8.651768348
Taking pictures free,1,2.22962E-09,8.651768348
provide ride,94,2.09585E-07,6.678640495
( utility,14049,3.1324E-05,4.504122936
this model,1245434,0.00277685,2.556447631
a intermittent,128,2.85392E-07,6.544558379
we building,2839,6.3299E-06,5.198602956
in basement,24838,5.53794E-05,4.256651726
 apartment,8091938,0.01804198,1.743715802
expect share,75,1.67222E-07,6.776707085
Suitable for young,198,4.41466E-07,6.355103158
 parking,3876665,0.008643506,2.063310075
Go to the honda,1,2.22962E-09,8.651768348
check throttle,412,9.18605E-07,6.036871132
provide ride,94,2.09585E-07,6.678640495
request ride,1,2.22962E-09,8.651768348
request ride,1,2.22962E-09,8.651768348
send email,16078,3.58479E-05,4.445536324
 circle,15054561,0.033566012,1.474100253
 very,257622987,0.574402423,0.240783737
with office,42345,9.44134E-05,4.024966211
o ride,322,7.17939E-07,6.143912477
o ride,322,7.17939E-07,6.143912477
very nice,959154,0.002138553,2.669880006
open party,3262,7.27303E-06,5.138284392
【 the,1,2.22962E-09,8.651768348
The right offer,67,1.49385E-07,6.825693546
completely flexible,6524,1.45461E-05,4.837254396
is full,2277409,0.005077766,2.294327316
is team,6438,1.43543E-05,4.843017376
a quiz,51171,0.000114092,3.942744444
the property,9522531,0.021231665,1.673015953
years lease,1445,3.22181E-06,5.491900501
send king,591,1.31771E-06,5.880180867
is living,463093,0.001032523,2.986100132
In order to professional,1,2.22962E-09,8.651768348
the two,60882982,0.135746164,0.867272433
new lease,125670,0.000280197,3.552536733
in dealer,4877,1.08739E-05,4.963615593
the ride,the ride,532006,-5.72591653
 lease,4648598,0.010364626,1.984446357
giving  gre,1,2.22962E-09,8.651768348
they medium,1,2.22962E-09,8.651768348
 bonus,1557513,0.003472669,2.459336668
 just,175293737,0.390839142,0.408001949
female phd,138,3.07688E-07,6.511889262
 deal,31257342,0.069692123,1.156816304
a bedroom,254376,0.000567163,3.246292214
discount theme,1,2.22962E-09,8.651768348
Kind of show,13004,2.8994E-05,4.537691387
 navigation,3027995,0.006751291,2.170613195
is final,135287,0.000301639,3.520512282
gold modem,1,2.22962E-09,8.651768348
 pass,28077106,0.062601392,1.203416007
Moved to furnished,1,2.22962E-09,8.651768348
. size,1,2.22962E-09,8.651768348
 guest,5363364,0.011958286,1.922331076
do waive,359,8.00435E-07,6.0966739
very nice,959154,0.002138553,2.669880006
a full,9045375,0.020167786,1.695341772
the floor,12919793,0.028806282,1.540512793
The name physics,1,2.22962E-09,8.651768348
o ride,322,7.17939E-07,6.143912477
new lease,125670,0.000280197,3.552536733
to email,21229,4.73327E-05,4.324838811
For a long time floor,1,2.22962E-09,8.651768348
: graduate,6455,1.43922E-05,4.841872102
 undergraduate,1711273,0.003815496,2.41844905
 lease,4648598,0.010364626,1.984446357
other lease,3160,7.04561E-06,5.152081266
 lease,4648598,0.010364626,1.984446357
is queen,12402,2.76518E-05,4.558276621
. queen,1,2.22962E-09,8.651768348
Continue to ta,1,2.22962E-09,8.651768348
Kind of utilities,105,2.34111E-07,6.630579049
 floor,26833734,0.05982914,1.223087238
to party,240996,0.00053733,3.269758514
Indicate the ride,1,2.22962E-09,8.651768348
to bus,31057,6.92454E-05,4.159608846
specific lease,1376,3.06796E-06,5.513149914
The girl phd,1,2.22962E-09,8.651768348
"60,000 mile",292,6.5105E-07,6.186385497
 gift,12132752,0.027051476,1.567809028
request ride,1,2.22962E-09,8.651768348
request ride,1,2.22962E-09,8.651768348
moreover waiver,1,2.22962E-09,8.651768348
housing lease,304,6.77806E-07,6.168894765
request ride,1,2.22962E-09,8.651768348
. cash,1,2.22962E-09,8.651768348
 office,45038925,0.100419873,0.998180332
a bedroom,254376,0.000567163,3.246292214
: office,15986,3.56428E-05,4.44802854
 hi,2340287,0.00521796,2.282499228
 club,8025039,0.01789282,1.747321197
sit bus,1,2.22962E-09,8.651768348
read phd,1,2.22962E-09,8.651768348
 hi,2340287,0.00521796,2.282499228
very nice,959154,0.002138553,2.669880006
rent fall,222,4.94977E-07,6.305415374
a full,9045375,0.020167786,1.695341772
 group,88728944,0.197832193,0.703703035
～ free,1,2.22962E-09,8.651768348
 update,1906925,0.004251726,2.371434736
There are bus,937,2.08916E-06,5.680028757
provide ride,94,2.09585E-07,6.678640495
Floor of a building living,1,2.22962E-09,8.651768348
/ month,67613,0.000150752,3.821738142
all request,1781,3.97096E-06,5.401104429
. lease,1,2.22962E-09,8.651768348
true  mock,158,3.52281E-07,6.453111261
professional profile,2317,5.16604E-06,5.286842315
open party,3262,7.27303E-06,5.138284392
 house,88238824,0.196739409,0.706108637
 queen,6558077,0.014622047,1.834991837
open party,3262,7.27303E-06,5.138284392
found orientation,108,2.40799E-07,6.618344593
Floor of a building living,1,2.22962E-09,8.651768348
request ride,1,2.22962E-09,8.651768348
all free,161772,0.000360691,3.442864994
and officer,59039,0.000131635,3.880629356
provide ride,94,2.09585E-07,6.678640495
open party,3262,7.27303E-06,5.138284392
request ride,1,2.22962E-09,8.651768348
new lease,125670,0.000280197,3.552536733
this lease,87460,0.000195003,3.709958875
join group,1442,3.21512E-06,5.492803088
the bedroom,1593597,0.003553122,2.449389845
 king,31556654,0.070359477,1.1526774
Floor of a building shoe,1,2.22962E-09,8.651768348
 bus,6865068,0.015306521,1.815123505
 house,88238824,0.196739409,0.706108637
is living,463093,0.001032523,2.986100132
 update,1906925,0.004251726,2.371434736
 fully,24416000,0.054438502,1.264093832
building building,677,1.50946E-06,5.82117968
send brother,281,6.26524E-07,6.203062028
is queen,12402,2.76518E-05,4.558276621
room share,487,1.08583E-06,5.964239387
the lease,1172202,0.00261357,2.58276589
very nice,959154,0.002138553,2.669880006
see picture,9347,2.08403E-05,4.681096106
see picture,9347,2.08403E-05,4.681096106
human apartment,1,2.22962E-09,8.651768348
this lease,87460,0.000195003,3.709958875
for summer,213692,0.000476453,3.321980085
", playground",57520,0.000128248,3.891949471
male phd,74,1.64992E-07,6.782536629
 inspection,5509673,0.0122845,1.910642524
can cover,152489,0.000339993,3.468529832
is queen,12402,2.76518E-05,4.558276621
a fall,980720,0.002186637,2.660223316
a half,10786366,0.024049542,1.618893196
a project,1980729,0.004416281,2.354943288
contains queen,86,1.91748E-07,6.717269897
Focus on high,301,6.71117E-07,6.173201853
can email,4896,1.09162E-05,4.961926939
 email,1149215,0.002562317,2.591367062
car preferred,100,2.22962E-07,6.651768348
very nice,959154,0.002138553,2.669880006
in warranty,7039,1.56943E-05,4.804257383
is full,2277409,0.005077766,2.294327316
the lease,1172202,0.00261357,2.58276589
the backyard,337487,0.000752469,3.1235113
 apartment,8091938,0.01804198,1.743715802
a deck,222922,0.000497032,3.303615418
Looking for a fall,192,4.28088E-07,6.36846712
is expended,106388,0.000237205,3.624875704
There is no party,2863,6.38341E-06,5.194947
There is no car,406,9.05227E-07,6.043242315
In general moderate,247,5.50717E-07,6.259071395
is state,44981,0.000100291,3.998739242
pay security,pay security,#VALUE!,#VALUE!
The school min,1,2.22962E-09,8.651768348
and ie,15009,3.34644E-05,4.475416591
. thanks,1,2.22962E-09,8.651768348
There are ride,1,2.22962E-09,8.651768348
a bedroom,254376,0.000567163,3.246292214
. clear,1,2.22962E-09,8.651768348
very nice,959154,0.002138553,2.669880006
every high,58357,0.000130114,3.885675391
Can be email,1,2.22962E-09,8.651768348
. building,1,2.22962E-09,8.651768348
 bus,6865068,0.015306521,1.815123505
( size,80240,0.000178905,3.747377428
together willing,145,3.23295E-07,6.490400346
do inspection,297,6.62198E-07,6.179011899
to state,3375467,0.007526023,2.123434482
 college,21272578,0.047429853,1.323948224
the high,13262451,0.02957028,1.529144556
request ride,1,2.22962E-09,8.651768348
complete bus,609,1.35784E-06,5.867151056
 clean,13737863,0.030630271,1.513849167
one family,421976,0.000940848,3.026480597
the lease,1172202,0.00261357,2.58276589
 office,45038925,0.100419873,0.998180332
Need to be share,1,2.22962E-09,8.651768348
 ride,9116873,0.0203272,1.691922443
the bus,1984930,0.004425648,2.354023153
 pass,28077106,0.062601392,1.203416007
The whole apartment,1884,4.20061E-06,5.37668745
add days,1211,2.70007E-06,5.568624205
open party,3262,7.27303E-06,5.138284392
The contract buss,1,2.22962E-09,8.651768348
request ride,1,2.22962E-09,8.651768348
 lease,4648598,0.010364626,1.984446357
 lease,4648598,0.010364626,1.984446357
There is no party,1509,3.3645E-06,5.473079109
There are baby,406,9.05227E-07,6.043242315
The airport ride,1,2.22962E-09,8.651768348
the title,7512638,0.016750359,1.775975886
Don't party,1,2.22962E-09,8.651768348
 cable,5757555,0.012837183,1.891530253
 apartment,8091938,0.01804198,1.743715802
Take a look at apartment,1,2.22962E-09,8.651768348
( preferred,24196,5.3948E-05,4.268024772
what size,64962,0.000144841,3.839108961
the phd,17381,3.87531E-05,4.411693589
 pass,28077106,0.062601392,1.203416007
 pass,28077106,0.062601392,1.203416007
please email,3284,7.32209E-06,5.1353652
. shared,1,2.22962E-09,8.651768348
a share,1513114,0.003373675,2.471896699
this apt,3342,7.4514E-06,5.127761903
room individual,74,1.64992E-07,6.782536629
a american,7154,1.59507E-05,4.797219413
There are free,4545,1.01336E-05,4.994234461
 router,875672,0.001952419,2.709426885
. clean,1,2.22962E-09,8.651768348
open party,3262,7.27303E-06,5.138284392
provide mock,119,2.65325E-07,6.576221387
From the bus,3882,8.6554E-06,5.062712817
 yellow,17205971,0.038362848,1.416089162
people share,52460,0.000116966,3.931940062
As well as walk,975,2.17388E-06,5.662763733
article line,75,1.67222E-07,6.776707085
a garage,223051,0.00049732,3.303364174
a garage,223051,0.00049732,3.303364174
everyone garage,1,2.22962E-09,8.651768348
The computer lab,868,1.93531E-06,5.713248623
for family,532203,0.001186613,2.92569103
or couple,23985,5.34775E-05,4.271828626
 lease,4648598,0.010364626,1.984446357
A driver's license permit,1,2.22962E-09,8.651768348
become full,61451,0.000137013,3.863239394
to share,5072166,0.011309024,1.94657489
join family,1937,4.31878E-06,5.364638728
sign lease,332,7.40235E-07,6.130630265
 hello,829912,0.001850392,2.732736304
so mean,124513,0.000277617,3.556553651
I mean,8395881,0.018719659,1.727702074
ask lease,1,2.22962E-09,8.651768348
intentionally lease,1,2.22962E-09,8.651768348
 can,607915213,1.355422415,-0.132074663
is floor,2113,4.7112E-06,5.326868851
As soon as possible email,1,2.22962E-09,8.651768348
 hello,829912,0.001850392,2.732736304
the car,9144487,0.020388769,1.690609001
can email,4896,1.09162E-05,4.961926939
"New York, jfk",53,1.1817E-07,6.927492479
the list,5732077,0.012780377,1.893456333
Suitable for couple,1,2.22962E-09,8.651768348
is biotechnology,668,1.48939E-06,5.826991886
layer house,309,6.88954E-07,6.161809869
. share,1,2.22962E-09,8.651768348
 prefer,7599621,0.016944298,1.770976414
and utilities,135760,0.000302694,3.518996519
cost share,6282,1.40065E-05,4.853670416
is full,2277409,0.005077766,2.294327316
There is no part,15917,2.22962E-09,8.651768348
. clean,1,2.22962E-09,8.651768348
 hello,829912,0.001850392,2.732736304
is twin,4455,9.93298E-06,5.00292064
a full,9045375,0.020167786,1.695341772
The transfer meal,1,2.22962E-09,8.651768348
but prefer,32137,7.16534E-05,4.144763016
There is no party,1509,3.3645E-06,5.473079109
intentionally lease,1,2.22962E-09,8.651768348
【 access,1,2.22962E-09,8.651768348
 fee,7174245,0.01599587,1.795992145
 master,22698484,0.050609087,1.295771496
The transfer one,184,4.10251E-07,6.386950525
Need to be share,1,2.22962E-09,8.651768348
sign lease,332,7.40235E-07,6.130630265
 hello,829912,0.001850392,2.732736304
the gift,2630811,0.00586572,2.231678699
TV free,2003,4.46594E-06,5.350087399
other tips,7593,1.69295E-05,4.771354948
true  low,2022,4.5083E-06,5.345987197
the info,38073,8.48885E-05,4.071151249
The bedroom house,1,2.22962E-09,8.651768348
the office,8286474,0.018475722,1.733398576
There are  square,735,1.63877E-06,5.785481009
to visa,2466,5.49825E-06,5.259775276
Can be share,53,1.1817E-07,6.927492479
a reserved,89688,0.000199971,3.699034009
: ride,3321,7.40458E-06,5.130499473
read civil,197,4.39236E-07,6.357302122
. share,1,2.22962E-09,8.651768348
. share,1,2.22962E-09,8.651768348
this house,1591185,0.003547744,2.450047672
is phd,216,4.81599E-07,6.317314597
. ask,1,2.22962E-09,8.651768348
Go to the jfk,1,2.22962E-09,8.651768348
open party,3262,7.27303E-06,5.138284392
can cover,152489,0.000339993,3.468529832
but cover,10765,2.40019E-05,4.619754314
 lease,4648598,0.010364626,1.984446357
all utility,8134,1.81358E-05,4.74146418
Can be share,53,1.1817E-07,6.927492479
together share,2340,5.21732E-06,5.282552491
/ person,33888,7.55575E-05,4.12172241
Can't deliver,1,2.22962E-09,8.651768348
Go to the jfk,1,2.22962E-09,8.651768348
Looking for a studio,361,8.04894E-07,6.094261146
. shared,1,2.22962E-09,8.651768348
 office,45038925,0.100419873,0.998180332
Kind of final,5885,1.31213E-05,4.882021881
Want to social,1,2.22962E-09,8.651768348
In a good,44634,9.9517E-05,4.002102539
Go to the jfk,1,2.22962E-09,8.651768348
breakfast bar,12583,2.80554E-05,4.551984152
very nice,959154,0.002138553,2.669880006
Moved to furnished,1,2.22962E-09,8.651768348
There are party,350,7.80368E-07,6.107700304
 sorry,10492716,0.023394813,1.63088043
 hello,829912,0.001850392,2.732736304
still available,143943,0.000320939,3.493577798
 title,22205816,0.049510623,1.305301611
 lease,4648598,0.010364626,1.984446357
 utility,6943853,0.015482182,1.81016783
the car,9144487,0.020388769,1.690609001
open party,3262,7.27303E-06,5.138284392
still available,143943,0.000320939,3.493577798
 oil,29681566,0.066178735,1.179281538
distance campus,1,2.22962E-09,8.651768348
is cable,3878,8.64648E-06,5.063160544
 update,1906925,0.004251726,2.371434736
housing lease,304,6.77806E-07,6.168894765
 office,45038925,0.100419873,0.998180332
 office,45038925,0.100419873,0.998180332
from jfk,5579,1.24391E-05,4.905211987
 furnished,7196587,0.016045684,1.794641768
open party,3262,7.27303E-06,5.138284392
The whole block,1742,3.88401E-06,5.410720198
in final,180721,0.00040294,3.394759727
in final,180721,0.00040294,3.394759727
the damage,1573421,0.003508137,2.454923406
the student,7228740,0.016117373,1.792705744
do permit,14292,3.18658E-05,4.496675341
to share,5072166,0.011309024,1.94657489
 sorry,10492716,0.023394813,1.63088043
from august,178213,0.000397348,3.400828967
"By the way, gym",1,2.22962E-09,8.651768348
 gym,949766,0.002117621,2.67415173
 moving,22416252,0.049979816,1.301205348
", funding",116601,0.000259976,3.585066073
or email,34106,7.60436E-05,4.118937561
Interest in email,1,2.22962E-09,8.651768348
is mall,302,6.73346E-07,6.171761405
please email,3284,7.32209E-06,5.1353652
. guest,1,2.22962E-09,8.651768348
ask lease,1,2.22962E-09,8.651768348
said state,37171,8.28774E-05,4.081564103
 ps,349290,0.000778785,3.108582196
 prefer,7599621,0.016944298,1.770976414
. leadership,1,2.22962E-09,8.651768348
There are state,2974,6.6309E-06,5.178427384
any dealer,14462,3.22448E-05,4.491539991
There are state,2974,6.6309E-06,5.178427384
and cable,210063,0.000468362,3.329418785
position phd,1,2.22962E-09,8.651768348
From the club,813,1.81268E-06,5.741677803
There is no lease,66,1.47155E-07,6.832224413
very nice,959154,0.002138553,2.669880006
The main grocery,42,9.36442E-08,7.028519058
 all,722941287,1.611887323,-0.20733468
 learner's,146216,0.000326007,3.486773449
or email,34106,7.60436E-05,4.118937561
is email,1480,3.29984E-06,5.481506633
will charge,84817,0.00018911,3.723285441
they argue,190088,0.000423825,3.372813647
 hello,829912,0.001850392,2.732736304
the activity,3111102,0.006936588,2.158854098
There is no lease,66,1.47155E-07,6.832224413
There is no sponsor,85,1.89518E-07,6.722349423
The party l,76,1.69451E-07,6.770954756
the resume,70454,0.000157086,3.803862693
help share,3273,7.29756E-06,5.136822343
found code,220,4.90517E-07,6.309345668
the deal,947187,0.002111871,2.67533262
sell dealer,1,2.22962E-09,8.651768348
the studio,1300613,0.002899878,2.537620258
 email,1149215,0.002562317,2.591367062
independent house,1747,3.89515E-06,5.409475443
the walk,629489,0.001403524,2.852780203
Need to be ride,1,2.22962E-09,8.651768348
can share,282762,0.000630453,3.200347304
through refer,72,1.60533E-07,6.794435852
do examination,68,1.51614E-07,6.819259436
Go to the jfk,1,2.22962E-09,8.651768348
time bid,1089,2.42806E-06,5.614740469
At that time bid,1,2.22962E-09,8.651768348
 office,45038925,0.100419873,0.998180332
To apply for ride,1,2.22962E-09,8.651768348
the email,71958,0.000160439,3.794689264
Don't share,1,2.22962E-09,8.651768348
the utility,1089852,0.00242996,2.614400823
Need to be ineligible,1,2.22962E-09,8.651768348
In the Middle East lady,1,2.22962E-09,8.651768348
free overnight,853,1.90187E-06,5.720819317
In the mall,1079,2.40576E-06,5.618746904
different stakeholders,12608,2.81111E-05,4.551122148
is studio,615,1.37122E-06,5.862893233
insurance cover,10516,2.34467E-05,4.629917771
 nice,11424445,0.025472218,1.593933237
 available,50526536,0.112655183,0.948248823
welcome email,216,4.81599E-07,6.317314597
 firestone,6935,1.54624E-05,4.810721883
Don't party,1,2.22962E-09,8.651768348
this post,232515,0.000518421,3.285317373
 pictures,13086373,0.029177693,1.534949054
intentionally spring,1,2.22962E-09,8.651768348
in bbs,875,1.95092E-06,5.709760295
the trick,617159,0.001376033,2.861371282
a permit,407349,0.000908235,3.041801694
will break,433143,0.000965746,3.015137048
to share,5072166,0.011309024,1.94657489
 visa,749313,0.001670686,2.777105081
is fully,1307783,0.002915865,2.535232661
 prefer,7599621,0.016944298,1.770976414
will break,433143,0.000965746,3.015137048
add lease,1,2.22962E-09,8.651768348
in park,40463,9.02173E-05,4.044710269
because share,476,1.0613E-06,5.974161396
A lot of free,113,2.51948E-07,6.598689905
There is no powered,1,2.22962E-09,8.651768348
 family,95193997,0.212246831,0.673158786
On the toilet,737,1.64323E-06,5.78430086
organized tennis,198,4.41466E-07,6.355103158
 seek,16798892,0.037455215,1.42648771
 preferred,9753883,0.021747493,1.662590806
 hello,829912,0.001850392,2.732736304
very nice,959154,0.002138553,2.669880006
: would,108954,0.000242926,3.614525169
the dealer,622653,0.001388282,2.857522263
can email,4896,1.09162E-05,4.961926939
right couple,612,1.36453E-06,5.865016926
rent main,65,1.44926E-07,6.838854992
request  ride,1,2.22962E-09,8.651768348
 me,380317003,0.847963959,0.071622606
is excellent,623700,0.001390617,2.856792604
now family,1230,2.74244E-06,5.561863237
How many money,72,1.60533E-07,6.794435852
Under the applied,239,5.3288E-07,6.273370447
layer small,226,5.03895E-07,6.297659909
Go to the office,1539,3.43139E-06,5.464529728
The room available,65,1.44926E-07,6.838854992
very nice,959154,0.002138553,2.669880006
is resident,31977,7.12967E-05,4.146930631
Some of the office,400,8.9185E-07,6.049708357
take gre,75,1.67222E-07,6.776707085
very nice,959154,0.002138553,2.669880006
There are king,120,2.67555E-07,6.572587102
open party,3262,7.27303E-06,5.138284392
is mini,1050,2.34111E-06,5.630579049
add tag,383,8.53946E-07,6.068569574
work later,25373,5.65723E-05,4.247396529
live hotel,41,9.14146E-08,7.038984492
is couple,594,1.3244E-06,5.877981903
join family,1937,4.31878E-06,5.364638728
 hello,829912,0.001850392,2.732736304
choose standard,694,1.54736E-06,5.810408878
 hello,829912,0.001850392,2.732736304
 tag,2237708,0.004989248,2.301964934
 hello,829912,0.001850392,2.732736304
the fee,648220,0.001445287,2.840045922
: in,5052327,0.01126479,1.948276897
As long as holder,1,2.22962E-09,8.651768348
test permit,367,8.18272E-07,6.087102284
remember passport,1,2.22962E-09,8.651768348
 prefer,7599621,0.016944298,1.770976414
Suitable for size,104,2.31881E-07,6.634735009
can deliver,181526,0.000404735,3.39282951
what size,64962,0.000144841,3.839108961
this bbs,607,1.35338E-06,5.868579657
. referral,1,2.22962E-09,8.651768348
read phd,1,2.22962E-09,8.651768348
all utility,8134,1.81358E-05,4.74146418
on bbs,906,2.02004E-06,5.694640151
 moving,22416252,0.049979816,1.301205348
How many mile,51,1.13711E-07,6.944198172
word site,252,5.61865E-07,6.250367808
The school gym,197,4.39236E-07,6.357302122
the lease,1172202,0.00261357,2.58276589
There are box,141,3.14377E-07,6.502549236
the availability,1637115,0.003650151,2.437689161
absolute no,2977,6.63759E-06,5.177989514
the cleaning,267786,0.000597062,3.22398048
 prefer,7599621,0.016944298,1.770976414
‘ due,1,2.22962E-09,8.651768348
the live,478992,0.001067972,2.971440088
 house,88238824,0.196739409,0.706108637
a bedroom,254376,0.000567163,3.246292214
right couple,612,1.36453E-06,5.865016926
all utility,8134,1.81358E-05,4.74146418
can share,282762,0.000630453,3.200347304
: house,20281,4.5219E-05,4.344678983
SMS preferred,1,2.22962E-09,8.651768348
again recycle,1,2.22962E-09,8.651768348
the baby,4736378,0.010560343,1.976321993
box a,38960,8.68662E-05,4.0611494
hat three,1231,2.74467E-06,5.561510295
standing bus,113,2.51948E-07,6.598689905
 blender,429011,0.000956533,3.019299921
please email,3284,7.32209E-06,5.1353652
. clean,1,2.22962E-09,8.651768348
. clean,1,2.22962E-09,8.651768348
very reliable,92507,0.000206256,3.685593751
the family,19650777,0.043813846,1.358388621
 clean,13737863,0.030630271,1.513849167
The microwave oven sale,1,2.22962E-09,8.651768348
The printer brother,1,2.22962E-09,8.651768348
. clean,1,2.22962E-09,8.651768348
write paper,371,8.27191E-07,6.082394439
 hello,829912,0.001850392,2.732736304
test learner,1,2.22962E-09,8.651768348
smoking clean,1,2.22962E-09,8.651768348
Due to the relocate,1,2.22962E-09,8.651768348
items condition,1,2.22962E-09,8.651768348
file fan,1,2.22962E-09,8.651768348
 front,43825638,0.097714699,1.010040101
the tv,972947,0.002169306,2.663679165
. cable,1,2.22962E-09,8.651768348
the link,1179024,0.00262878,2.580245703
the inspection,496704,0.001107463,2.955670691
 ask,35729068,0.079662391,1.098746661
Suitable for party,109,2.43029E-07,6.61434185
 king,31556654,0.070359477,1.1526774
 clean,13737863,0.030630271,1.513849167
a car,3286725,0.007328161,2.13500498
 room,76964590,0.171602105,0.765477388
 modem,1572756,0.003506655,2.455106998
strong smooth,952,2.1226E-06,5.6731314
Suitable for standard,626,1.39574E-06,5.855194015
: near,59671,0.000133044,3.876005032
 thx,4443,9.90622E-06,5.004092035
To view word,99,2.20733E-07,6.656133154
. baby,1,2.22962E-09,8.651768348
the report,4307119,0.009603256,2.017581477
[ size,3443,7.6766E-06,5.114831326
the case,44033425,0.098177986,1.007985881
. inspection,1,2.22962E-09,8.651768348
a break,1483379,0.003307378,2.480516222
 centre,8646446,0.019278324,1.714930715
to pick,3745506,0.00835107,2.078257851
The best message,165,3.67888E-07,6.434284404
the mic,33287,7.42175E-05,4.129493692
machine sold,2596,5.7881E-06,5.23746366
: integrated,5880,1.31102E-05,4.882391022
found code,220,4.90517E-07,6.309345668
 update,1906925,0.004251726,2.371434736
. condition,1,2.22962E-09,8.651768348
still available,143943,0.000320939,3.493577798
choose standard,694,1.54736E-06,5.810408878
is clean,237715,0.000530015,3.275711761
is condo,88,1.96207E-07,6.707285676
open party,3262,7.27303E-06,5.138284392
already update,1,2.22962E-09,8.651768348
also available,764550,0.001704659,2.768362456
", free",2718955,0.006062248,2.217366328
all free,161772,0.000360691,3.442864994
. street,1,2.22962E-09,8.651768348
: house,20281,4.5219E-05,4.344678983
welcome email,216,4.81599E-07,6.317314597
There are bus,937,2.08916E-06,5.680028757
 house,88238824,0.196739409,0.706108637
for usd,1407,3.13708E-06,5.503474251
There are pet,143,3.18836E-07,6.496432311
welcome email,216,4.81599E-07,6.317314597
through email,7776,1.73376E-05,4.761012096
 house,88238824,0.196739409,0.706108637
a living,4151486,0.009256253,2.033564771
 house,88238824,0.196739409,0.706108637
read master,330,7.35776E-07,6.133254408
: security,18773,4.18567E-05,4.378234668
the shuttle,263095,0.000586603,3.231655754
At this moment living,694,1.54736E-06,5.810408878
Very large living,712,1.58749E-06,5.799288355
a full,9045375,0.020167786,1.695341772
rent all,5596,1.2477E-05,4.903890643
 room,76964590,0.171602105,0.765477388
 update,1906925,0.004251726,2.371434736
sign lease,332,7.40235E-07,6.130630265
a full,9045375,0.020167786,1.695341772
 leasing,687021,0.001531799,2.814798336
. apartments,1,2.22962E-09,8.651768348
There are doorman,1,2.22962E-09,8.651768348
a house,5332211,0.011888826,1.924861022
The rent lease,1,2.22962E-09,8.651768348
a full,9045375,0.020167786,1.695341772
the studio,1300613,0.002899878,2.537620258
years lease,1445,3.22181E-06,5.491900501
very nice,959154,0.002138553,2.669880006
The phone or,56,1.24859E-07,6.903580321
There are attached,482,1.07468E-06,5.96872131
smart panel,1,2.22962E-09,8.651768348
: attached,4738,1.0564E-05,4.976173292
: all,1089680,0.002429577,2.614469368
 main,37334337,0.083241538,1.079659905
The stairs to,2433,5.42468E-06,5.265626239
the shuttle,263095,0.000586603,3.231655754
decorate single,1,2.22962E-09,8.651768348
 rich,23111265,0.051529434,1.287944631
Suitable for summer,1412,3.14823E-06,5.501933652
 apt,4813362,0.010731988,1.969319823
 manager,11812385,0.026337178,1.579430755
The room available,65,1.44926E-07,6.838854992
together share,2340,5.21732E-06,5.282552491
the young,17345486,0.038673914,1.412581876
and manager,164747,0.000367324,3.434950833
very nice,959154,0.002138553,2.669880006
the bedroom,1593597,0.003553122,2.449389845
very nice,959154,0.002138553,2.669880006
a block,1417979,0.00316156,2.500098549
The top floor view,1,2.22962E-09,8.651768348
. free,1,2.22962E-09,8.651768348
provide bedding,465,1.03678E-06,5.984315395
 lobby,2215748,0.004940285,2.306247982
place playground,1,2.22962E-09,8.651768348
delete sorry,1,2.22962E-09,8.651768348
welcome text,375,8.36109E-07,6.077737081
 house,88238824,0.196739409,0.706108637
There are bus,937,2.08916E-06,5.680028757
: security,18773,4.18567E-05,4.378234668
 prefer,7599621,0.016944298,1.770976414
a doorman,21217,4.73059E-05,4.325084372
take floor,194,4.32547E-07,6.363966618
There is no traffic,915,2.04011E-06,5.690347254
There are off,257,5.73013E-07,6.241835225
( text,167816,0.000374167,3.426934983
can share,282762,0.000630453,3.200347304
years lease,1445,3.22181E-06,5.491900501
 apartment,8091938,0.01804198,1.743715802
. still,1,2.22962E-09,8.651768348
roughly floor,1,2.22962E-09,8.651768348
the full,9845653,0.021952105,1.658523823
free gym,271,6.04228E-07,6.218799057
Quite a popular,160,3.5674E-07,6.447648366
 preferred,9753883,0.021747493,1.662590806
people share,52460,0.000116966,3.931940062
A graduate student social,1,2.22962E-09,8.651768348
can barbecue,680,1.51614E-06,5.819259436
 available,50526536,0.112655183,0.948248823
: studio,4125,9.1972E-06,5.036344395
open party,3262,7.27303E-06,5.138284392
 house,88238824,0.196739409,0.706108637
open party,3262,7.27303E-06,5.138284392
this apartment,84234,0.00018781,3.726280924
open party,3262,7.27303E-06,5.138284392
. drive,1,2.22962E-09,8.651768348
 trees,24766062,0.055219009,1.257911393
new appliances,12380,2.76027E-05,4.559047704
 still,145908352,0.325320779,0.487688196
a fireplace,215613,0.000480736,3.318093406
 apartment,8091938,0.01804198,1.743715802
 apartment,8091938,0.01804198,1.743715802
Suitable for coupon,1,2.22962E-09,8.651768348
big master,1541,3.43585E-06,5.46396571
 apartment,8091938,0.01804198,1.743715802
zhang king,1,2.22962E-09,8.651768348
one master,70265,0.000156665,3.805029298
I email,928,2.06909E-06,5.684220372
 pets,1071001,0.00238793,2.621978472
: bathroom,1431,3.19059E-06,5.496128715
is one,24277347,0.054129358,1.266567123
There are bar,183,4.08021E-07,6.389317259
in usd,2984,6.6532E-06,5.17696953
 queen,6558077,0.014622047,1.834991837
and bus,132271,0.000294915,3.530303711
for check,21853,4.8724E-05,4.312257283
 maintece,1,2.22962E-09,8.651768348
independent town,3233,7.20837E-06,5.142162644
request one,15081,3.3625E-05,4.473338208
Floor of a building house,1,2.22962E-09,8.651768348
There are bar,183,4.08021E-07,6.389317259
very nice,959154,0.002138553,2.669880006
and bar,219175,0.000488678,3.310977333
There are management,335,7.46924E-07,6.126723541
 apartment,8091938,0.01804198,1.743715802
in house,150983,0.000336635,3.472840298
( prefer,2419,5.39346E-06,5.26813248
the apartment,1668537,0.00372021,2.429432507
 house,88238824,0.196739409,0.706108637
 house,88238824,0.196739409,0.706108637
 floor,26833734,0.05982914,1.223087238
 update,1906925,0.004251726,2.371434736
 single,56610567,0.126220285,0.898870844
Need to be share,1,2.22962E-09,8.651768348
people share,52460,0.000116966,3.931940062
The room house,40,8.9185E-08,7.049708357
house available,2705,6.03113E-06,5.219601079
The school shuttle,45,1.00333E-07,6.998555835
. drive,1,2.22962E-09,8.651768348
 single,56610567,0.126220285,0.898870844
 lease,4648598,0.010364626,1.984446357
the apartment,1668537,0.00372021,2.429432507
. all,1,2.22962E-09,8.651768348
 manager,11812385,0.026337178,1.579430755
very nice,959154,0.002138553,2.669880006
specific email,862,1.92194E-06,5.716261082
 apartment,8091938,0.01804198,1.743715802
this studio,16418,3.6606E-05,4.436448097
the studio,16418,3.6606E-05,4.436448097
indoor garage,498,1.11035E-06,5.954539006
 house,88238824,0.196739409,0.706108637
the living,6293580,0.014032318,1.852870591
 conditions,57237712,0.127618583,0.894086083
between bathroom,514,1.14603E-06,5.940805229
very nice,959154,0.002138553,2.669880006
. have,1,2.22962E-09,8.651768348
 female,21097035,0.047038458,1.327546925
( prefer,2419,5.39346E-06,5.26813248
find month,50,1.11481E-07,6.952798344
years lease,1445,3.22181E-06,5.491900501
On the other utility,1,2.22962E-09,8.651768348
and trash,64365,0.00014351,3.843118575
. center,1,2.22962E-09,8.651768348
read summer,80,1.7837E-07,6.748678361
the lease,1172202,0.00261357,2.58276589
 apartment,8091938,0.01804198,1.743715802
. still,1,2.22962E-09,8.651768348
the garage,917114,0.002044819,2.689345025
live house,637,1.42027E-06,5.847628916
Don't need to security,1,2.22962E-09,8.651768348
the apartment,1668537,0.00372021,2.429432507
 important,106469653,0.237387305,0.62454251
zhang king,1,2.22962E-09,8.651768348
Pittsburgh apartment,106,2.3634E-07,6.626462483
 hard,50333840,0.112225543,0.949908284
 nice,11424445,0.025472218,1.593933237
campus shuttle,561,1.25082E-06,5.902805487
 house,88238824,0.196739409,0.706108637
open party,3262,7.27303E-06,5.138284392
reach bus,47,1.04792E-07,6.97967049
a bedrooms,1,2.22962E-09,8.651768348
 bedroom,5546123,0.01236577,1.907778851
a outdoor,425,9.4759E-07,6.023379418
a walk-in,26507,5.91006E-05,4.22840777
the parking,1098825,0.002449967,2.610839817
to study,6293681,0.014032543,1.852863622
the laundry,380291,0.000847906,3.071652301
Go to the tower,91,2.02896E-07,6.692726956
a studio,323532,0.000721355,3.141851106
this apt,3342,7.4514E-06,5.127761903
 utility,6943853,0.015482182,1.81016783
to centre,62931,0.000140312,3.852903715
There are back,416,9.27524E-07,6.032675018
Hand in fee,43,9.58738E-08,7.018299893
welcome email,216,4.81599E-07,6.317314597
A lot of restaurant,206,4.59303E-07,6.337901128
one block,201897,0.000450154,3.346638483
There are dining,317,7.06791E-07,6.150709086
There are free,4545,1.01336E-05,4.994234461
 lease,4648598,0.010364626,1.984446357
big master,1541,3.43585E-06,5.46396571
 floor,26833734,0.05982914,1.223087238
There are permit,68,1.51614E-07,6.819259436
get permit,366,8.16042E-07,6.088287263
can share,282762,0.000630453,3.200347304
time booking,595,1.32663E-06,5.877251383
 area,64951337,0.144817067,0.839180253
The company offer,61,1.36007E-07,6.866438513
very nice,959154,0.002138553,2.669880006
join att,1,2.22962E-09,8.651768348
see flyer,68,1.51614E-07,6.819259436
There are permit,68,1.51614E-07,6.819259436
the profile,547141,0.001219919,2.913669088
 remain,27448130,0.061199012,1.213255586
 use,183144314,0.408342978,0.388974908
can email,4896,1.09162E-05,4.961926939
 toilet,2139203,0.004769619,2.321516349
The conveyor belt luggage,1,2.22962E-09,8.651768348
 baggage,1835330,0.004092096,2.388054185
 downtown,2830014,0.006309867,2.199979764
 ,,,
 ,,,
 ,,,