,sentence_length_zh,cs_back_word,word_freq_zh,cs_word_pos_zh,cs_word_length_zh,ngram_surp_zh,zh_word_index,cs_back_word_eng,word_freq_eng,cs_word_pos_eng,cs_word_length_eng,ngram_surp_eng_not_updated
0,34,非常,8.291759627895480,AD,2,7.2327523,3,very,7.23128265341125,RB,4,5.1751757
1,10,从,6.377483472434710,P,1,5.668829,1,from,5.68258953417454,IN,4,3.9717555
2,8,一共,12.623917404187000,AD,2,6.904053,1,a total of,11.7216285726286,DT,10,3.7714994
4,5,家具,11.90869298800790,NN,2,7.1807833,2,furniture,10.8916177065946,NN,9,6.250285
6,8,和,4.681213610519310,CC,1,3.4168775,5,and,3.774669967841,CC,3,3.2956455
7,8,可,7.093452252120850,AD,1,3.2731566,4,can be,7.74464969738628,MD,6,4.4064207
8,21,请,9.09378964655144,VV,1,7.211736,8,please,10.1736513378286,UH,6,6.6739063
9,14,卫生间,12.958432945055500,NN,3,7.21781,12,toilet,12.0223465491507,NN,6,6.55797
10,12,短信,13.28962587920390,NN,2,7.1807833,6,sms,14.4898306202098,NN,3,8.248479
13,8,无线,11.875683387473400,NN,2,7.1807833,5,wireless,12.274317244805,NNP,8,6.314998
14,15,并且,8.458645571635330,AD,2,5.7279725,10,and,3.774669967841,CC,3,3.2956455
15,9,还,6.404130924023890,AD,1,7.1807833,9,also,6.95619717725742,RB,4,4.2201896
16,12,及,6.972065783256670,CC,1,4.1924424,9,and,3.774669967841,CC,3,3.2956455
18,8,哦,12.653037989669800,IJ,1,6.8726544,6,oh,9.38930194902854,UH,2,6.9659677
19,22,可以,6.39906961183706,VV,2,7.1598167,2,can,6.37274445896951,MD,3,4.4064207
20,6,联系,7.951912412664680,NN,2,7.1670523,3,contact,9.63270452975096,NN,7,5.744354
21,16,的,2.7277528723935400,DEG,1,4.1759996,5,the,3.04312077096989,DT,3,3.469161
22,10,和,4.681213610519310,CC,1,3.4306083,4,and,3.774669967841,CC,3,3.2956455
23,11,二,6.216225093655350,CD,1,6.871142,2,two,6.91821671445168,CD,3,4.6764927
24,6,或,6.86730607567808,CC,1,3.7031012,2,or,5.5796259385765,CC,2,3.9497473
27,26,里面,10.463452851034900,NN,2,7.198451,1,inside,9.46922123462188,RB,6,5.196686
28,17,帮忙,11.874041934820600,VV,2,7.1670523,4,help,8.4558497749234,NN,4,5.704367
30,11,好,6.901947304013090,VA,1,7.1807833,11,good,7.5310626578725,JJ,4,5.420873
31,16,收发,13.544003637006200,NN,2,7.239988,11,send and receive,15.1235965743873,VB,16,6.153658
32,6,经历,9.12649633742232,NN,2,7.1670523,4,experience,8.6793211769279,NN,10,5.360956
33,16,并且,8.458645571635330,AD,2,5.7279725,11,and,3.774669967841,CC,3,3.2956455
34,12,非常,8.291759627895480,AD,2,7.1598167,2,very,7.23128265341125,RB,4,5.1751757
36,25,含,10.75983814999830,VV,1,7.2327523,7,containing,9.84483133819522,VBG,10,5.375416
37,13,或者,7.832806844992630,CC,2,4.9270983,9,or,5.5796259385765,CC,2,3.9497473
38,11,的,2.7277528723935400,DEG,1,4.1897306,5,the,3.04312077096989,DT,3,3.469161
39,3,灵活,9.893430903284730,VA,2,7.1670523,1,flexible,11.2601701602433,JJ,8,6.4378448
40,10,也,5.753495111341640,AD,1,6.8726544,6,also,6.95619717725742,RB,4,4.2201896
41,9,联系,7.951912412664680,NN,2,7.1670523,7,contact,9.63270452975096,NN,7,5.744354
42,21,就,6.133440848420250,AD,1,7.1735477,2,it,5.35225838145451,PRP,2,4.3828855
44,12,联系,7.951912412664680,NN,2,7.1670523,8,contact,9.63270452975096,NN,7,5.744354
45,11,床,11.770828682629100,NN,1,7.1807833,11,the bed,10.8471343743836,DT,7,3.469161
46,16,和,4.681213610519310,CC,1,3.4306083,2,and,3.774669967841,CC,3,3.2956455
47,21,安静,11.606647560520500,VA,2,7.239988,10,quiet,10.0341614114725,NNP,5,6.242342
48,13,两,6.622455166510390,CD,1,7.1807833,3,two,6.91821671445168,CD,3,4.6764927
49,14,及,6.972065783256670,CC,1,7.1670523,14,and,3.774669967841,CC,3,3.2956455
50,7,吗,8.759761060956490,IJ,1,7.1735477,5,?,6.31199790469147,.,1,4.6863203
51,13,就,6.133440848420250,AD,1,7.1735477,5,it,5.35225838145451,PRP,2,4.3828855
52,4,出租,10.550818733744300,VV,2,7.198451,1,rent,10.7935081513794,NN,4,6.215884
53,11,一,4.847867458993150,CD,1,5.594116,3,one,6.19078355147723,CD,3,4.579384
54,10,之前,8.975234645392020,AD,2,6.558925,3,before,7.39771013724242,IN,6,4.499386
57,10,所有,7.879129443470710,DT,2,6.6978993,6,all,6.19945186751629,DT,3,4.6611304
59,20,卧室,13.152579930518,NN,2,7.239988,10,the bedroom,12.3167861535924,DT,11,3.469161
60,10,不,5.309630429407180,AD,1,2.563988,4,don't,14.509010067963,VB,5,8.248479
61,5,不,5.309630429407180,AD,1,6.2062354,2,don't,14.509010067963,VB,5,8.248479
62,8,到,5.759027415452410,VV,1,4.4722433,3,to,3.92606293861701,IN,2,3.6630955
63,12,就,6.133440848420250,AD,1,7.1735477,2,it,5.35225838145451,PRP,2,4.3828855
65,18,的,2.7277528723935400,DEG,1,4.1759996,1,the,3.04312077096989,DT,3,3.469161
66,10,或者,7.832806844992630,CC,2,4.9408293,3,or,5.5796259385765,CC,2,3.9497473
67,22,安静,11.606647560520500,VA,2,7.239988,11,quiet,10.0341614114725,NNP,5,6.242342
68,12,大部分,16.525031006023300,CD,3,7.1598167,2,most of the,9.95241146017054,JJS,11,5.083103
69,24,小,7.703771653739700,JJ,1,6.3825297,12,small,7.97754260686666,JJ,5,5.396529
70,21,家具,11.90869298800790,NN,2,7.3514414,0,furniture,10.8916177065946,NN,9,6.250285
71,15,凉台,17.334284775912400,NN,2,7.239988,8,the terrace,13.0666824360684,DT,11,3.469161
72,16,内,7.2937813464386500,NN,1,7.1598167,3,within the,9.01040138175133,IN,10,4.73732
73,25,两,6.622455166510390,CD,1,7.8777566,3,two,6.91821671445168,CD,3,4.6764927
74,11,和,4.681213610519310,CC,1,2.3974364,5,and,3.774669967841,CC,3,3.2956455
75,11,现在,7.626584107522520,NT,2,7.1735477,5,now,7.37399014799285,RB,3,5.044016
76,9,过,7.247328920661730,VV,1,7.1735477,5,pass,9.44782536774044,VB,4,5.6076517
78,11,很,6.723622818117740,AD,1,7.1670523,1,very,7.23128265341125,RB,4,5.1751757
80,5,和蔼可亲,16.601723626811600,VV,4,7.1670523,3,amiable,12.3559101593925,JJ,7,7.033427
81,11,超大,14.109097253489000,VV,2,7.8777566,2,very large,11.3897599353076,RB,10,5.1751757
82,11,的,2.7277528723935400,DEG,1,4.1897306,2,the,3.04312077096989,DT,3,3.469161
83,14,床,11.770828682629100,NN,1,7.1807833,14,the bed,10.8471343743836,DT,7,3.469161
84,9,很,6.723622818117740,AD,1,7.239988,5,very,7.23128265341125,RB,4,5.1751757
86,6,吗,8.759761060956490,IJ,1,7.2105746,4,?,6.31199790469147,.,1,4.6863203
87,30,一共,12.623917404187000,AD,2,6.904053,1,a total of,11.7216285726286,DT,10,3.7714994
88,21,含,10.75983814999830,VV,1,7.2327523,7,containing,9.84483133819522,VBG,10,5.375416
89,14,也,5.753495111341640,AD,1,6.94559,3,also,6.95619717725742,RB,4,4.2201896
91,11,都,6.185283294221550,AD,1,7.1670523,6,all,6.19945186751629,DT,3,4.6611304
92,24,的,2.7277528723935400,DEG,1,4.1897306,6,the,3.04312077096989,DT,3,3.469161
93,10,一下,9.155342537774730,AD,2,7.1807833,4,the,3.04312077096989,DT,3,3.469161
94,14,男女,10.100805773947000,NN,2,7.239988,6,men and women,10.8609910378122,NNS,13,5.1407866
95,12,是,4.463178522257190,VC,1,4.2973504,1,is,4.77847604462531,VBZ,2,3.561916
100,24,和,4.681213610519310,CC,1,3.4306083,10,and,3.774669967841,CC,3,3.2956455
101,19,家具,11.90869298800790,NN,2,7.239988,12,furniture,10.8916177065946,NN,9,6.250285
102,8,中央,7.356490397161870,NN,2,7.2327523,5,the central,10.4623173439324,DT,11,3.469161
103,5,男生,13.55092348863310,NN,2,7.39772,3,the boy,10.7245109024616,DT,7,3.469161
104,19,也,5.753495111341640,AD,1,6.8863854,12,also,6.95619717725742,RB,4,4.2201896
107,16,不,5.309630429407180,AD,1,6.2199664,2,don't,14.509010067963,VB,5,8.248479
108,17,全,7.4216633733223800,VA,1,6.94559,13,all,6.19945186751629,DT,3,4.6611304
109,8,的,2.7277528723935400,DEG,1,4.1897306,2,the,3.04312077096989,DT,3,3.469161
110,17,麻烦,10.671070256510900,NN,2,7.239988,12,trouble,9.78188306458356,NN,7,6.1904697
111,9,的,2.7277528723935400,DEG,1,4.1897306,3,the,3.04312077096989,DT,3,3.469161
112,9,联系,7.951912412664680,NN,2,7.1670523,6,contact,9.63270452975096,NN,7,5.744354
114,11,所以,7.602624788977460,AD,2,6.1919475,5,so,6.57704816326837,CC,2,4.6290755
115,14,代为,12.402924756515200,NN,2,7.1670523,10,on behalf of,11.4922266154249,IN,12,3.9236827
116,12,内部,8.403159408317100,NN,2,6.715567,1,internal,9.74016960153247,JJ,8,5.761658
117,14,在,4.514607578933670,P,1,4.3602476,1,in,4.17803992334808,IN,2,3.537955
119,31,另,7.8635213343132200,AD,1,6.928529,5,on the other,9.89243523249112,IN,12,3.9236827
120,13,和,4.681213610519310,CC,1,3.4168775,5,and,3.774669967841,CC,3,3.2956455
121,28,入住,14.602645647413700,VV,2,7.1670523,19,to stay in,12.5279927098006,TO,10,3.6630955
122,15,然后,8.564008954910840,AD,2,7.1598167,12,then,7.13528944526646,RB,4,4.5970745
123,11,费用,8.909136347811960,NN,2,7.1807833,5,cost,8.91063412690921,NN,4,5.4889994
125,9,的,2.7277528723935400,DEG,1,4.1759996,6,the,3.04312077096989,DT,3,3.469161
126,15,的,2.7277528723935400,DEG,1,4.1759996,1,the,3.04312077096989,DT,3,3.469161
127,8,到,5.759027415452410,VV,1,4.4585123,6,to,3.92606293861701,IN,2,3.6630955
128,8,的,2.7277528723935400,DEG,1,4.1759996,6,the,3.04312077096989,DT,3,3.469161
131,10,和,4.681213610519310,CC,1,3.4306083,3,and,3.774669967841,CC,3,3.2956455
132,10,三,6.294963404035600,CD,1,6.572656,3,three,7.67523259162671,CD,5,4.937782
133,19,家具,11.90869298800790,NN,2,7.1807833,2,furniture,10.8916177065946,NN,9,6.250285
134,13,7-27/2016,24.01388396175680,CD,7,6.609683,0,7-27/2016,15.2986819623992,CD,9,8.248479
135,15,也,5.753495111341640,AD,1,6.94559,5,also,6.95619717725742,RB,4,4.2201896
137,8,中国,5.982473684872120,NR,2,6.72491,2,china,9.5857494567824,NNP,5,6.9456244
138,18,外,7.385557323793870,NN,1,7.1735477,7,outside,9.06901707429843,RB,7,5.071911
140,26,的,2.7277528723935400,DEG,1,4.1897306,2,the,3.04312077096989,DT,3,3.469161
141,12,有,5.134998086658780,VE,1,5.2985525,8,there are,8.89715013134865,EX,9,4.6604314
143,22,负责,8.319057220187180,VV,2,7.2327523,5,to be responsible for the,26.5982904368729,TO,25,3.6630955
144,17,和,4.681213610519310,CC,1,3.4306083,2,and,3.774669967841,CC,3,3.2956455
145,13,客厅,12.531830160453600,NN,2,7.239988,6,the sitting room,14.4817049578443,DT,16,3.469161
146,8,个数,24.01388396175680,NN,2,7.1670523,1,the number of,9.47862081275087,DT,13,3.469161
147,8,或者,7.832806844992630,CC,2,4.9270983,1,or,5.5796259385765,CC,2,3.9497473
148,9,也,5.753495111341640,AD,1,6.8726544,5,also,6.95619717725742,RB,4,4.2201896
149,21,告诉,9.29584899441518,VV,2,7.2327523,14,tell,8.62869284070913,VB,4,5.921918
150,6,四,6.923222997771650,CD,1,6.6318607,3,four,8.28345255822362,CD,4,5.06947
152,5,沟通,10.257489850976300,VV,2,7.1670523,3,communication,9.77779464632159,NN,13,5.8184752
153,13,能,6.854115083559210,VV,1,6.3962607,4,can,6.37274445896951,MD,3,4.4064207
154,24,包,10.057120399689600,VV,1,6.6841683,16,package,11.0565259760335,NN,7,5.9855022
155,6,照片,10.08384187076840,NN,2,6.558925,1,photo,11.4111756412328,NN,5,6.0487065
156,22,在,4.514607578933670,P,1,7.1670523,22,in,4.17803992334808,IN,2,3.537955
158,17,的,2.7277528723935400,DEG,1,4.1897306,2,the,3.04312077096989,DT,3,3.469161
159,10,需要,7.1858030399017700,VV,2,6.2199664,2,need to be,10.9230669448563,VBP,10,5.655355
160,3,女生,12.725427926689400,NN,2,7.1670523,1,the girl,10.8457709426519,DT,8,3.469161
161,10,或,6.86730607567808,CC,1,3.7031012,4,or,5.5796259385765,CC,2,3.9497473
162,6,和,4.681213610519310,CC,1,3.4168775,2,and,3.774669967841,CC,3,3.2956455
163,7,特别,7.5673655991356800,AD,2,7.239988,4,special,8.82927303083006,NNP,7,5.472309
164,9,签到,15.99065927704010,NR,2,7.1670523,5,sign in,13.6212904607635,VB,7,5.8428755
165,14,水电,11.769283150521300,NN,2,7.1670523,1,water and electricity,16.3875387971573,NN,21,5.031002
167,23,一,4.847867458993150,CD,1,5.580385,8,one,6.19078355147723,CD,3,4.579384
168,22,如,7.360286777020610,AD,1,5.9779387,14,such as,8.2594364243519,JJ,7,4.665015
169,24,里面,10.463452851034900,NN,2,7.211736,11,inside,9.46922123462188,RB,6,5.196686
170,27,离,9.478039649978310,P,1,7.1807833,20,from the,6.85300389925035,IN,8,3.9717555
171,31,有,5.134998086658780,VE,1,5.2570157,1,there are,8.89715013134865,EX,9,4.6604314
172,12,就,6.133440848420250,AD,1,7.1598167,7,it,5.35225838145451,PRP,2,4.3828855
173,15,就,6.133440848420250,AD,1,7.1598167,6,it,5.35225838145451,PRP,2,4.3828855
174,4,顶,11.881560122119000,NR,1,7.2138476,4,the top,9.75107070537151,DT,7,3.469161
176,12,600,10.589803958592900,CD,3,7.8777566,12,600,10.9491695046703,CD,3,5.9391932
177,20,配置,9.721122971170490,VV,2,6.94559,14,configuration,11.1316431724554,NN,13,5.9887824
178,28,希望,8.3490009018571,VV,2,6.6978993,16,hope,9.1356262651606,NNP,4,5.962317
179,10,进门,13.390777711454900,VV,2,7.2140465,4,through the door,12.9645595825316,IN,16,4.561048
180,6,帮忙,11.874041934820600,VV,2,7.1670523,1,help,8.4558497749234,NN,4,5.704367
181,6,过,7.247328920661730,VV,1,7.1598167,4,pass,9.44782536774044,VB,4,5.6076517
183,15,三,6.294963404035600,CD,1,6.572656,4,three,7.67523259162671,CD,5,4.937782
184,19,可以,6.39906961183706,VV,2,7.1598167,16,can,6.37274445896951,MD,3,4.4064207
186,9,联系,7.951912412664680,NN,2,7.1670523,5,contact,9.63270452975096,NN,7,5.744354
187,8,1,24.01388396175680,URL,13,6.9169397,4,1,6.47581739747594,CD,1,3.5632582
188,8,和,4.681213610519310,CC,1,3.4168775,3,and,3.774669967841,CC,3,3.2956455
189,23,全,7.4216633733223800,VA,1,6.8726544,20,all,6.19945186751629,DT,3,4.6611304
190,10,一月,16.616322426232700,NT,2,6.757104,5,january,9.45083379497979,NNP,7,8.248479
194,15,简直,10.907954890815900,AD,2,7.1807833,10,it,5.35225838145451,PRP,2,4.3828855
195,24,共,8.791069301094870,AD,1,6.4139285,1,a total of,11.7216285726286,DT,10,3.7714994
196,7,整洁,13.21387990504600,AD,2,7.239988,4,clean and tidy,16.5954554108361,JJ,14,5.880659
197,15,的,2.7277528723935400,DEG,1,7.1670523,15,the,3.04312077096989,DT,3,3.469161
200,9,和,4.681213610519310,CC,1,2.3974364,4,and,3.774669967841,CC,3,3.2956455
201,9,1,6.578185937864010,CD,1,3.9021566,7,1,6.47581739747594,CD,1,3.5632582
202,12,固定,9.118242515625230,JJ,2,6.8863854,5,fixed,9.63221201727349,VBN,5,5.884841
204,17,里,7.390168654596740,LC,1,6.6841683,2,in the,5.50634555210565,IN,6,3.537955
205,8,非常,8.291759627895480,AD,2,7.1598167,5,very,7.23128265341125,RB,4,5.1751757
207,18,非常,8.291759627895480,AD,2,7.1598167,2,very,7.23128265341125,RB,4,5.1751757
208,14,就,6.133440848420250,AD,1,7.1598167,6,it,5.35225838145451,PRP,2,4.3828855
209,20,床,11.770828682629100,NN,1,7.1807833,20,the bed,10.8471343743836,DT,7,3.469161
211,23,的,2.7277528723935400,DEG,1,4.1759996,2,the,3.04312077096989,DT,3,3.469161
212,25,有,5.134998086658780,VE,1,5.2985525,18,there are,8.89715013134865,EX,9,4.6604314
213,15,无法,8.633784960276650,AD,2,7.239988,10,can't,15.6314033514244,MD,5,8.248479
214,18,卧室,13.152579930518,NN,2,7.239988,5,the bedroom,12.3167861535924,DT,11,3.469161
215,16,和,4.681213610519310,CC,1,3.4168775,9,and,3.774669967841,CC,3,3.2956455
216,7,已,7.390917240248650,AD,1,7.8777566,2,has,6.43958450363465,VBZ,3,4.137306
217,13,卧室,13.152579930518,NN,2,7.239988,4,the bedroom,12.3167861535924,DT,11,3.469161
218,12,另,7.8635213343132200,AD,1,6.904053,1,on the other,9.89243523249112,IN,12,3.9236827
219,23,非常,8.291759627895480,AD,2,7.1598167,12,very,7.23128265341125,RB,4,5.1751757
220,5,家居,13.959350544346900,NN,2,7.8777566,2,household,10.4390271231445,NN,9,5.903496
222,18,厨房,11.582833448300200,NN,2,7.1670523,10,the kitchen,10.7545713702742,DT,11,3.469161
223,7,房东,15.21951368253390,NN,2,7.1670523,4,the landlord,12.5522294265381,DT,12,3.469161
224,10,还是,7.840140003261970,AD,2,6.279171,4,or,5.5796259385765,CC,2,3.9497473
226,8,里面,10.463452851034900,NN,2,7.1807833,4,inside,9.46922123462188,RB,6,5.196686
228,15,一,4.847867458993150,CD,1,5.653321,7,one,6.19078355147723,CD,3,4.579384
229,20,我们,5.905487046974090,PN,2,7.198451,1,we,6.38435772136177,PRP,2,5.072474
230,16,不过,8.61621460606329,AD,2,7.2327523,10,however,8.04884993144241,RB,7,5.3967466
231,6,的,2.7277528723935400,DEG,1,4.2686825,3,the,3.04312077096989,DT,3,3.469161
232,19,的,2.7277528723935400,DEG,1,4.1759996,1,the,3.04312077096989,DT,3,3.469161
233,16,的,2.7277528723935400,DEG,1,5.7373633,16,the,3.04312077096989,DT,3,3.469161
234,21,一,4.847867458993150,CD,1,5.580385,11,one,6.19078355147723,CD,3,4.579384
236,11,里,7.390168654596740,LC,1,6.6978993,5,in the,5.50634555210565,IN,6,3.537955
238,16,是,4.463178522257190,VC,1,4.2973504,2,is,4.77847604462531,VBZ,2,3.561916
239,7,三,6.294963404035600,CD,1,6.572656,4,three,7.67523259162671,CD,5,4.937782
241,10,环境,7.4728191628357100,NN,2,7.1598167,2,the environment,11.1728376936415,DT,15,3.469161
243,23,或者,7.832806844992630,CC,2,4.9270983,19,or,5.5796259385765,CC,2,3.9497473
245,10,可以,6.39906961183706,VV,2,7.1598167,6,can,6.37274445896951,MD,3,4.4064207
246,11,本人,10.217505256108500,PN,2,7.870521,2,i am,8.48880345153091,PRP,4,5.134548
247,11,独立,8.339548920200430,VA,2,7.2327523,3,independent,9.5480816510638,JJ,11,5.6482825
248,17,所以,7.602624788977460,AD,2,6.1919475,10,so,6.57704816326837,CC,2,4.6290755
249,14,房子,10.313797723408000,NN,2,6.94559,4,house,8.30273283134144,NNP,5,5.313124
250,16,暖气,13.570516965063900,NR,2,7.1807833,4,the heating,13.3169611344224,DT,11,3.469161
251,13,安静,11.606647560520500,VA,2,7.239988,7,quiet,10.0341614114725,NNP,5,6.242342
252,15,厨房,11.582833448300200,NN,2,7.186253,9,the kitchen,10.7545713702742,DT,11,3.469161
253,8,和,4.681213610519310,CC,1,3.4168775,4,and,3.774669967841,CC,3,3.2956455
254,18,位,7.699657705968430,NN,1,6.3468947,18,position,8.59815391151608,NN,8,5.299539
255,4,暑假,12.241807080299900,NN,2,7.198451,1,the summer vacation,15.9030781404159,DT,19,3.469161
257,10,的,2.7277528723935400,DEG,1,4.1759996,3,the,3.04312077096989,DT,3,3.469161
258,24,超级,11.394715396955500,VA,2,7.239988,9,super,11.9500664272899,NNP,5,6.0786963
260,20,卫生间,12.958432945055500,NN,3,7.2138476,18,toilet,12.0223465491507,NN,6,6.55797
261,9,非常,8.291759627895480,AD,2,7.2327523,5,very,7.23128265341125,RB,4,5.1751757
262,12,的,2.7277528723935400,DEG,1,4.2424345,3,the,3.04312077096989,DT,3,3.469161
263,7,有意,11.105781205966600,VV,2,7.3514414,0,intentionally,12.3611330702393,RB,13,6.1733494
264,15,的,2.7277528723935400,DEG,1,4.1759996,8,the,3.04312077096989,DT,3,3.469161
265,12,二,6.216225093655350,CD,1,6.233373,5,two,6.91821671445168,CD,3,4.6764927
266,13,或,6.86730607567808,CC,1,3.7031012,4,or,5.5796259385765,CC,2,3.9497473
267,8,至,7.735317417095000,VV,1,4.456789,6,to,3.92606293861701,IN,2,3.6630955
268,16,到,5.759027415452410,VV,1,4.4585123,1,to,3.92606293861701,IN,2,3.6630955
269,12,住房,9.762134051162350,NN,2,7.1598167,3,housing,10.5902039788378,NN,7,5.7182713
270,17,超大,14.109097253489000,VV,2,7.239988,5,very large,11.3897599353076,RB,10,5.1751757
271,9,非常,8.291759627895480,AD,2,7.2262516,6,very,7.23128265341125,RB,4,5.1751757
272,10,里面,10.463452851034900,NN,2,7.1807833,3,inside,9.46922123462188,RB,6,5.196686
274,11,的,2.7277528723935400,DEG,1,4.1897306,7,the,3.04312077096989,DT,3,3.469161
275,11,的,2.7277528723935400,DEG,1,4.1897306,7,the,3.04312077096989,DT,3,3.469161
276,17,还,6.404130924023890,AD,1,7.1670523,10,also,6.95619717725742,RB,4,4.2201896
277,7,的,2.7277528723935400,DEG,1,4.1759996,4,the,3.04312077096989,DT,3,3.469161
278,7,非常,8.291759627895480,AD,2,7.1598167,2,very,7.23128265341125,RB,4,5.1751757
279,13,与,5.857126069237800,P,1,4.408031,1,with,5.23475568811001,IN,4,3.848862
281,16,的,2.7277528723935400,DEG,1,4.1759996,13,the,3.04312077096989,DT,3,3.469161
282,34,一,4.847867458993150,CD,1,5.6883945,9,one,6.19078355147723,CD,3,4.579384
283,15,门口,12.313649398481600,NN,2,7.198451,1,the door,9.49341658801658,DT,8,3.469161
284,27,也,5.753495111341640,AD,1,6.94559,4,also,6.95619717725742,RB,4,4.2201896
285,16,入住,14.602645647413700,VV,2,7.239988,8,to stay in,12.5279927098006,TO,10,3.6630955
286,13,床,11.770828682629100,NN,1,7.1807833,13,the bed,10.8471343743836,DT,7,3.469161
287,23,由,6.915705386220530,P,1,5.0919185,1,by,5.41417691621654,IN,2,3.996071
288,13,在,4.514607578933670,P,1,4.328849,1,in,4.17803992334808,IN,2,3.537955
289,11,是,4.463178522257190,VC,1,4.2973504,1,is,4.77847604462531,VBZ,2,3.561916
292,19,住,8.394525626787180,VV,1,7.1670523,4,live,8.94444586880191,VB,4,5.3068337
293,12,房间,10.717802599032700,NN,2,7.239988,6,the room,9.86368672431331,DT,8,3.469161
295,8,目前,7.964025610658700,NT,2,6.8863854,2,at present,11.0860124567612,IN,10,3.9063916
296,4,一,4.847867458993150,CD,1,5.611784,1,one,6.19078355147723,CD,3,4.579384
297,29,中间,9.646892327373590,NN,2,7.211736,9,in the middle,10.645664889375,IN,13,3.537955
300,25,里面,10.463452851034900,NN,2,7.1670523,4,inside,9.46922123462188,RB,6,5.196686
301,16,联系,7.951912412664680,NN,2,7.1670523,14,contact,9.63270452975096,NN,7,5.744354
302,13,水,8.780028928850750,NN,1,6.119012,5,water,7.97898537622756,NN,5,5.031002
303,9,两,6.622455166510390,CD,1,7.1807833,4,two,6.91821671445168,CD,3,4.6764927
304,6,门口,12.313649398481600,NN,2,7.1670523,2,the door,9.49341658801658,DT,8,3.469161
305,7,的,2.7277528723935400,DEG,1,7.1670523,7,the,3.04312077096989,DT,3,3.469161
307,5,从,6.377483472434710,P,1,5.68256,2,from,5.68258953417454,IN,4,3.9717555
309,9,都,6.185283294221550,AD,1,7.1670523,9,all,6.19945186751629,DT,3,4.6611304
310,7,上,5.516516112333380,DT,1,5.642432,3,on,5.41125554279889,IN,2,3.9236827
311,11,需要,7.1858030399017700,VV,2,6.2062354,2,need to be,10.9230669448563,VBP,10,5.655355
312,26,出租,10.550818733744300,VV,2,7.1670523,2,rent,10.7935081513794,NN,4,6.215884
313,6,淋浴,14.342896092958900,NN,2,7.3514414,0,take a shower,15.0558255873254,VB,13,5.25007
315,11,或者,7.832806844992630,CC,2,4.9270983,6,or,5.5796259385765,CC,2,3.9497473
316,6,联系,7.951912412664680,NN,2,7.1670523,1,contact,9.63270452975096,NN,7,5.744354
317,25,的,2.7277528723935400,DEG,1,4.1897306,4,the,3.04312077096989,DT,3,3.469161
318,9,里,7.390168654596740,LC,1,6.715567,1,in the,5.50634555210565,IN,6,3.537955
319,13,里面,10.463452851034900,NN,2,7.1807833,4,inside,9.46922123462188,RB,6,5.196686
322,11,大量,8.438547252070640,CD,2,7.2576556,7,a lot of,10.2401281216783,DT,8,3.7714994
323,13,里面,10.463452851034900,NN,2,7.239988,7,inside,9.46922123462188,RB,6,5.196686
324,9,在,4.514607578933670,P,1,4.328849,3,in,4.17803992334808,IN,2,3.537955
326,4,联系,7.951912412664680,NN,2,7.1670523,2,contact,9.63270452975096,NN,7,5.744354
327,5,出租,10.550818733744300,VV,2,7.8777566,2,rent,10.7935081513794,NN,4,6.215884
328,27,还有,15.886184108939000,CC,2,6.4618325,16,there are,8.89715013134865,EX,9,4.6604314
330,18,三,6.294963404035600,CD,1,6.6318607,6,three,7.67523259162671,CD,5,4.937782
331,12,最,7.29431282237448,AD,1,6.8726544,3,the most,8.14130340527483,DT,8,3.469161
332,3,联系,7.951912412664680,NN,2,7.1670523,1,contact,9.63270452975096,NN,7,5.744354
334,15,可以,6.39906961183706,VV,2,7.2327523,6,can,6.37274445896951,MD,3,4.4064207
336,27,如果,7.270952894445990,CS,2,5.4696436,11,if,6.76329393892284,IN,2,4.570856
337,10,含,10.75983814999830,VV,1,7.5221314,5,containing,9.84483133819522,VBG,10,5.375416
338,5,已,7.390917240248650,AD,1,7.1807833,2,has,6.43958450363465,VBZ,3,4.137306
340,11,有,5.134998086658780,VE,1,5.225617,1,there are,8.89715013134865,EX,9,4.6604314
342,13,相比,17.101141141263600,VV,2,6.558925,7,compared with the,11.7042318717652,VBN,17,5.1783037
345,15,因为,7.203584925473160,P,2,6.9169397,2,because,7.47186280806014,IN,7,4.580659
347,27,住房,9.762134051162350,NN,2,7.1598167,5,housing,10.5902039788378,NN,7,5.7182713
348,8,联系,7.951912412664680,NN,2,7.1670523,5,contact,9.63270452975096,NN,7,5.744354
349,17,里面,10.463452851034900,NN,2,7.1670523,3,inside,9.46922123462188,RB,6,5.196686
350,32,一共,12.623917404187000,AD,2,6.8863854,4,a total of,11.7216285726286,DT,10,3.7714994
351,7,有,5.134998086658780,VE,1,5.225617,1,there are,8.89715013134865,EX,9,4.6604314
352,7,联系,7.951912412664680,NN,2,7.1670523,4,contact,9.63270452975096,NN,7,5.744354
353,17,桌子,11.832662566399300,NN,2,7.25042,8,the table,10.0281810716712,DT,9,3.469161
354,16,里面,10.463452851034900,NN,2,7.1670523,7,inside,9.46922123462188,RB,6,5.196686
355,17,状况,8.501445445615610,NN,2,7.198451,1,condition,9.08208203786509,NN,9,5.8031764
356,35,三,6.294963404035600,CD,1,6.6495285,17,three,7.67523259162671,CD,5,4.937782
358,34,电梯,12.530737523275700,NN,2,7.239988,6,the elevator,12.6725201838526,DT,12,3.469161
359,5,见,8.550425415263220,VV,1,6.8863854,2,see,7.2389591903438,VB,3,5.5291753
360,25,也,5.753495111341640,AD,1,6.94559,19,also,6.95619717725742,RB,4,4.2201896
361,18,就,6.133440848420250,AD,1,7.2327523,12,it,5.35225838145451,PRP,2,4.3828855
362,19,进去,11.687777482185100,VV,2,7.239988,13,in,4.17803992334808,IN,2,3.537955
363,19,在,4.514607578933670,P,1,4.328849,3,in,4.17803992334808,IN,2,3.537955
364,17,即可,16.593904038094900,NN,2,7.1670523,15,can be,7.74464969738628,MD,6,4.4064207
365,19,仅,8.623431495548050,AD,1,7.2327523,13,only,6.82771105599543,RB,4,4.6925993
366,7,还,6.404130924023890,AD,1,7.1670523,1,also,6.95619717725742,RB,4,4.2201896
367,10,和,4.681213610519310,CC,1,3.4168775,3,and,3.774669967841,CC,3,3.2956455
368,25,之,6.013534801376360,PN,1,7.1670523,25,the,3.04312077096989,DT,3,3.469161
370,19,为,5.56764322539914,VC,1,4.904821,1,for,5.0696679208298,IN,3,3.7904503
371,17,碰到,24.01388396175680,VV,2,7.1670523,2,encounter,10.9743176801459,NNP,9,5.89457
372,5,厨房,11.582833448300200,NN,2,7.1807833,1,the kitchen,10.7545713702742,DT,11,3.469161
373,14,也,5.753495111341640,AD,1,6.8726544,5,also,6.95619717725742,RB,4,4.2201896
374,6,到,5.759027415452410,VV,1,4.4585123,1,to,3.92606293861701,IN,2,3.6630955
375,23,现在,7.626584107522520,NT,2,7.2327523,5,now,7.37399014799285,RB,3,5.044016
376,25,比,7.675160721864900,P,1,5.762279,1,than,6.70693408077032,IN,4,4.6707287
378,12,的,2.7277528723935400,DEG,1,4.1759996,9,the,3.04312077096989,DT,3,3.469161
380,32,的,2.7277528723935400,DEG,1,4.1897306,8,the,3.04312077096989,DT,3,3.469161
382,16,一,4.847867458993150,CD,1,5.611784,1,one,6.19078355147723,CD,3,4.579384
383,6,有,5.134998086658780,VE,1,5.2461543,2,there are,8.89715013134865,EX,9,4.6604314
384,8,里面,10.463452851034900,NN,2,7.198451,1,inside,9.46922123462188,RB,6,5.196686
385,8,里面,10.463452851034900,NN,2,7.198451,1,inside,9.46922123462188,RB,6,5.196686
386,12,的,2.7277528723935400,DEG,1,4.2073984,1,the,3.04312077096989,DT,3,3.469161
387,9,的,2.7277528723935400,DEG,1,4.1759996,4,the,3.04312077096989,DT,3,3.469161
388,13,以及,7.395731159472210,CC,2,4.5627704,5,as well as,8.64681847014489,RB,10,3.7662525
389,14,的,2.7277528723935400,DEG,1,4.1897306,3,the,3.04312077096989,DT,3,3.469161
390,9,共,8.791069301094870,AD,1,6.3962607,3,a total of,11.7216285726286,DT,10,3.7714994
391,8,那个,9.39155875603291,PN,2,6.8863854,5,the,3.04312077096989,DT,3,3.469161
393,9,哈,10.411897124407300,IJ,1,7.2105746,7,ha,11.3873781163582,UH,2,5.907904
394,6,有,5.134998086658780,VE,1,5.225617,1,there are,8.89715013134865,EX,9,4.6604314
395,23,只,7.58943631113663,AD,1,7.5221314,16,only,6.82771105599543,RB,4,4.6925993
396,8,基本,7.214326235943840,AD,2,7.870521,2,basic,9.41918516547413,NNP,5,5.918043
397,10,江浙,15.55580403483310,NR,2,7.1670523,1,jiangsu and zhejiang,18.8109084103882,NNP,20,8.248479
398,6,pn-19,24.01388396175680,NR,4,7.481098,5,pn-19,26.5982904368729,NNP,5,8.248479
400,9,全,7.4216633733223800,VA,1,6.8726544,6,all,6.19945186751629,DT,3,4.6611304
401,21,小,7.703771653739700,JJ,1,6.451483,5,small,7.97754260686666,JJ,5,5.396529
403,10,是,4.463178522257190,VC,1,4.2973504,7,is,4.77847604462531,VBZ,2,3.561916
404,12,卫生间,12.958432945055500,NN,3,7.1670523,10,toilet,12.0223465491507,NN,6,6.55797
405,22,的,2.7277528723935400,DEG,1,4.1759996,13,the,3.04312077096989,DT,3,3.469161
406,19,非常,8.291759627895480,AD,2,7.1598167,2,very,7.23128265341125,RB,4,5.1751757
407,11,门房,14.580160067261800,NN,2,7.1807833,3,the porter,13.8767270661036,DT,10,3.469161
408,10,很,6.723622818117740,AD,1,7.1807833,2,very,7.23128265341125,RB,4,5.1751757
409,5,330,12.30554797545090,CD,3,5.881511,3,330,11.545498418635,CD,3,6.434769
410,7,750,12.509041072979900,CD,3,7.3812118,7,750,12.0851492639778,CD,3,6.0414915
411,21,一,4.847867458993150,CD,1,5.594116,11,one,6.19078355147723,CD,3,4.579384
412,11,有,5.134998086658780,VE,1,5.225617,4,there are,8.89715013134865,EX,9,4.6604314
414,12,空,10.61937051132340,NN,1,6.6841683,8,empty,10.1973958917949,JJ,5,6.0589046
415,7,位于,10.632003446027900,VV,2,6.315496,3,located in the,12.0304698502855,VBN,14,5.2896028
416,30,得很,24.01388396175680,VV,2,7.1807833,5,very,7.23128265341125,RB,4,5.1751757
418,10,在,4.514607578933670,P,1,4.328849,6,in,4.17803992334808,IN,2,3.537955
419,13,沙发,13.039566501565000,NN,2,7.239988,8,the sofa,12.5582580778172,DT,8,3.469161
421,15,还有,15.886184108939000,CC,2,6.4618325,8,there are,8.89715013134865,EX,9,4.6604314
422,9,大概,10.261915088603200,AD,2,7.1670523,6,probably,8.80467966173474,RB,8,5.5031157
425,11,有,5.134998086658780,VE,1,5.225617,2,there are,8.89715013134865,EX,9,4.6604314
427,17,是,4.463178522257190,VC,1,4.328749,1,is,4.77847604462531,VBZ,2,3.561916
428,27,几乎,8.899686961194130,AD,2,7.1670523,12,almost,8.40746827718783,RB,6,5.1832557
429,19,共,8.791069301094870,AD,1,4.5230193,8,a total of,11.7216285726286,DT,10,3.7714994
430,14,公寓,11.959774390608500,NN,2,7.8777566,2,apartment,10.6919116215208,NN,9,6.1008515
434,13,很,6.723622818117740,AD,1,7.239988,8,very,7.23128265341125,RB,4,5.1751757
435,18,软件,9.783612304277090,NN,2,7.1807833,4,software,10.4775236565591,NN,8,5.734548
436,20,签,11.418048851845700,VV,1,7.2138476,14,sign,9.68312642504317,NN,4,5.8428755
437,11,的,2.7277528723935400,DEG,1,4.1897306,3,the,3.04312077096989,DT,3,3.469161
440,6,均可,24.01388396175680,AD,2,7.1670523,6,all can,14.0061258027824,DT,7,4.6611304
441,25,两,6.622455166510390,CD,1,7.1875896,7,two,6.91821671445168,CD,3,4.6764927
442,9,我,5.742656255517170,PN,1,6.3825297,6,i,5.34354985959046,PRP,1,5.134548
443,26,位,7.699657705968430,NN,1,6.315496,26,position,8.59815391151608,NN,8,5.299539
444,14,有,5.134998086658780,VE,1,5.2570157,1,there are,8.89715013134865,EX,9,4.6604314
446,4,么,9.140191172573130,IJ,1,7.203531,4,?,6.31199790469147,.,1,4.6863203
447,20,一,4.847867458993150,CD,1,5.625069,6,one,6.19078355147723,CD,3,4.579384
448,18,给,7.402959482225370,VV,1,6.8726544,13,to,3.92606293861701,IN,2,3.6630955
449,8,多伦多,13.405123048862900,NR,3,7.583359,3,toronto,11.6068800591982,NNP,7,8.248479
450,17,还,6.404130924023890,AD,1,7.1670523,2,also,6.95619717725742,RB,4,4.2201896
452,36,带,8.0481569294404,VV,1,7.1598167,5,with,5.23475568811001,IN,4,3.848862
453,7,联系,7.951912412664680,NN,2,7.1670523,2,contact,9.63270452975096,NN,7,5.744354
454,13,齐全,11.122789557679300,VA,2,7.1670523,6,complete,9.06427012025517,JJ,8,5.3779106
455,9,2,7.273896290915890,CD,1,3.9528875,7,2,7.06741139205371,LS,1,3.2849693
456,16,很大,11.68006474848410,AD,2,7.1807833,16,a large,9.20594936931939,DT,7,3.7714994
457,34,还有,15.886184108939000,CC,2,6.4618325,24,there are,8.89715013134865,EX,9,4.6604314
458,10,过来,10.408244179394100,VV,2,7.1670523,5,to come over,13.8637565925255,TO,12,3.6630955
459,27,的,2.7277528723935400,DEG,1,4.1897306,17,the,3.04312077096989,DT,3,3.469161
461,25,的,2.7277528723935400,DEG,1,4.1759996,1,the,3.04312077096989,DT,3,3.469161
462,13,生活,6.89528478431579,NN,2,6.94559,7,life,7.43268528533737,NN,4,5.2900224
464,4,人,5.359821963071100,NN,1,7.3514414,4,people,7.38550217069194,NNS,6,4.9459586
465,20,一,4.847867458993150,CD,1,5.320925,0,one,6.19078355147723,CD,3,4.579384
466,20,全,7.4216633733223800,VA,1,6.8726544,4,all,6.19945186751629,DT,3,4.6611304
467,11,不,5.309630429407180,AD,1,2.563988,7,don't,14.509010067963,VB,5,8.248479
468,15,但,6.310811814182770,AD,1,5.8907514,6,but,6.10856660828745,CC,3,4.4002748
469,10,带,8.0481569294404,VV,1,7.2327523,6,with,5.23475568811001,IN,4,3.848862
471,11,的,2.7277528723935400,DEG,1,4.1759996,4,the,3.04312077096989,DT,3,3.469161
472,11,需要,7.1858030399017700,VV,2,6.2199664,4,need to be,10.9230669448563,VBP,10,5.655355
473,6,都,6.185283294221550,AD,1,7.1807833,3,all,6.19945186751629,DT,3,4.6611304
475,6,从,6.377483472434710,P,1,5.668829,3,from,5.68258953417454,IN,4,3.9717555
476,27,一,4.847867458993150,CD,1,5.594116,15,one,6.19078355147723,CD,3,4.579384
478,19,两,6.622455166510390,CD,1,7.239988,8,two,6.91821671445168,CD,3,4.6764927
479,11,使用,7.508698057738540,VV,2,5.251633,5,use,7.57250543575681,NN,3,4.9612117
480,17,可以,6.39906961183706,VV,2,7.2327523,6,can,6.37274445896951,MD,3,4.4064207
481,7,你,6.96104287928241,PN,1,6.558925,2,you,5.92631125854662,PRP,3,5.1347985
482,9,34,10.56098737747800,CD,2,5.8622127,7,34,9.70313242079242,CD,2,5.214419
483,11,的,2.7277528723935400,DEG,1,4.1897306,3,the,3.04312077096989,DT,3,3.469161
484,19,定期,10.173031246104700,VA,2,7.1670523,13,on a regular basis,13.3171675878853,IN,18,3.9236827
485,12,丢,12.609234369080900,VV,1,7.239988,4,lost,8.97285741972861,VBN,4,5.0584335
486,24,确实,9.543542505506780,AD,2,7.1670523,2,indeed,9.21281972450468,RB,6,6.197511
487,13,就,6.133440848420250,AD,1,7.1598167,2,it,5.35225838145451,PRP,2,4.3828855
488,6,写,8.325828425912810,VV,1,6.5755897,0,write,9.34822902685105,VB,5,5.990983
489,6,必备,17.53383939983010,VV,2,7.2750616,5,necessary,8.53655947949577,JJ,9,5.742482
491,21,现,7.970323943616740,AD,1,6.8726544,7,now,7.37399014799285,RB,3,5.044016
493,6,了,4.559665786076210,SP,1,6.6841683,4,the,3.04312077096989,DT,3,3.469161
494,10,可以,6.39906961183706,VV,2,7.1598167,7,can,6.37274445896951,MD,3,4.4064207
495,11,出售,10.32566260520800,VV,2,7.1598167,4,sell,10.1407619362365,VB,4,6.2010756
497,15,很好,12.770159075693100,AD,2,4.239819,15,very good,11.1739285384743,RB,9,5.1751757
499,5,还,6.404130924023890,AD,1,7.1670523,1,also,6.95619717725742,RB,4,4.2201896
501,8,打开,10.117268183862000,VV,2,7.1598167,6,open the,11.1936642727805,VB,8,5.386791
502,17,换,10.221164151075800,VV,1,7.239988,5,in,4.17803992334808,IN,2,3.537955
504,8,用,7.056989652233060,VV,1,3.2723477,3,with,5.23475568811001,IN,4,3.848862
505,14,里,7.390168654596740,LC,1,6.6841683,5,in the,5.50634555210565,IN,6,3.537955
508,7,毫无,17.904636378992400,VV,2,7.279415,7,there is no,9.67716597037657,EX,11,4.6604314
510,5,联系,7.951912412664680,NN,2,7.1670523,2,contact,9.63270452975096,NN,7,5.744354
512,18,做,7.3055351346820200,VV,1,6.1604376,15,do,6.72838288095381,VB,2,4.9287524
514,13,的,2.7277528723935400,DEG,1,4.1759996,3,the,3.04312077096989,DT,3,3.469161
515,14,另,7.8635213343132200,AD,1,6.94559,6,on the other,9.89243523249112,IN,12,3.9236827
516,14,是,4.463178522257190,VC,1,4.2973504,1,is,4.77847604462531,VBZ,2,3.561916
517,5,出售,10.32566260520800,VV,2,7.1598167,2,sell,10.1407619362365,VB,4,6.2010756
518,13,的,2.7277528723935400,DEG,1,4.1759996,4,the,3.04312077096989,DT,3,3.469161
519,7,是,4.463178522257190,VC,1,4.339873,4,is,4.77847604462531,VBZ,2,3.561916
520,12,里,7.390168654596740,LC,1,6.6841683,1,in the,5.50634555210565,IN,6,3.537955
522,10,可以,6.39906961183706,VV,2,7.1598167,4,can,6.37274445896951,MD,3,4.4064207
523,14,定期,10.173031246104700,VA,2,7.239988,8,on a regular basis,13.3171675878853,IN,18,3.9236827
524,3,一下,9.155342537774730,AD,2,7.242259,1,the,3.04312077096989,DT,3,3.469161
525,10,一,4.847867458993150,CD,1,5.320925,0,one,6.19078355147723,CD,3,4.579384
526,11,我,5.742656255517170,PN,1,6.3962607,5,i,5.34354985959046,PRP,1,5.134548
527,10,一下,9.155342537774730,AD,2,7.1670523,7,the,3.04312077096989,DT,3,3.469161
528,4,音响,11.663096442500200,NN,2,7.1670523,2,the stereo,14.7307792087833,DT,10,3.469161
531,10,定期,10.173031246104700,VA,2,7.239988,4,on a regular basis,13.3171675878853,IN,18,3.9236827
532,13,支付,9.359519810370820,VV,2,7.1598167,11,pay,9.09106462447994,VB,3,5.721225
533,10,32g,24.01388396175680,CD,3,7.239988,4,32g,18.1662194988735,CD,3,8.248479
534,11,其他,7.2840826115732900,PN,2,6.534768,6,other,6.63834182599954,JJ,5,4.9829736
536,14,另外,8.85009378330317,AD,2,7.2327523,4,in addition,9.69766953120349,IN,11,3.537955
537,9,要,6.154497896789040,VV,1,7.1598167,6,to,3.92606293861701,IN,2,3.6630955
539,12,时,6.395859819953040,NN,1,5.8380275,5,when,6.68046245655152,WRB,4,4.3550186
540,9,没有,6.413713221508590,AD,2,7.1735477,4,there is no,9.67716597037657,EX,11,4.6604314
542,15,以及,7.395731159472210,CC,2,4.5627704,8,as well as,8.64681847014489,RB,10,3.7662525
543,6,还在,24.01388396175680,AD,2,6.558925,5,also in the,12.1579067211265,RB,11,4.2201896
544,12,住,8.394525626787180,VV,1,7.239988,4,live,8.94444586880191,VB,4,5.3068337
545,17,刚,10.750470775980700,AD,1,7.8777566,2,just,7.6163168149443,RB,4,4.964801
546,28,的,2.7277528723935400,DEG,1,4.1759996,4,the,3.04312077096989,DT,3,3.469161
547,6,在,4.514607578933670,P,1,4.34258,3,in,4.17803992334808,IN,2,3.537955
549,23,然后,8.564008954910840,AD,2,7.2327523,10,then,7.13528944526646,RB,4,4.5970745
550,40,方便,9.902290219710170,VA,2,7.2576556,16,convenient,10.7703336070369,JJ,10,6.6237617
551,20,我,5.742656255517170,PN,1,6.3825297,5,i,5.34354985959046,PRP,1,5.134548
552,13,的,2.7277528723935400,DEG,1,4.1759996,6,the,3.04312077096989,DT,3,3.469161
553,15,相当,8.380506226133680,AD,2,7.1670523,8,quite a,11.1399052561542,PDT,7,5.727193
555,9,只,7.58943631113663,AD,1,7.1670523,9,only,6.82771105599543,RB,4,4.6925993
556,8,回帖,17.950098753069200,VV,2,7.1670523,6,return card,18.3432415341206,NN,11,5.2833333
557,15,问题,6.273012781145630,NN,2,7.1598167,13,the problem,9.8561495899371,DT,11,3.469161
558,9,高清,15.385686212297600,NR,2,7.1598167,2,hd,13.549261484733,NNP,2,8.248479
560,7,卖,10.646091216899200,VV,1,7.1670523,2,sell,10.1407619362365,VB,4,6.2010756
561,14,可,7.093452252120850,AD,1,6.3962607,2,can be,7.74464969738628,MD,6,4.4064207
562,7,一,4.847867458993150,CD,1,5.580385,4,one,6.19078355147723,CD,3,4.579384
563,20,除了,8.803073464888810,P,2,6.279594,9,in addition to,10.6299249008521,IN,14,3.537955
564,4,啦,11.950556453907400,IJ,1,7.1670523,2,!,7.11851720879578,.,1,4.7089534
565,16,以上,7.95570690690971,PN,2,6.558925,7,the above,10.3841904834328,DT,9,3.469161
566,11,特性,10.167161599579800,NN,2,7.2327523,5,features,9.65250722817631,NNS,8,5.126827
567,8,就,6.133440848420250,AD,1,7.1735477,5,it,5.35225838145451,PRP,2,4.3828855
568,19,而,6.001590039965290,AD,1,5.3139744,9,while,7.81213015839687,IN,5,4.549797
569,25,准备,8.480319141685060,VV,2,7.269732,15,to prepare,11.177953583654,TO,10,3.6630955
570,18,列,8.997397084446850,VV,1,7.275574,18,column,10.0467858358695,NNP,6,5.829086
571,9,有,5.134998086658780,VE,1,5.225617,5,there are,8.89715013134865,EX,9,4.6604314
572,7,超级,11.394715396955500,VA,2,7.239988,5,super,11.9500664272899,NNP,5,6.0786963
574,12,都,6.185283294221550,AD,1,7.1807833,5,all,6.19945186751629,DT,3,4.6611304
575,17,要,6.154497896789040,VV,1,7.1598167,6,to,3.92606293861701,IN,2,3.6630955
577,33,上路,13.521832268853100,VV,2,7.1670523,14,on the road,11.7110955827654,IN,11,3.9236827
578,24,有,5.134998086658780,VE,1,5.225617,3,there are,8.89715013134865,EX,9,4.6604314
579,9,我,5.742656255517170,PN,1,6.3962607,5,i,5.34354985959046,PRP,1,5.134548
580,20,有,5.134998086658780,VE,1,5.2985525,9,there are,8.89715013134865,EX,9,4.6604314
581,8,吗,8.759761060956490,IJ,1,7.1735477,6,?,6.31199790469147,.,1,4.6863203
582,8,的,2.7277528723935400,DEG,1,4.1897306,5,the,3.04312077096989,DT,3,3.469161
583,4,各位,11.60570347213930,PN,2,7.5237536,3,with all of you,16.5118148829997,IN,15,3.848862
584,7,校区,14.871073246574200,NN,2,7.1807833,5,campus,11.266367318487,NN,6,5.7883983
585,4,已,7.390917240248650,AD,1,7.1670523,2,has,6.43958450363465,VBZ,3,4.137306
588,12,是,4.463178522257190,VC,1,4.2973504,4,is,4.77847604462531,VBZ,2,3.561916
589,8,要,6.154497896789040,VV,1,7.3416157,1,to,3.92606293861701,IN,2,3.6630955
590,12,需要,7.1858030399017700,VV,2,6.2199664,8,need to be,10.9230669448563,VBP,10,5.655355
592,12,现,7.970323943616740,AD,1,6.94559,5,now,7.37399014799285,RB,3,5.044016
593,7,以后,7.854124814440210,AD,2,7.1598167,4,after,7.32569328019921,IN,5,4.398968
594,10,好,6.901947304013090,VA,1,6.6318607,7,good,7.5310626578725,JJ,4,5.420873
597,12,时间,7.460746407083130,NN,2,6.119012,6,time,6.73979175205584,NN,4,5.1471176
598,12,今年,9.162581291240540,NT,2,7.2327523,6,this year,11.4833740841381,DT,9,4.6803675
599,12,商量,11.535820459518400,VV,2,7.1807833,7,to discuss,11.1238941138677,TO,10,3.6630955
600,7,和,4.681213610519310,CC,1,3.581009,4,and,3.774669967841,CC,3,3.2956455
602,8,采光,16.07829657616760,NN,2,7.239988,5,daylighting,16.5102338550024,VBG,11,8.154013
603,7,有,5.134998086658780,VE,1,5.239348,2,there are,8.89715013134865,EX,9,4.6604314
604,34,有,5.134998086658780,VE,1,5.2985525,6,there are,8.89715013134865,EX,9,4.6604314
606,13,和,4.681213610519310,CC,1,3.4168775,10,and,3.774669967841,CC,3,3.2956455
608,4,新生,10.786600365611100,NN,2,7.1598167,4,new,7.45294569624115,NNP,3,5.183279
609,10,电视,8.939095134610090,NN,2,7.0027795,3,tv,10.5905293181749,NN,2,7.7597656
610,31,等等,16.634875834128500,ETC,2,6.4755635,23, etc.,9.25631012496413,_SP,5,6.8643036
611,15,比较,7.593600925904000,AD,2,7.1735477,6,to compare,11.8168083319933,TO,10,3.6630955
614,8,咨询,9.570713460926070,NN,2,7.529367,7,consulting,11.8946133508047,NN,10,6.42268
615,20,或者,7.832806844992630,CC,2,5.0177016,15,or,5.5796259385765,CC,2,3.9497473
616,13,床,11.770828682629100,NN,1,7.21781,11,the bed,10.8471343743836,DT,7,3.469161
617,17,一,4.847867458993150,CD,1,5.653321,7,one,6.19078355147723,CD,3,4.579384
618,13,不,5.309630429407180,AD,1,6.2199664,2,don't,14.509010067963,VB,5,8.248479
619,15,可,7.093452252120850,AD,1,3.2731566,8,can be,7.74464969738628,MD,6,4.4064207
620,18,房东,15.21951368253390,NN,2,7.239988,3,the landlord,12.5522294265381,DT,12,3.469161
621,6,签约,12.012304865045800,VV,2,7.1735477,4,signing,12.0864901413575,NN,7,6.043696
624,5,房间,10.717802599032700,NN,2,8.224234,3,the room,9.86368672431331,DT,8,3.469161
625,12,在,4.514607578933670,P,1,4.34258,4,in,4.17803992334808,IN,2,3.537955
626,7,起,7.4927292950102300,VV,1,6.6841683,2,since,8.17223562910398,IN,5,4.5626063
627,12,签约,12.012304865045800,VV,2,7.1735477,10,signing,12.0864901413575,NN,7,6.043696
629,6,联系,7.951912412664680,NN,2,7.1670523,2,contact,9.63270452975096,NN,7,5.744354
630,6,桌子,11.832662566399300,NN,2,7.1598167,1,the table,10.0281810716712,DT,9,3.469161
631,9,自行车,11.022363024025000,NN,3,7.2331753,6,the bicycle,14.3299004852779,DT,11,3.469161
632,10,闲暇,12.59906758989690,NR,2,7.239988,2,leisure,11.3834488654205,NN,7,6.4197097
633,7,拎包,17.339322569942400,NR,2,7.1807833,5,the bag,12.4036464258875,DT,7,3.469161
634,7,签,11.418048851845700,VV,1,7.1807833,4,sign,9.68312642504317,NN,4,5.8428755
635,13,卫生间,12.958432945055500,NN,3,7.1670523,9,toilet,12.0223465491507,NN,6,6.55797
636,7,是,4.463178522257190,VC,1,4.2973504,1,is,4.77847604462531,VBZ,2,3.561916
637,6,拎包,17.339322569942400,NR,2,7.239988,3,the bag,12.4036464258875,DT,7,3.469161
638,13,一,4.847867458993150,CD,1,5.594116,4,one,6.19078355147723,CD,3,4.579384
639,14,1,6.578185937864010,CD,1,3.9750922,12,1,6.47581739747594,CD,1,3.5632582
640,27,的,2.7277528723935400,DEG,1,4.1897306,6,the,3.04312077096989,DT,3,3.469161
641,14,还,6.404130924023890,AD,1,7.240411,10,also,6.95619717725742,RB,4,4.2201896
642,12,的,2.7277528723935400,DEG,1,4.1897306,8,the,3.04312077096989,DT,3,3.469161
643,12,等等,16.634875834128500,ETC,2,6.4618325,10, etc.,9.25631012496413,_SP,5,6.8643036
644,5,1,6.578185937864010,CD,1,3.9021566,3,1,6.47581739747594,CD,1,3.5632582
645,13,请,9.09378964655144,VV,1,7.239988,7,please,10.1736513378286,UH,6,6.6739063
647,11,还,6.404130924023890,AD,1,7.1670523,4,also,6.95619717725742,RB,4,4.2201896
649,12,人,5.359821963071100,NN,1,5.7859807,3,people,7.38550217069194,NNS,6,4.9459586
650,17,而,6.001590039965290,AD,1,5.3139744,11,while,7.81213015839687,IN,5,4.549797
652,9,的,2.7277528723935400,DEG,1,4.1759996,3,the,3.04312077096989,DT,3,3.469161
653,7,大部分,16.525031006023300,CD,3,7.1598167,2,most of the,9.95241146017054,JJS,11,5.083103
654,6,了,4.559665786076210,SP,1,6.6841683,4,the,3.04312077096989,DT,3,3.469161
655,9,签,11.418048851845700,VV,1,7.1807833,4,sign,9.68312642504317,NN,4,5.8428755
656,3,12,7.818769215791940,CD,2,3.0130775,3,12,8.4097990721491,CD,2,4.07037
658,7,一,4.847867458993150,CD,1,5.320925,0,one,6.19078355147723,CD,3,4.579384
659,11,去,7.644150990208440,VV,1,6.315496,8,go to the,10.9710351193298,VB,9,5.4845552
660,10,安静,11.606647560520500,VA,2,7.239988,7,quiet,10.0341614114725,NNP,5,6.242342
661,17,隔壁,13.179532385497000,NN,2,7.239988,9,next door,12.6005091567401,JJ,9,5.3884034
662,18,的,2.7277528723935400,DEG,1,4.1759996,6,the,3.04312077096989,DT,3,3.469161
663,27,基本上,12.947558148253300,AD,3,7.1807833,6,basically,11.606701121299,RB,9,6.416759
665,19,我,5.742656255517170,PN,1,7.093234,4,i,5.34354985959046,PRP,1,5.134548
666,8,主要,6.78644602829667,AD,2,7.1598167,2,the main,9.76478809670396,DT,8,3.469161
667,10,招,11.70500205224550,NN,1,7.1670523,2,recruit,12.5500781528324,NNP,7,6.42268
668,19,我,5.742656255517170,PN,1,6.4554653,3,i,5.34354985959046,PRP,1,5.134548
669,9,说,5.996741253909140,VV,1,6.4755635,4,said,6.92906461580719,VBD,4,4.575628
671,16,负责,8.319057220187180,VV,2,7.1598167,14,to be responsible for the,26.5982904368729,TO,25,3.6630955
672,17,我,5.742656255517170,PN,1,6.4554653,7,i,5.34354985959046,PRP,1,5.134548
673,9,你,6.96104287928241,PN,1,6.558925,2,you,5.92631125854662,PRP,3,5.1347985
674,16,能,6.854115083559210,VV,1,6.3962607,4,can,6.37274445896951,MD,3,4.4064207
676,9,不,5.309630429407180,AD,1,6.2062354,3,don't,14.509010067963,VB,5,8.248479
678,9,续签,15.695385641252400,VV,2,7.1807833,4,to renew,12.900205103587,TO,8,3.6630955
679,11,二,6.216225093655350,CD,1,6.871142,2,two,6.91821671445168,CD,3,4.6764927
680,10,一,4.847867458993150,CD,1,5.580385,6,one,6.19078355147723,CD,3,4.579384
681,12,地址,10.263591622538800,NN,2,6.315496,9,address,9.7250737764805,NN,7,5.8216195
682,7,需要,7.1858030399017700,VV,2,6.2062354,4,need to be,10.9230669448563,VBP,10,5.655355
683,5,如何,8.117585893335180,VA,2,7.1807833,3,how to,9.50074932740502,WRB,6,5.2569203
684,14,所以,7.602624788977460,AD,2,6.1919475,5,so,6.57704816326837,CC,2,4.6290755
688,5,男,11.067444251360600,NN,1,6.3884315,3,male,9.72692513312365,NN,4,5.6017594
691,16,发布,9.576411854203210,VV,2,6.132743,7,release,10.232077451786,NNP,7,5.3979096
695,28,银行,7.6112510781757700,NN,2,6.94559,15,bank,9.69683283969761,NNP,4,5.86212
696,9,是啥,24.01388396175680,VC,2,7.1807833,7,what is,9.37494013996069,WP,7,5.083028
698,11,旁边,11.151582301717300,NN,2,7.1670523,2,beside,10.2180731662676,IN,6,5.914329
700,6,有,5.134998086658780,VE,1,5.225617,1,there are,8.89715013134865,EX,9,4.6604314
701,16,的,2.7277528723935400,DEG,1,4.1759996,2,the,3.04312077096989,DT,3,3.469161
702,15,居住,9.552544271496520,VV,2,6.8726544,13,live,8.94444586880191,VB,4,5.3068337
703,3,免费,11.06351960234350,VA,2,6.6841683,1,free,8.56122073525444,JJ,4,5.362735
704,12,第二,13.869648723958100,OD,2,7.1598167,2,the second,9.1333601445078,DT,10,3.469161
705,19,和,4.681213610519310,CC,1,3.4168775,14,and,3.774669967841,CC,3,3.2956455
706,10,去,7.644150990208440,VV,1,6.315496,2,go to the,10.9710351193298,VB,9,5.4845552
709,10,至,7.735317417095000,VV,1,4.456789,8,to,3.92606293861701,IN,2,3.6630955
710,5,社区,9.430183224067160,NN,2,7.1670523,1,community,8.96533288485245,NN,9,5.362735
711,20,报价,12.409035866436200,NN,2,8.200497,14,offer,9.57192614514338,NN,5,5.708377
712,8,联系,7.951912412664680,NN,2,7.1807833,4,contact,9.63270452975096,NN,7,5.744354
713,6,7,7.863601895795810,CD,1,4.3544917,4,7,8.15301004074845,CD,1,4.0576286
716,15,的,2.7277528723935400,DEG,1,4.1759996,12,the,3.04312077096989,DT,3,3.469161
717,7,智能,11.031313827217500,NN,2,7.1598167,2,smart,11.4240126876936,NNP,5,6.410918
718,15,的,2.7277528723935400,DEG,1,4.1759996,5,the,3.04312077096989,DT,3,3.469161
720,6,学生,7.854492732436740,NN,2,7.1735477,3,students,8.82140026024984,NNS,8,5.343686
722,30,两,6.622455166510390,CD,1,7.239988,13,two,6.91821671445168,CD,3,4.6764927
723,16,的,2.7277528723935400,DEG,1,4.1759996,6,the,3.04312077096989,DT,3,3.469161
725,13,床,11.770828682629100,NN,1,7.21781,6,the bed,10.8471343743836,DT,7,3.469161
726,27,厨房,11.582833448300200,NN,2,7.239988,20,the kitchen,10.7545713702742,DT,11,3.469161
727,8,住户,12.574282161205400,NN,2,7.21781,5,residents,10.8543596478103,NNS,9,5.519938
729,11,所以,7.602624788977460,AD,2,6.1919475,6,so,6.57704816326837,CC,2,4.6290755
730,17,保养,12.482264326739400,NN,2,7.2138476,5,maintenance,10.4308508703319,NN,11,5.821553
732,11,可以,6.39906961183706,VV,2,7.1598167,2,can,6.37274445896951,MD,3,4.4064207
733,4,书,7.955380047474460,NN,1,6.8726544,3,book,8.468186457621,NNP,4,5.4177437
734,9,的,2.7277528723935400,DEG,1,4.1759996,6,the,3.04312077096989,DT,3,3.469161
735,24,因,8.029564419077700,P,1,7.093234,2,due to the,10.4163170142739,IN,10,4.7341886
736,4,是,4.463178522257190,VC,1,4.2973504,1,is,4.77847604462531,VBZ,2,3.561916
737,25,离开,9.433906993150680,VV,2,6.6318607,9,leave,9.01354069814625,VB,5,5.690342
738,6,的,2.7277528723935400,DEG,1,4.1759996,1,the,3.04312077096989,DT,3,3.469161
739,11,时间,7.460746407083130,NN,2,6.1919475,8,time,6.73979175205584,NN,4,5.1471176
742,3,导航,12.445334593038600,NN,2,7.1807833,2,navigation,11.6748791945898,NNP,10,5.985651
743,32,期间,8.512865031857590,NN,2,7.1670523,11,during the period of,12.9841643846283,IN,20,4.366164
744,14,俗称,13.700607329632400,VV,2,7.2327523,6,commonly known as,13.705133955763,RB,17,5.6882634
745,3,还,6.404130924023890,AD,1,7.1670523,1,also,6.95619717725742,RB,4,4.2201896
746,14,公寓,11.959774390608500,NN,2,7.21781,5,apartment,10.6919116215208,NN,9,6.1008515
747,17,43,10.925770472552300,CD,2,5.843155,15,43,9.89939558770806,CD,2,5.320046
748,7,还,6.404130924023890,AD,1,7.1670523,2,also,6.95619717725742,RB,4,4.2201896
750,27,平时,11.121484843901600,AD,2,7.239988,16,at ordinary times,17.7032089051188,IN,17,3.9063916
753,29,男生,13.55092348863310,NN,2,7.405588,4,the boy,10.7245109024616,DT,7,3.469161
754,14,可以,6.39906961183706,VV,2,7.344206,0,can,6.37274445896951,MD,3,4.4064207
755,8,8,7.744754483312810,CD,1,4.211664,6,8,8.13180543929129,CD,1,4.167387
756,28,会,6.209646390258390,VV,1,6.6841683,4,will,6.45481116711775,MD,4,4.694478
757,13,但是,7.310330299551360,AD,2,6.4554653,7,but,6.10856660828745,CC,3,4.4002748
758,7,及,6.972065783256670,CC,1,4.3428426,3,and,3.774669967841,CC,3,3.2956455
759,9,学生,7.854492732436740,NN,2,7.302313,1,students,8.82140026024984,NNS,8,5.343686
760,10,8/1,11.145009947519000,CD,2,7.1670523,2,8/1,6.47581739747594,CD,3,8.248479
762,15,是,4.463178522257190,VC,1,4.2973504,2,is,4.77847604462531,VBZ,2,3.561916
763,16,的,2.7277528723935400,DEG,1,4.1897306,3,the,3.04312077096989,DT,3,3.469161
764,15,的,2.7277528723935400,DEG,1,4.1897306,7,the,3.04312077096989,DT,3,3.469161
765,43,要,6.154497896789040,VV,1,7.1735477,8,to,3.92606293861701,IN,2,3.6630955
767,4,如下,9.20693104456223,VV,2,6.8726544,2,the following,8.72525456898988,DT,13,3.469161
768,15,不,5.309630429407180,AD,1,2.563988,4,don't,14.509010067963,VB,5,8.248479
770,15,站,9.056260790534410,VV,1,6.8863854,3,standing,9.59303453642406,VBG,8,5.5828204
771,6,时间,7.460746407083130,NN,2,6.119012,3,time,6.73979175205584,NN,4,5.1471176
772,11,请,9.09378964655144,VV,1,7.239988,3,please,10.1736513378286,UH,6,6.6739063
773,6,左右,8.69561643395186,LC,2,7.2424035,4,or so,10.9795268807314,CC,5,3.9497473
775,9,可以,6.39906961183706,VV,2,7.2327523,4,can,6.37274445896951,MD,3,4.4064207
776,5,非常,8.291759627895480,AD,2,7.2327523,3,very,7.23128265341125,RB,4,5.1751757
777,7,填,12.517565635100300,VV,1,7.1807833,2,fill in the,13.4087040198773,VB,11,6.141222
778,22,之间,14.684960873953700,LC,2,7.1598167,19,between,7.31994450659796,IN,7,4.578654
780,13,当天,10.781821693070100,NT,2,7.239988,7,in the day,12.3267084790119,IN,10,3.537955
781,3,人,5.359821963071100,NN,1,3.0268083,3,people,7.38550217069194,NNS,6,4.9459586
782,14,其中,7.412648465678390,NN,2,5.435866,9,among them,10.9018350087057,IN,10,4.893265
783,11,的,2.7277528723935400,DEG,1,4.1897306,5,the,3.04312077096989,DT,3,3.469161
784,10,同学,10.752844448643400,NN,2,7.1807833,2,classmate,13.6097785033041,NNP,9,6.7128053
786,11,了,4.559665786076210,SP,1,6.6978993,6,the,3.04312077096989,DT,3,3.469161
787,36,对,5.589302146885880,VA,1,5.433726,7,right,7.73203792448266,UH,5,5.304537
788,9,如,7.360286777020610,AD,1,7.239988,9,such as,8.2594364243519,JJ,7,4.665015
791,18,卫生间,12.958432945055500,NN,3,7.21781,11,toilet,12.0223465491507,NN,6,6.55797
792,7,可以,6.39906961183706,VV,2,7.1598167,4,can,6.37274445896951,MD,3,4.4064207
794,8,已,7.390917240248650,AD,1,7.8777566,2,has,6.43958450363465,VBZ,3,4.137306
795,10,却,7.944161137065470,AD,1,7.239988,6,but,6.10856660828745,CC,3,4.4002748
796,13,的,2.7277528723935400,DEG,1,4.1759996,3,the,3.04312077096989,DT,3,3.469161
797,14,带,8.0481569294404,VV,1,7.2045007,4,with,5.23475568811001,IN,4,3.848862
798,27,一,4.847867458993150,CD,1,5.594116,2,one,6.19078355147723,CD,3,4.579384
799,18,都,6.185283294221550,AD,1,7.1807833,18,all,6.19945186751629,DT,3,4.6611304
800,14,的,2.7277528723935400,DEG,1,4.1759996,7,the,3.04312077096989,DT,3,3.469161
803,12,干净,11.91336629523570,VA,2,7.239988,10,clean,10.1626241355062,JJ,5,5.880659
804,8,和,4.681213610519310,CC,1,3.4168775,3,and,3.774669967841,CC,3,3.2956455
805,8,床,11.770828682629100,NN,1,7.1807833,4,the bed,10.8471343743836,DT,7,3.469161
807,30,比,7.675160721864900,P,1,5.77601,8,than,6.70693408077032,IN,4,4.6707287
808,12,一,4.847867458993150,CD,1,5.320925,0,one,6.19078355147723,CD,3,4.579384
810,12,哦,12.653037989669800,IJ,1,6.8863854,10,oh,9.38930194902854,UH,2,6.9659677
811,17,签,11.418048851845700,VV,1,7.1807833,2,sign,9.68312642504317,NN,4,5.8428755
812,5,5,7.451955930537280,CD,1,4.207706,3,5,7.71047390951642,CD,1,3.9897852
813,9,作息,14.213592602049100,NN,2,7.2360053,6,work and rest,17.0993933750343,VB,13,5.0079083
814,5,去,7.644150990208440,VV,1,6.315496,2,go to the,10.9710351193298,VB,9,5.4845552
815,5,8/5/2017-7/31/2018,24.01388396175680,CD,13,7.1670523,3,8/5/2017-7/31/2018,7.71047390951642,CD,18,8.248479
816,14,的,2.7277528723935400,DEG,1,4.1759996,11,the,3.04312077096989,DT,3,3.469161
818,25,和,4.681213610519310,CC,1,3.4168775,10,and,3.774669967841,CC,3,3.2956455
819,4,的,2.7277528723935400,DEG,1,4.1759996,1,the,3.04312077096989,DT,3,3.469161
822,17,三,6.294963404035600,CD,1,6.590324,1,three,7.67523259162671,CD,5,4.937782
824,34,小,7.703771653739700,JJ,1,7.093234,2,small,7.97754260686666,JJ,5,5.396529
825,21,基本,7.214326235943840,AD,2,7.2327523,5,basic,9.41918516547413,NNP,5,5.918043
826,10,里面,10.463452851034900,NN,2,7.1670523,6,inside,9.46922123462188,RB,6,5.196686
827,7,无线,11.875683387473400,NN,2,7.1807833,2,wireless,12.274317244805,NNP,8,6.314998
829,16,一,4.847867458993150,CD,1,5.580385,4,one,6.19078355147723,CD,3,4.579384
830,11,拎包,17.339322569942400,NR,2,7.239988,8,the bag,12.4036464258875,DT,7,3.469161
834,19,其中,7.412648465678390,NN,2,5.486624,15,among them,10.9018350087057,IN,10,4.893265
835,13,可以,6.39906961183706,VV,2,7.2327523,9,can,6.37274445896951,MD,3,4.4064207
836,14,找,9.299511271449780,VV,1,7.1598167,7,looking for a,12.4692275948256,VBG,13,5.5893335
839,20,的,2.7277528723935400,DEG,1,4.1897306,2,the,3.04312077096989,DT,3,3.469161
844,12,需要,7.1858030399017700,VV,2,6.2199664,6,need to be,10.9230669448563,VBP,10,5.655355
845,16,床,11.770828682629100,NN,1,7.21781,16,the bed,10.8471343743836,DT,7,3.469161
847,5,联系,7.951912412664680,NN,2,7.1670523,2,contact,9.63270452975096,NN,7,5.744354
848,3,联系,7.951912412664680,NN,2,7.1670523,1,contact,9.63270452975096,NN,7,5.744354
850,18,安静,11.606647560520500,VA,2,7.239988,16,quiet,10.0341614114725,NNP,5,6.242342
851,11,期内,17.065946893141800,NN,2,7.1670523,9,during the period of,12.9841643846283,IN,20,4.366164
852,24,的,2.7277528723935400,DEG,1,4.1759996,2,the,3.04312077096989,DT,3,3.469161
853,15,就,6.133440848420250,AD,1,7.1598167,10,it,5.35225838145451,PRP,2,4.3828855
855,6,小区,11.341630610048300,NN,2,7.1670523,1,community,8.96533288485245,NN,9,5.362735
856,11,夏天,11.02882594659290,NT,2,6.94559,7,summer,9.54661006093352,NN,6,5.6409416
857,9,一,4.847867458993150,CD,1,5.594116,5,one,6.19078355147723,CD,3,4.579384
859,9,十分,8.193778395397070,AD,2,7.239988,6,very,7.23128265341125,RB,4,5.1751757
861,11,以上,7.95570690690971,PN,2,6.558925,3,the above,10.3841904834328,DT,9,3.469161
862,5,小区,11.341630610048300,NN,2,7.1670523,2,community,8.96533288485245,NN,9,5.362735
864,17,然后,8.564008954910840,AD,2,7.2327523,6,then,7.13528944526646,RB,4,4.5970745
865,18,和,4.681213610519310,CC,1,3.5593736,8,and,3.774669967841,CC,3,3.2956455
867,9,话,7.948505671318610,NN,1,6.8726544,2,words,8.34594141341291,NNS,5,5.429849
868,23,一,4.847867458993150,CD,1,5.580385,1,one,6.19078355147723,CD,3,4.579384
870,8,不,5.309630429407180,AD,1,2.563988,4,don't,14.509010067963,VB,5,8.248479
872,6,至,7.735317417095000,VV,1,4.456789,4,to,3.92606293861701,IN,2,3.6630955
873,23,房地产,16.122927245617900,NN,3,7.289942,2,the real estate,13.3468041198093,DT,15,3.469161
874,6,直接,7.802048090007840,AD,2,7.7990723,1,directly,9.30545244943786,RB,8,5.205478
875,6,19,8.748006958424820,CD,2,5.42756,4,19,8.92060767192368,CD,2,4.6683106
877,26,的,2.7277528723935400,DEG,1,4.1897306,2,the,3.04312077096989,DT,3,3.469161
879,24,最,7.29431282237448,AD,1,7.415,1,the most,8.14130340527483,DT,8,3.469161
880,18,同时,7.188963990197520,AD,2,7.2327523,11,at the same time,9.97845511468439,IN,16,3.9063916
883,9,无,7.631727486303150,VE,1,5.6503654,0,there is no,9.67716597037657,EX,11,4.6604314
884,21,无,7.631727486303150,VE,1,6.2574387,1,there is no,9.67716597037657,EX,11,4.6604314
885,17,屋子,11.558103733786800,NN,2,7.239988,8,the house,9.43244132462501,DT,9,3.469161
886,9,的,2.7277528723935400,DEG,1,4.2073984,1,the,3.04312077096989,DT,3,3.469161
887,4,卫生间,12.958432945055500,NN,3,7.1670523,2,toilet,12.0223465491507,NN,6,6.55797
888,3,还,6.404130924023890,AD,1,7.269732,3,also,6.95619717725742,RB,4,4.2201896
890,4,可以,6.39906961183706,VV,2,7.2045007,2,can,6.37274445896951,MD,3,4.4064207
891,12,还,6.404130924023890,AD,1,7.1670523,2,also,6.95619717725742,RB,4,4.2201896
894,11,和,4.681213610519310,CC,1,3.4168775,4,and,3.774669967841,CC,3,3.2956455
895,6,去,7.644150990208440,VV,1,6.315496,2,go to the,10.9710351193298,VB,9,5.4845552
896,8,什么,7.138669269622700,PN,2,7.1670523,1,what,6.89753475788315,WP,4,5.083028
897,6,从,6.377483472434710,P,1,5.668829,1,from,5.68258953417454,IN,4,3.9717555
898,18,很,6.723622818117740,AD,1,7.239988,15,very,7.23128265341125,RB,4,5.1751757
899,10,所以,7.602624788977460,AD,2,6.1919475,4,so,6.57704816326837,CC,2,4.6290755
901,11,理解,8.474990745855460,VV,2,7.1735477,3,understand,9.01411342673519,NNP,10,6.3035207
903,5,是,4.463178522257190,VC,1,4.2973504,1,is,4.77847604462531,VBZ,2,3.561916
904,22,是,4.463178522257190,VC,1,4.2973504,1,is,4.77847604462531,VBZ,2,3.561916
905,10,的,2.7277528723935400,DEG,1,4.1759996,5,the,3.04312077096989,DT,3,3.469161
909,8,我,5.742656255517170,PN,1,6.4554653,2,i,5.34354985959046,PRP,1,5.134548
910,5,每,7.4990523241899100,PN,1,6.572656,1,every,7.86615765289666,DT,5,5.0701313
911,8,联系,7.951912412664680,NN,2,7.1670523,5,contact,9.63270452975096,NN,7,5.744354
913,12,的,2.7277528723935400,DEG,1,4.1897306,6,the,3.04312077096989,DT,3,3.469161
916,7,一,4.847867458993150,CD,1,5.320925,0,one,6.19078355147723,CD,3,4.579384
918,3,已,7.390917240248650,AD,1,7.1670523,1,has,6.43958450363465,VBZ,3,4.137306
919,11,按时,11.65304939467420,AD,2,7.239988,8,on time,12.4438805899632,IN,7,3.9236827
921,9,和,4.681213610519310,CC,1,3.4168775,6,and,3.774669967841,CC,3,3.2956455
922,14,稍,11.315196507362700,AD,1,7.3095484,4,a little,8.82758091570698,DT,8,3.7714994
923,9,包,10.057120399689600,VV,1,6.757104,2,package,11.0565259760335,NN,7,5.9855022
924,14,一,4.847867458993150,CD,1,5.631143,10,one,6.19078355147723,CD,3,4.579384
925,17,十分,8.193778395397070,AD,2,7.1807833,3,very,7.23128265341125,RB,4,5.1751757
928,20,请,9.09378964655144,VV,1,7.239988,15,please,10.1736513378286,UH,6,6.6739063
929,16,的,2.7277528723935400,DEG,1,4.1759996,13,the,3.04312077096989,DT,3,3.469161
930,5,同款,24.01388396175680,AD,2,7.3095484,3,with the money,13.9707251464908,IN,14,3.848862
931,14,的,2.7277528723935400,DEG,1,4.1759996,5,the,3.04312077096989,DT,3,3.469161
932,20,住,8.394525626787180,VV,1,7.269732,12,live,8.94444586880191,VB,4,5.3068337
933,6,是,4.463178522257190,VC,1,4.2973504,1,is,4.77847604462531,VBZ,2,3.561916
934,16,已经,7.551683703532630,AD,2,7.1807833,2,already,8.56927275893442,RB,7,5.453989
935,11,床,11.770828682629100,NN,1,7.1807833,5,the bed,10.8471343743836,DT,7,3.469161
937,8,吗,8.759761060956490,IJ,1,7.1598167,6,?,6.31199790469147,.,1,4.6863203
938,18,一般,7.639988700445950,AD,2,7.2327523,11,general,8.13897845154857,NNP,7,5.4395394
939,7,房子,10.313797723408000,NN,2,6.94559,3,house,8.30273283134144,NNP,5,5.313124
941,14,我,5.742656255517170,PN,1,6.4432898,3,i,5.34354985959046,PRP,1,5.134548
942,7,从,6.377483472434710,P,1,5.668829,3,from,5.68258953417454,IN,4,3.9717555
943,12,新生,10.786600365611100,NN,2,7.348851,1,new,7.45294569624115,NNP,3,5.183279
944,11,厨具,17.478642690743100,NN,2,7.446082,5,kitchen utensils and appliances,21.7384780325113,NN,31,6.285765
946,10,我,5.742656255517170,PN,1,6.3825297,6,i,5.34354985959046,PRP,1,5.134548
947,7,请,9.09378964655144,VV,1,7.1807833,7,please,10.1736513378286,UH,6,6.6739063
949,6,联系,7.951912412664680,NN,2,7.1670523,3,contact,9.63270452975096,NN,7,5.744354
950,12,机场,10.910110307514300,NN,2,7.1598167,9,the airport,12.371398307637,DT,11,3.469161
951,13,谢谢,11.604417513606700,VV,2,7.239988,11,thank you,11.3027185736148,VBP,9,6.724591
952,5,使用,7.508698057738540,VV,2,5.251633,3,use,7.57250543575681,NN,3,4.9612117
953,14,的,2.7277528723935400,DEG,1,4.1897306,6,the,3.04312077096989,DT,3,3.469161
954,10,上下,10.481550970115700,NN,2,7.1735477,3,up and down,11.2784147457547,RB,11,4.815803
955,12,费用,8.909136347811960,NN,2,7.21781,10,cost,8.91063412690921,NN,4,5.4889994
956,5,短信,13.28962587920390,NN,2,7.1670523,2,sms,14.4898306202098,NN,3,8.248479
957,10,怎么,8.35511062889748,VA,2,7.1670523,5,how do,11.1399197630012,WRB,6,5.2569203
959,13,空间,8.91773043396399,NN,2,6.6318607,7,space,9.01142330578339,NN,5,5.408742
962,9,房间,10.717802599032700,NN,2,7.239988,3,the room,9.86368672431331,DT,8,3.469161
963,20,的,2.7277528723935400,DEG,1,4.1897306,3,the,3.04312077096989,DT,3,3.469161
964,15,可以,6.39906961183706,VV,2,7.1598167,7,can,6.37274445896951,MD,3,4.4064207
965,12,十,5.8311969898493500,CD,1,6.572656,7,ten,9.07879560414855,CD,3,5.4540324
966,23,男生,13.55092348863310,NN,2,7.1670523,21,the boy,10.7245109024616,DT,7,3.469161
967,8,不,5.309630429407180,AD,1,2.563988,3,don't,14.509010067963,VB,5,8.248479
968,18,新生,10.786600365611100,NN,2,7.3311834,4,new,7.45294569624115,NNP,3,5.183279
969,35,然后,8.564008954910840,AD,2,7.2327523,7,then,7.13528944526646,RB,4,4.5970745
970,17,里面,10.463452851034900,NN,2,7.1670523,1,inside,9.46922123462188,RB,6,5.196686
971,5,都,6.185283294221550,AD,1,7.1670523,2,all,6.19945186751629,DT,3,4.6611304
973,12,浴室,13.312709049386800,NN,2,7.21781,10,the bathroom,12.054611656869,DT,12,3.469161
974,8,自己,6.558099018479210,PN,2,7.239988,5,oneself,11.6569948037931,PRP,7,6.4535584
975,14,请,9.09378964655144,VV,1,7.239988,3,please,10.1736513378286,UH,6,6.6739063
977,13,买,9.809493743656160,VV,1,7.2045007,4,buy,9.9453082612412,VB,3,6.1619773
981,24,是,4.463178522257190,VC,1,4.2973504,1,is,4.77847604462531,VBZ,2,3.561916
982,8,没有,6.413713221508590,AD,2,7.1735477,3,there is no,9.67716597037657,EX,11,4.6604314
983,15,一共,12.623917404187000,AD,2,6.94559,10,a total of,11.7216285726286,DT,10,3.7714994
984,25,再次,9.554302503329250,AD,2,6.94559,21,once again,11.1390856710612,RB,10,4.936945
985,6,油,10.717567277229000,NN,1,7.21781,6,oil,9.39225369919816,NN,3,5.5225563
986,9,车位,15.389272373573300,NN,2,7.1875896,2,parking space,14.7317125913097,NN,13,6.0206547
989,14,费用,8.909136347811960,NN,2,7.1670523,9,cost,8.91063412690921,NN,4,5.4889994
990,12,各,6.478125693254080,PN,1,7.21781,8,each,7.45259947855135,DT,4,4.8963017
991,30,一,4.847867458993150,CD,1,5.594116,2,one,6.19078355147723,CD,3,4.579384
992,18,讲究,11.426205251557500,VV,2,7.239988,4,pay attention to,13.1719765387571,VB,16,5.721225
993,6,57,11.175935998148200,CD,2,7.1670523,6,57,10.1584026335307,CD,2,5.6194525
994,10,的,2.7277528723935400,DEG,1,4.1759996,3,the,3.04312077096989,DT,3,3.469161
995,13,太,8.972641358176830,AD,1,6.4618325,10,too,7.75629045500092,RB,3,5.173239
996,9,这,5.147475830187220,PN,1,6.8863854,4,this,5.85091833383782,DT,4,4.6803675
997,9,不,5.309630429407180,AD,1,6.2199664,4,don't,14.509010067963,VB,5,8.248479
998,6,是,4.463178522257190,VC,1,4.2973504,1,is,4.77847604462531,VBZ,2,3.561916
999,7,都,6.185283294221550,AD,1,7.1670523,4,all,6.19945186751629,DT,3,4.6611304
1000,13,有,5.134998086658780,VE,1,5.3162203,10,there are,8.89715013134865,EX,9,4.6604314
1004,10,机场,10.910110307514300,NN,2,7.1598167,3,the airport,12.371398307637,DT,11,3.469161
1005,11,或,6.86730607567808,CC,1,3.716832,8,or,5.5796259385765,CC,2,3.9497473
1006,12,的,2.7277528723935400,DEG,1,4.1759996,6,the,3.04312077096989,DT,3,3.469161
1007,7,很,6.723622818117740,AD,1,7.198451,1,very,7.23128265341125,RB,4,5.1751757
1008,10,考试,9.886226793537920,NN,2,7.1670523,7,the test,10.8941886607772,DT,8,3.469161
1009,18,也,5.753495111341640,AD,1,6.8863854,8,also,6.95619717725742,RB,4,4.2201896
1010,21,与,5.857126069237800,P,1,4.408031,15,with,5.23475568811001,IN,4,3.848862
1011,8,的,2.7277528723935400,DEG,1,4.1759996,5,the,3.04312077096989,DT,3,3.469161
1013,10,有,5.134998086658780,VE,1,5.2985525,4,there are,8.89715013134865,EX,9,4.6604314
1014,24,的,2.7277528723935400,DEG,1,4.1759996,12,the,3.04312077096989,DT,3,3.469161
1016,10,忘,11.097770146123700,VV,1,7.239988,2,forget,10.2373210020815,VB,6,6.6431303
1017,13,我,5.742656255517170,PN,1,6.4554653,3,i,5.34354985959046,PRP,1,5.134548
1019,6,干净,11.91336629523570,VA,2,7.1807833,1,clean,10.1626241355062,JJ,5,5.880659
1020,6,具体,7.733075675062950,VA,2,7.1598167,1,specific,8.94780864513254,JJ,8,5.706654
1021,12,四,6.923222997771650,CD,1,6.558925,1,four,8.28345255822362,CD,4,5.06947
1023,28,偶尔,12.059328622228700,AD,2,7.239988,6,once in a while,13.2037739394845,RB,15,4.936945
1024,11,欢迎,9.423448099188550,VV,2,7.239988,5,welcome,10.7089335864818,NNP,7,6.290137
1025,5,位,7.699657705968430,NN,1,6.315496,5,position,8.59815391151608,NN,8,5.299539
1026,5,非常,8.291759627895480,AD,2,7.1598167,2,very,7.23128265341125,RB,4,5.1751757
1027,8,么,9.140191172573130,IJ,1,6.8726544,6,?,6.31199790469147,.,1,4.6863203
1028,9,啦,11.950556453907400,IJ,1,7.242259,1,!,7.11851720879578,.,1,4.7089534
1029,14,八月,15.776933913695300,NT,2,7.1598167,2,august,9.47701677475064,NNP,6,7.556574
1030,16,会,6.209646390258390,VV,1,6.715567,1,will,6.45481116711775,MD,4,4.694478
1031,5,人,5.359821963071100,NN,1,7.198451,5,people,7.38550217069194,NNS,6,4.9459586
1032,14,走的,24.01388396175680,VV,2,6.5202813,14,go,7.88174048669877,VB,2,5.4845552
1033,31,已,7.390917240248650,AD,1,7.239988,3,has,6.43958450363465,VBZ,3,4.137306
1034,13,大部分,16.525031006023300,CD,3,7.2327523,7,most of the,9.95241146017054,JJS,11,5.083103
1035,28,都,6.185283294221550,AD,1,7.1670523,11,all,6.19945186751629,DT,3,4.6611304
1036,13,被,7.1519928838497,SB,1,5.530434,7,be,5.34125959245619,VB,2,4.954575
1037,9,被,7.1519928838497,SB,1,5.530434,3,be,5.34125959245619,VB,2,4.954575
1040,12,为什么,8.670423676564740,AD,3,7.1807833,6,why,8.74639396827841,WRB,3,5.869562
1041,15,其实,9.332840951557080,AD,2,7.2576556,9,actually,9.29017139381911,RB,8,5.5532513
1042,6,不,5.309630429407180,AD,1,2.563988,2,don't,14.509010067963,VB,5,8.248479
1043,19,开始,7.440347963222290,VV,2,6.3962607,5,start,9.4307279245144,VB,5,5.568826
1044,12,跑步,13.221703004538600,VV,2,7.1807833,2,running,9.63905208686983,VBG,7,5.3146133
1045,3,算,9.502229218740420,VV,1,7.1807833,1,calculate,11.3729018124918,NNP,9,6.9765077
1046,4,结束,8.962923734970460,VV,2,7.1598167,2,the end of the,9.83860277613412,DT,14,3.469161
1047,10,什么,7.138669269622700,PN,2,7.1670523,3,what,6.89753475788315,WP,4,5.083028
1048,7,咨询,9.570713460926070,NN,2,7.1670523,5,consulting,11.8946133508047,NN,10,6.42268
1049,5,至,7.735317417095000,VV,1,4.456789,3,to,3.92606293861701,IN,2,3.6630955
1050,22,的,2.7277528723935400,DEG,1,4.1897306,2,the,3.04312077096989,DT,3,3.469161
1051,10,我,5.742656255517170,PN,1,6.3825297,6,i,5.34354985959046,PRP,1,5.134548
1052,9,也,5.753495111341640,AD,1,6.8726544,5,also,6.95619717725742,RB,4,4.2201896
1053,6,到,5.759027415452410,VV,1,4.4585123,3,to,3.92606293861701,IN,2,3.6630955
1054,16,就,6.133440848420250,AD,1,7.1598167,8,it,5.35225838145451,PRP,2,4.3828855
1055,28,记得,10.612025433474300,VV,2,7.8777566,2,remember,9.41542539546992,VB,8,6.385564
1056,11,女生,12.725427926689400,NN,2,7.1670523,2,the girl,10.8457709426519,DT,8,3.469161
1057,23,跟,9.769815661564150,P,1,5.4477386,16,with,5.23475568811001,IN,4,3.848862
1058,9,就,6.133440848420250,AD,1,7.1598167,7,it,5.35225838145451,PRP,2,4.3828855
1059,8,那儿,11.157308101469000,PN,2,7.1670523,4,there,6.70383121407057,RB,5,4.6604314
1060,6,就,6.133440848420250,AD,1,7.1598167,3,it,5.35225838145451,PRP,2,4.3828855
1063,11,很,6.723622818117740,AD,1,7.3095484,8,very,7.23128265341125,RB,4,5.1751757
1064,8,问题,6.273012781145630,NN,2,7.1598167,6,the problem,9.8561495899371,DT,11,3.469161
1065,13,能,6.854115083559210,VV,1,6.4554653,9,can,6.37274445896951,MD,3,4.4064207
1066,12,近,8.771846581893230,VA,1,7.1598167,10,nearly,9.20290707954623,RB,6,5.344964
1067,9,价钱,13.333045957378600,NN,2,7.239988,6,the price,10.5603099962164,DT,9,3.469161
1068,32,车辆,10.362195535030100,NN,2,7.1807833,2,vehicle,10.7751517899606,NN,7,5.7883983
1069,12,我,5.742656255517170,PN,1,6.3825297,11,i,5.34354985959046,PRP,1,5.134548
1070,12,沟通,10.257489850976300,VV,2,7.1670523,5,communication,9.77779464632159,NN,13,5.8184752
1071,17,你,6.96104287928241,PN,1,6.558925,15,you,5.92631125854662,PRP,3,5.1347985
1072,26,才,8.031425347307340,AD,1,7.2327523,19,only,6.82771105599543,RB,4,4.6925993
1073,7,给,7.402959482225370,VV,1,6.8863854,2,to,3.92606293861701,IN,2,3.6630955
1074,17,我,5.742656255517170,PN,1,6.3825297,4,i,5.34354985959046,PRP,1,5.134548
1075,9,的,2.7277528723935400,DEG,1,4.1759996,6,the,3.04312077096989,DT,3,3.469161
1078,12,至,7.735317417095000,VV,1,4.47052,10,to,3.92606293861701,IN,2,3.6630955
1079,7,费用,8.909136347811960,NN,2,7.21781,5,cost,8.91063412690921,NN,4,5.4889994
1080,12,能用,24.01388396175680,VV,2,7.2095747,6,can be used,10.5671004230404,MD,11,4.4064207
1081,15,有,5.134998086658780,VE,1,5.2985525,7,there are,8.89715013134865,EX,9,4.6604314
1082,13,吗,8.759761060956490,IJ,1,7.1598167,11,?,6.31199790469147,.,1,4.6863203
1083,15,也,5.753495111341640,AD,1,6.8863854,6,also,6.95619717725742,RB,4,4.2201896
1084,11,联系,7.951912412664680,NN,2,7.1670523,2,contact,9.63270452975096,NN,7,5.744354
1085,20,房间,10.717802599032700,NN,2,7.239988,8,the room,9.86368672431331,DT,8,3.469161
1087,9,吗,8.759761060956490,IJ,1,7.1598167,7,?,6.31199790469147,.,1,4.6863203
1088,13,啊,10.827095194614000,IJ,1,6.5125904,11,ah,10.7235162999545,UH,2,7.291581
1089,13,获得,8.142366700407870,VV,2,6.8863854,2,to obtain,10.2925727183475,TO,9,3.6630955
1090,9,的,2.7277528723935400,DEG,1,4.1897306,2,the,3.04312077096989,DT,3,3.469161
1091,7,的,2.7277528723935400,DEG,1,4.1759996,4,the,3.04312077096989,DT,3,3.469161
1093,9,的,2.7277528723935400,DEG,1,4.1759996,2,the,3.04312077096989,DT,3,3.469161
1094,11,属于,8.825974640868300,VV,2,5.7291994,1,belong to,10.89147753372,VB,9,6.1182427
1095,15,的,2.7277528723935400,DEG,1,4.2786794,10,the,3.04312077096989,DT,3,3.469161
1096,24,这样,6.997385090825200,VA,2,7.2327523,13,such,6.92425601892606,JJ,4,4.665015
1097,12,墙,11.555427459987700,NN,1,6.9234123,6,wall,9.41876245149882,NNP,4,5.707227
1098,16,也,5.753495111341640,AD,1,6.8726544,3,also,6.95619717725742,RB,4,4.2201896
1099,8,吗,8.759761060956490,IJ,1,7.1598167,6,?,6.31199790469147,.,1,4.6863203
1101,13,的,2.7277528723935400,DEG,1,4.1759996,10,the,3.04312077096989,DT,3,3.469161
1102,28,或者,7.832806844992630,CC,2,4.9408293,20,or,5.5796259385765,CC,2,3.9497473
1103,32,的,2.7277528723935400,DEG,1,4.1759996,17,the,3.04312077096989,DT,3,3.469161
1104,9,或是,17.0932124575081,CC,2,5.3354278,4,or,5.5796259385765,CC,2,3.9497473
1105,14,的,2.7277528723935400,DEG,1,4.1759996,7,the,3.04312077096989,DT,3,3.469161
1107,7,请,9.09378964655144,VV,1,7.239988,3,please,10.1736513378286,UH,6,6.6739063
1108,5,咨询,9.570713460926070,NN,2,7.1670523,2,consulting,11.8946133508047,NN,10,6.42268
1109,12,贵,11.007243493527400,VA,1,7.1670523,12,your,7.01593710013953,PRP$,4,5.462146
1111,12,就,6.133440848420250,AD,1,7.1598167,6,it,5.35225838145451,PRP,2,4.3828855
1112,4,请,9.09378964655144,VV,1,7.1807833,1,please,10.1736513378286,UH,6,6.6739063
1113,10,开始,7.440347963222290,VV,2,6.3962607,2,start,9.4307279245144,VB,5,5.568826
1114,14,上,5.516516112333380,DT,1,5.628701,5,on,5.41125554279889,IN,2,3.9236827
1115,14,去,7.644150990208440,VV,1,6.315496,6,go to the,10.9710351193298,VB,9,5.4845552
1116,16,我,5.742656255517170,PN,1,6.4554653,8,i,5.34354985959046,PRP,1,5.134548
1117,36,所以,7.602624788977460,AD,2,6.1919475,7,so,6.57704816326837,CC,2,4.6290755
1118,12,浴室,13.312709049386800,NN,2,7.21781,4,the bathroom,12.054611656869,DT,12,3.469161
1119,26,过期,14.424696279576700,VV,2,7.1807833,1,overdue,13.4874390691076,NNP,7,7.143598
1120,16,可以,6.39906961183706,VV,2,7.2327523,6,can,6.37274445896951,MD,3,4.4064207
1121,4,女生,12.725427926689400,NN,2,7.1670523,2,the girl,10.8457709426519,DT,8,3.469161
1122,26,所以,7.602624788977460,AD,2,6.1919475,7,so,6.57704816326837,CC,2,4.6290755
1124,3,分校,12.718778742069400,NN,2,7.1807833,2,at the,6.98596866131085,IN,6,3.9063916
1125,11,卫生间,12.958432945055500,NN,3,7.21781,3,toilet,12.0223465491507,NN,6,6.55797
1127,8,没有,6.413713221508590,AD,2,6.953135,0,there is no,9.67716597037657,EX,11,4.6604314
1128,10,缺,10.506141183603800,VV,1,7.1670523,2,lack of,9.79754586979604,NN,7,5.8184752
1129,7,洗,12.444682138509900,VV,1,7.1670523,7,wash,11.1100402723923,NNP,4,6.562059
1130,24,听说,24.01388396175680,VV,2,7.239988,8,i heard that,13.8974087509906,PRP,12,5.134548
1131,16,网球,14.150229309722400,NN,2,7.1598167,1,tennis,11.8295140302696,NN,6,5.955239
1132,5,通讯,9.820363086244980,NN,2,7.1670523,1,communication,9.77779464632159,NN,13,5.8184752
1133,5,大家,8.63163069757805,PN,2,7.1807833,2,everyone,9.85622052876429,NN,8,5.7932687
1134,18,的,2.7277528723935400,DEG,1,4.1897306,6,the,3.04312077096989,DT,3,3.469161
1136,25,在,4.514607578933670,P,1,4.328849,5,in,4.17803992334808,IN,2,3.537955
1137,10,我,5.742656255517170,PN,1,6.3825297,4,i,5.34354985959046,PRP,1,5.134548
1138,10,方便,9.902290219710170,VA,2,7.239988,6,convenient,10.7703336070369,JJ,10,6.6237617
1141,12,也,5.753495111341640,AD,1,6.904053,1,also,6.95619717725742,RB,4,4.2201896
1142,10,吗,8.759761060956490,IJ,1,7.1598167,8,?,6.31199790469147,.,1,4.6863203
1143,9,空余,14.851893850721600,NN,2,7.1670523,4,spare,11.2274197655786,NNP,5,6.3747535
1145,12,的,2.7277528723935400,DEG,1,4.1759996,5,the,3.04312077096989,DT,3,3.469161
1146,9,83,11.403653729218400,CD,2,7.254792,9,83,10.3973153670519,CD,2,5.058133
1147,12,申请,8.884721781113430,NN,2,7.1670523,7,to apply for,13.7529514605325,TO,12,3.6630955
1148,5,的,2.7277528723935400,DEG,1,4.2585864,4,the,3.04312077096989,DT,3,3.469161
1149,12,丢,12.609234369080900,VV,1,7.239988,4,lost,8.97285741972861,VBN,4,5.0584335
1150,10,房子,10.313797723408000,NN,2,6.94559,5,house,8.30273283134144,NNP,5,5.313124
1151,17,可以,6.39906961183706,VV,2,7.1735477,3,can,6.37274445896951,MD,3,4.4064207
1152,13,备考,15.652876853529900,VV,2,7.1670523,8,the reference appendix,26.5982904368729,DT,22,3.469161
1153,8,维修,10.760544954910100,NR,2,7.239988,4,maintenance,10.4308508703319,NN,11,5.821553
1154,18,床,11.770828682629100,NN,1,7.1807833,4,the bed,10.8471343743836,DT,7,3.469161
1155,18,无,7.631727486303150,VE,1,7.239988,18,there is no,9.67716597037657,EX,11,4.6604314
1156,15,但是,7.310330299551360,AD,2,6.4554653,5,but,6.10856660828745,CC,3,4.4002748
1158,10,和,4.681213610519310,CC,1,3.4168775,5,and,3.774669967841,CC,3,3.2956455
1160,10,稳定,8.266830832992860,VA,2,7.2327523,4,stable,10.4396148046772,JJ,6,5.9694633
1162,16,我,5.742656255517170,PN,1,6.3962607,2,i,5.34354985959046,PRP,1,5.134548
1163,8,即,7.678603598151690,VC,1,5.603872,3,namely,10.5672252176312,RB,6,6.8101444
1164,4,美女,13.258302923391700,NN,2,7.1807833,2,the beauty,11.8308988620719,DT,10,3.469161
1165,13,过度,10.878819584614500,VA,2,7.1670523,1,excessive,10.8080926477772,JJ,9,6.2287817
1166,9,能,6.854115083559210,VV,1,6.4554653,3,can,6.37274445896951,MD,3,4.4064207
1167,23,其中,7.412648465678390,NN,2,5.5088015,15,among them,10.9018350087057,IN,10,4.893265
1169,13,是,4.463178522257190,VC,1,4.40003,3,is,4.77847604462531,VBZ,2,3.561916
1170,9,反正,12.104365967182000,AD,2,7.2327523,5,anyway,10.8518219593706,UH,6,5.942006
1171,10,就好,15.858521841428600,AD,2,7.1670523,9,it is good,13.4269788125568,PRP,10,4.3828855
1172,4,短信,13.28962587920390,NN,2,7.1670523,2,sms,14.4898306202098,NN,3,8.248479
1173,6,娇小,17.484465123494600,VV,2,7.1670523,2,petite,13.7139736108801,NNP,6,7.338062
1176,21,竟然,10.992692108322200,AD,2,7.1670523,13,actually,9.29017139381911,RB,8,5.5532513
1177,13,的,2.7277528723935400,DEG,1,4.1897306,8,the,3.04312077096989,DT,3,3.469161
1178,7,女生,12.725427926689400,NN,2,7.239988,5,the girl,10.8457709426519,DT,8,3.469161
1180,18,的,2.7277528723935400,DEG,1,4.1759996,16,the,3.04312077096989,DT,3,3.469161
1181,24,继续,8.114409354086080,VV,2,7.1670523,2,continue to,10.367864009067,VB,11,5.56426
1182,4,啊,10.827095194614000,IJ,1,6.5444193,2,ah,10.7235162999545,UH,2,7.291581
1183,15,中,5.266556450546180,NR,1,5.3340526,6,in the,5.50634555210565,IN,6,3.537955
1186,6,呢,8.258693479487880,SP,1,7.1807833,4,?,6.31199790469147,.,1,4.6863203
1187,12,以,6.261166062787120,NR,1,5.302791,3,in order to,9.23229938769856,IN,11,3.537955
1189,8,不,5.309630429407180,AD,1,7.1670523,8,don't,14.509010067963,VB,5,8.248479
1190,7,女生,12.725427926689400,NN,2,7.1670523,2,the girl,10.8457709426519,DT,8,3.469161
1191,17,这样,6.997385090825200,VA,2,7.2550206,13,such,6.92425601892606,JJ,4,4.665015
1192,11,基本,7.214326235943840,AD,2,7.1598167,4,basic,9.41918516547413,NNP,5,5.918043
1193,11,送,9.804289483057970,VV,1,7.1912155,1,send,9.78478202372399,VB,4,6.153658
1194,18,两,6.622455166510390,CD,1,7.2971773,5,two,6.91821671445168,CD,3,4.6764927
1195,14,都,6.185283294221550,AD,1,7.239988,6,all,6.19945186751629,DT,3,4.6611304
1196,15,我,5.742656255517170,PN,1,6.3825297,2,i,5.34354985959046,PRP,1,5.134548
1197,10,一下,9.155342537774730,AD,2,7.21781,7,the,3.04312077096989,DT,3,3.469161
1198,11,不,5.309630429407180,AD,1,6.2199664,4,don't,14.509010067963,VB,5,8.248479
1199,15,邮箱,14.173282962275800,NN,2,7.2576556,13,email,12.6437007783126,NN,5,6.6097817
1200,11,给,7.402959482225370,VV,1,6.8863854,7,to,3.92606293861701,IN,2,3.6630955
1201,19,可以,6.39906961183706,VV,2,7.2327523,6,can,6.37274445896951,MD,3,4.4064207
1202,8,2,7.273896290915890,CD,1,6.4618325,8,2,7.06741139205371,LS,1,3.2849693
1203,8,5,7.451955930537280,CD,1,6.572656,8,5,7.71047390951642,CD,1,3.9897852
1204,9,就,6.133440848420250,AD,1,7.1735477,4,it,5.35225838145451,PRP,2,4.3828855
1205,5,原价,14.70288410668140,NN,2,7.8777566,2,the original price,16.0350315316006,DT,18,3.469161
1206,9,联系,7.951912412664680,NN,2,7.1670523,8,contact,9.63270452975096,NN,7,5.744354
1207,15,无,7.631727486303150,VE,1,6.3303742,8,there is no,9.67716597037657,EX,11,4.6604314
1208,12,基本,7.214326235943840,AD,2,7.2327523,9,basic,9.41918516547413,NNP,5,5.918043
1211,7,随时,10.203812167088800,AD,2,7.239988,3,at any time,11.3993360767743,IN,11,3.9063916
1213,10,牌子,12.87276158190370,NN,2,6.572656,10,brand,11.2834684881842,NN,5,5.720122
1215,6,写,8.325828425912810,VV,1,6.5755897,0,write,9.34822902685105,VB,5,5.990983
1216,14,你,6.96104287928241,PN,1,6.7433143,0,you,5.92631125854662,PRP,3,5.1347985
1218,19,可,7.093452252120850,AD,1,6.9295764,12,can be,7.74464969738628,MD,6,4.4064207
1219,7,需要,7.1858030399017700,VV,2,6.2062354,2,need to be,10.9230669448563,VBP,10,5.655355
1220,8,大部分,16.525031006023300,CD,3,7.1598167,2,most of the,9.95241146017054,JJS,11,5.083103
1222,10,都,6.185283294221550,AD,1,7.1807833,5,all,6.19945186751629,DT,3,4.6611304
1223,24,感兴趣,18.449363554434100,VV,3,7.1670523,6,interested in,10.2376369179812,JJ,13,5.9652843
1224,12,输入,10.687362522282700,VV,2,6.94559,9,the input,11.72311252809,DT,9,3.469161
1225,5,的,2.7277528723935400,DEG,1,4.1897306,3,the,3.04312077096989,DT,3,3.469161
1226,21,去年,9.584282417670330,NT,2,7.239988,6,last year,11.5513027113536,JJ,9,5.6349597
1227,6,19500,15.951136060670400,CD,5,7.1807833,6,19500,17.6459438936467,CD,5,8.248479
1228,23,的,2.7277528723935400,DEG,1,4.1759996,17,the,3.04312077096989,DT,3,3.469161
1229,2,的,2.7277528723935400,DEG,1,7.1670523,2,the,3.04312077096989,DT,3,3.469161
1230,21,从未,16.766091379988900,AD,2,7.239988,3,never,7.79981053556152,RB,5,5.084794
1231,11,都,6.185283294221550,AD,1,7.1670523,4,all,6.19945186751629,DT,3,4.6611304
1232,5,风扇,14.11928580306660,NR,2,7.1807833,3,fan,11.5147627067688,NNP,3,5.5959463
1233,7,和,4.681213610519310,CC,1,3.4168775,2,and,3.774669967841,CC,3,3.2956455
1234,15,驾驶,10.899722125230600,NN,2,7.239988,4,driving,10.5351770868537,VBG,7,5.7406187
1235,27,如果,7.270952894445990,CS,2,5.4696436,18,if,6.76329393892284,IN,2,4.570856
1237,3,已,7.390917240248650,AD,1,7.1670523,1,has,6.43958450363465,VBZ,3,4.137306
1238,6,附件,11.3168966056195,PN,2,6.558925,4,the attachment,13.3865727625939,DT,14,3.469161
1241,6,14,8.910868969781200,CD,2,4.2402053,4,14,8.69326757325493,CD,2,4.403095
1243,16,换,10.221164151075800,VV,1,7.239988,5,in,4.17803992334808,IN,2,3.537955
1244,15,和,4.681213610519310,CC,1,2.3974364,10,and,3.774669967841,CC,3,3.2956455
1245,8,附近,9.813848689992000,NN,2,7.1807833,6,near,8.71690711892673,IN,4,4.796886
1246,7,谢谢,11.604417513606700,VV,2,7.239988,5,thank you,11.3027185736148,VBP,9,6.724591
1248,16,不,5.309630429407180,AD,1,6.2062354,3,don't,14.509010067963,VB,5,8.248479
1251,12,能用,24.01388396175680,VV,2,7.2095747,6,can be used,10.5671004230404,MD,11,4.4064207
1252,8,依然,10.033811113379300,AD,2,7.8777566,2,still,7.7998011803302,RB,5,4.99058
1253,10,很好,12.770159075693100,AD,2,4.1952004,10,very good,11.1739285384743,RB,9,5.1751757
1255,7,即,7.678603598151690,VC,1,7.1670523,7,namely,10.5672252176312,RB,6,6.8101444
1256,8,吗,8.759761060956490,IJ,1,7.7068634,7,?,6.31199790469147,.,1,4.6863203
1259,10,了,4.559665786076210,SP,1,6.6978993,6,the,3.04312077096989,DT,3,3.469161
1261,10,无线,11.875683387473400,NN,2,7.1807833,7,wireless,12.274317244805,NNP,8,6.314998
1262,8,无线,11.875683387473400,NN,2,7.1807833,5,wireless,12.274317244805,NNP,8,6.314998
1265,4,咨询,9.570713460926070,NN,2,7.1670523,3,consulting,11.8946133508047,NN,10,6.42268
1266,11,到,5.759027415452410,VV,1,4.4722433,3,to,3.92606293861701,IN,2,3.6630955
1267,18,一,4.847867458993150,CD,1,5.580385,1,one,6.19078355147723,CD,3,4.579384
1268,18,月,5.7918316234941000,NN,1,5.0871525,16,month,9.55026804839131,NN,5,6.163392
1269,4,可以,6.39906961183706,VV,2,7.1598167,2,can,6.37274445896951,MD,3,4.4064207
1270,6,联系,7.951912412664680,NN,2,7.1670523,3,contact,9.63270452975096,NN,7,5.744354
1271,10,联系,7.951912412664680,NN,2,7.1670523,8,contact,9.63270452975096,NN,7,5.744354
1272,10,共,8.791069301094870,AD,1,6.3825297,1,a total of,11.7216285726286,DT,10,3.7714994
1273,10,和,4.681213610519310,CC,1,3.4168775,5,and,3.774669967841,CC,3,3.2956455
1274,7,厨房,11.582833448300200,NN,2,7.1670523,1,the kitchen,10.7545713702742,DT,11,3.469161
1275,12,读,9.663296240304240,VV,1,7.1735477,7,read,8.74130720727892,VB,4,5.5263753
1276,6,爱,9.788281681654680,NN,1,7.2327523,4,love,8.34551273784855,NN,4,5.4534206
1278,10,的,2.7277528723935400,DEG,1,4.1759996,2,the,3.04312077096989,DT,3,3.469161
1279,12,及,6.972065783256670,CC,1,4.1924424,9,and,3.774669967841,CC,3,3.2956455
1280,13,卫生间,12.958432945055500,NN,3,7.21781,11,toilet,12.0223465491507,NN,6,6.55797
1282,11,600,10.589803958592900,CD,3,7.34907,11,600,10.9491695046703,CD,3,5.9391932
1283,6,房间,10.717802599032700,NN,2,7.8777566,2,the room,9.86368672431331,DT,8,3.469161
1284,15,无,7.631727486303150,VE,1,6.3303742,5,there is no,9.67716597037657,EX,11,4.6604314
1285,25,明亮,12.31694670258230,VA,2,6.94559,13,bright,10.0074141411483,JJ,6,5.863126
1286,23,就,6.133440848420250,AD,1,7.1735477,4,it,5.35225838145451,PRP,2,4.3828855
1287,7,评分,12.896641605040100,NN,2,7.1598167,4,score,10.5476014161477,NNP,5,5.665663
1288,16,收发,13.544003637006200,NN,2,7.239988,11,send and receive,15.1235965743873,VB,16,6.153658
1289,32,最,7.29431282237448,AD,1,6.8726544,9,the most,8.14130340527483,DT,8,3.469161
1290,5,到,5.759027415452410,VV,1,4.4585123,2,to,3.92606293861701,IN,2,3.6630955
1291,13,的,2.7277528723935400,DEG,1,4.1897306,10,the,3.04312077096989,DT,3,3.469161
1294,12,有,5.134998086658780,VE,1,5.2985525,4,there are,8.89715013134865,EX,9,4.6604314
1295,7,412-6518342,24.01388396175680,NT,10,4.4276857,5,412-6518342,26.5982904368729,CD,11,8.248479
1296,6,车库,14.35687256086130,NN,2,7.1670523,2,the garage,12.8693033749316,DT,10,3.469161
1297,14,可以,6.39906961183706,VV,2,7.2327523,5,can,6.37274445896951,MD,3,4.4064207
1298,8,车库,14.35687256086130,NN,2,7.2708354,1,the garage,12.8693033749316,DT,10,3.469161
1300,6,格局,10.196744730800700,NN,2,7.1670523,1,pattern,9.6455927923461,NN,7,5.624398
1302,19,从,6.377483472434710,P,1,5.668829,12,from,5.68258953417454,IN,4,3.9717555
1303,22,在,4.514607578933670,P,1,4.328849,5,in,4.17803992334808,IN,2,3.537955
1304,17,非常,8.291759627895480,AD,2,7.2327523,3,very,7.23128265341125,RB,4,5.1751757
1306,18,隶属,11.633345535398200,VV,2,7.1598167,1,membership,10.7146920473582,NN,10,5.869562
1307,6,非常,8.291759627895480,AD,2,7.1598167,2,very,7.23128265341125,RB,4,5.1751757
1309,6,厨房,11.582833448300200,NN,2,7.1670523,4,the kitchen,10.7545713702742,DT,11,3.469161
1310,21,安静,11.606647560520500,VA,2,7.239988,10,quiet,10.0341614114725,NNP,5,6.242342
1311,12,签,11.418048851845700,VV,1,7.1670523,12,sign,9.68312642504317,NN,4,5.8428755
1313,21,二,6.216225093655350,CD,1,6.391105,8,two,6.91821671445168,CD,3,4.6764927
1314,32,有,5.134998086658780,VE,1,5.2985525,21,there are,8.89715013134865,EX,9,4.6604314
1315,16,仅,8.623431495548050,AD,1,7.1735477,4,only,6.82771105599543,RB,4,4.6925993
1316,10,和,4.681213610519310,CC,1,3.4168775,4,and,3.774669967841,CC,3,3.2956455
1318,10,餐具,15.753132607056300,VA,2,7.239988,8,tableware,15.2646950077607,NN,9,7.3142
1319,17,有,5.134998086658780,VE,1,5.225617,1,there are,8.89715013134865,EX,9,4.6604314
1320,14,很,6.723622818117740,AD,1,7.239988,9,very,7.23128265341125,RB,4,5.1751757
1322,9,不,5.309630429407180,AD,1,2.563988,3,don't,14.509010067963,VB,5,8.248479
1323,13,概况,11.082180004724000,NN,2,7.1598167,3,general situation of,17.1579500727861,JJ,20,5.4395394
1324,8,到,5.759027415452410,VV,1,4.4722433,3,to,3.92606293861701,IN,2,3.6630955
1325,9,爱,9.788281681654680,NN,1,7.2327523,4,love,8.34551273784855,NN,4,5.4534206
1326,5,研究生,10.071058166491000,NN,3,7.093234,2,a graduate student,14.4182538058936,DT,18,3.7714994
1327,20,每,7.4990523241899100,PN,1,6.6318607,11,every,7.86615765289666,DT,5,5.0701313
1328,14,和,4.681213610519310,CC,1,3.4168775,8,and,3.774669967841,CC,3,3.2956455
1330,9,且,9.15072779618922,AD,1,5.2570286,4,and,3.774669967841,CC,3,3.2956455
1332,12,大部分,16.525031006023300,CD,3,7.1735477,2,most of the,9.95241146017054,JJS,11,5.083103
1334,4,网站,10.797076233815600,NN,2,6.558925,1,web site,11.8336003613666,NN,8,6.0242124
1338,10,门口,12.313649398481600,NN,2,7.239988,5,the door,9.49341658801658,DT,8,3.469161
1339,24,相当,8.380506226133680,AD,2,7.39772,16,quite a,11.1399052561542,PDT,7,5.727193
1340,5,地点,9.970638807472060,NN,2,6.734926,3,place,7.82417051242243,NN,5,5.4945908
1341,7,一,4.847867458993150,CD,1,5.594116,4,one,6.19078355147723,CD,3,4.579384
1342,16,入学,11.68306590757030,VV,2,7.446082,3,the entrance,11.3952667607749,DT,12,3.469161
1344,5,时间,7.460746407083130,NN,2,6.1504107,1,time,6.73979175205584,NN,4,5.1471176
1347,11,里面,10.463452851034900,NN,2,7.1670523,3,inside,9.46922123462188,RB,6,5.196686
1348,11,都,6.185283294221550,AD,1,7.1670523,6,all,6.19945186751629,DT,3,4.6611304
1349,10,的,2.7277528723935400,DEG,1,4.1759996,6,the,3.04312077096989,DT,3,3.469161
1351,9,和,4.681213610519310,CC,1,3.4168775,5,and,3.774669967841,CC,3,3.2956455
1352,12,附近,9.813848689992000,NN,2,7.1670523,4,near,8.71690711892673,IN,4,4.796886
1354,6,价格,7.848898331790280,NN,2,7.342956,3,the price,10.5603099962164,DT,9,3.469161
1355,8,中央,7.356490397161870,NN,2,7.2327523,5,the central,10.4623173439324,DT,11,3.469161
1356,13,两,6.622455166510390,CD,1,7.239988,2,two,6.91821671445168,CD,3,4.6764927
1357,12,是,4.463178522257190,VC,1,4.2973504,1,is,4.77847604462531,VBZ,2,3.561916
1358,9,或者,7.832806844992630,CC,2,4.9270983,4,or,5.5796259385765,CC,2,3.9497473
1359,27,另,7.8635213343132200,AD,1,6.94559,12,on the other,9.89243523249112,IN,12,3.9236827
1360,7,一,4.847867458993150,CD,1,6.2910895,2,one,6.19078355147723,CD,3,4.579384
1362,15,一,4.847867458993150,CD,1,5.653321,6,one,6.19078355147723,CD,3,4.579384
1364,4,可以,6.39906961183706,VV,2,7.1598167,1,can,6.37274445896951,MD,3,4.4064207
1367,13,和,4.681213610519310,CC,1,3.4168775,5,and,3.774669967841,CC,3,3.2956455
1368,7,月,5.7918316234941000,NN,1,5.0871525,6,month,9.55026804839131,NN,5,6.163392
1369,11,和,4.681213610519310,CC,1,2.8141544,7,and,3.774669967841,CC,3,3.2956455
1370,13,的,2.7277528723935400,DEG,1,4.249358,10,the,3.04312077096989,DT,3,3.469161
1372,14,发出,9.273614627227520,VV,2,7.1670523,2,a,4.19551286332539,LS,1,3.7714994
1376,16,和,4.681213610519310,CC,1,3.4168775,8,and,3.774669967841,CC,3,3.2956455
1378,10,上面,9.861987599477890,NN,2,7.1807833,2,the above,10.3841904834328,DT,9,3.469161
1379,10,打扫,13.514586461549700,VV,2,7.1670523,6,clean the,13.4335210401783,VB,9,5.880659
1380,7,里,7.390168654596740,LC,1,6.6841683,1,in the,5.50634555210565,IN,6,3.537955
1381,8,二,6.216225093655350,CD,1,6.1604376,5,two,6.91821671445168,CD,3,4.6764927
1382,5,短信,13.28962587920390,NN,2,7.1670523,3,sms,14.4898306202098,NN,3,8.248479
1383,7,出租,10.550818733744300,VV,2,7.1670523,5,rent,10.7935081513794,NN,4,6.215884
1384,8,里面,10.463452851034900,NN,2,7.1670523,3,inside,9.46922123462188,RB,6,5.196686
1385,8,里面,10.463452851034900,NN,2,7.1670523,3,inside,9.46922123462188,RB,6,5.196686
1386,3,见,8.550425415263220,VV,1,6.8726544,1,see,7.2389591903438,VB,3,5.5291753
1387,5,联系,7.951912412664680,NN,2,7.242259,1,contact,9.63270452975096,NN,7,5.744354
1388,7,房子,10.313797723408000,NN,2,7.583359,3,house,8.30273283134144,NNP,5,5.313124
1390,31,另,7.8635213343132200,AD,1,6.928529,5,on the other,9.89243523249112,IN,12,3.9236827
1391,11,三,6.294963404035600,CD,1,6.558925,4,three,7.67523259162671,CD,5,4.937782
1392,4,房子,10.313797723408000,NN,2,6.8726544,1,house,8.30273283134144,NNP,5,5.313124
1393,5,站,9.056260790534410,VV,1,6.8726544,5,standing,9.59303453642406,VBG,8,5.5828204
1394,7,也,5.753495111341640,AD,1,6.8726544,4,also,6.95619717725742,RB,4,4.2201896
1395,6,全新,16.86947678143560,VA,2,7.8777566,3,new,7.45294569624115,NNP,3,5.183279
1396,8,可以,6.39906961183706,VV,2,7.1598167,1,can,6.37274445896951,MD,3,4.4064207
1397,12,两,6.622455166510390,CD,1,7.1670523,5,two,6.91821671445168,CD,3,4.6764927
1399,4,联系,7.951912412664680,NN,2,7.1670523,1,contact,9.63270452975096,NN,7,5.744354
1401,5,沟通,10.257489850976300,VV,2,7.1670523,3,communication,9.77779464632159,NN,13,5.8184752
1402,10,周边,11.201772790114900,NN,2,7.1598167,1,the surrounding,11.5956339558063,DT,15,3.469161
1403,18,在,4.514607578933670,P,1,4.34258,2,in,4.17803992334808,IN,2,3.537955
1406,14,远离,24.01388396175680,NR,2,7.1598167,3,stay away from,13.7437071631535,VB,14,5.9747443
1408,15,三,6.294963404035600,CD,1,7.2696295,2,three,7.67523259162671,CD,5,4.937782
1410,16,的,2.7277528723935400,DEG,1,4.1897306,4,the,3.04312077096989,DT,3,3.469161
1411,11,不,5.309630429407180,AD,1,6.2062354,7,don't,14.509010067963,VB,5,8.248479
1412,8,有意,11.105781205966600,VV,2,7.239988,3,intentionally,12.3611330702393,RB,13,6.1733494
1413,9,pn-18,24.01388396175680,NR,4,7.1670523,2,pn-18,26.5982904368729,LS,5,8.248479
1414,13,的,2.7277528723935400,DEG,1,4.8998055,7,the,3.04312077096989,DT,3,3.469161
1415,21,就,6.133440848420250,AD,1,7.1598167,12,it,5.35225838145451,PRP,2,4.3828855
1416,6,全,7.4216633733223800,VA,1,6.8726544,3,all,6.19945186751629,DT,3,4.6611304
1417,16,免费,11.06351960234350,VA,2,6.757104,14,free,8.56122073525444,JJ,4,5.362735
1418,11,上,5.516516112333380,DT,1,5.642432,4,on,5.41125554279889,IN,2,3.9236827
1419,20,但,6.310811814182770,AD,1,5.831547,5,but,6.10856660828745,CC,3,4.4002748
1421,15,是,4.463178522257190,VC,1,4.2973504,1,is,4.77847604462531,VBZ,2,3.561916
1424,17,简直,10.907954890815900,AD,2,7.1670523,12,it,5.35225838145451,PRP,2,4.3828855
1427,3,咨询,9.570713460926070,NN,2,8.224234,2,consulting,11.8946133508047,NN,10,6.42268
1428,15,的,2.7277528723935400,DEG,1,7.1670523,15,the,3.04312077096989,DT,3,3.469161
1429,7,卧室,13.152579930518,NN,2,7.1670523,2,the bedroom,12.3167861535924,DT,11,3.469161
1432,8,停,10.502771751229400,VV,1,7.1670523,8,stop,9.54327239793463,VB,4,5.7642684
1433,17,中,5.266556450546180,NR,1,5.3340526,3,in the,5.50634555210565,IN,6,3.537955
1434,26,什么,7.138669269622700,PN,2,7.1670523,19,what,6.89753475788315,WP,4,5.083028
1435,13,3-9,10.787129938866700,CD,2,4.0831766,13,3-9,13.9215612502903,LS,3,8.248479
1437,18,里,7.390168654596740,LC,1,6.6841683,2,in the,5.50634555210565,IN,6,3.537955
1438,12,固定,9.118242515625230,JJ,2,6.8726544,5,fixed,9.63221201727349,VBN,5,5.884841
1439,7,非常,8.291759627895480,AD,2,7.1598167,4,very,7.23128265341125,RB,4,5.1751757
1441,15,现在,7.626584107522520,NT,2,7.2327523,8,now,7.37399014799285,RB,3,5.044016
1443,5,洗,12.444682138509900,VV,1,7.1807833,3,wash,11.1100402723923,NNP,4,6.562059
1444,14,独立,8.339548920200430,VA,2,7.2045007,4,independent,9.5480816510638,JJ,11,5.6482825
1445,18,非常,8.291759627895480,AD,2,7.1598167,2,very,7.23128265341125,RB,4,5.1751757
1447,9,和,4.681213610519310,CC,1,3.4168775,5,and,3.774669967841,CC,3,3.2956455
1448,12,等,6.521506132939260,VV,1,5.683073,11,etc.,9.25631012496413,FW,4,6.8643036
1450,8,或者,7.832806844992630,CC,2,4.9270983,3,or,5.5796259385765,CC,2,3.9497473
1451,9,吃饭,10.934104546893700,VV,2,7.2327523,5,have a meal,16.5150262297278,VB,11,4.3467946
1452,11,只,7.58943631113663,AD,1,7.1598167,2,only,6.82771105599543,RB,4,4.6925993
1455,4,到,5.759027415452410,VV,1,4.4585123,1,to,3.92606293861701,IN,2,3.6630955
1456,15,一,4.847867458993150,CD,1,5.653321,6,one,6.19078355147723,CD,3,4.579384
1457,23,我,5.742656255517170,PN,1,6.4272137,2,i,5.34354985959046,PRP,1,5.134548
1458,12,没有,6.413713221508590,AD,2,7.2327523,3,there is no,9.67716597037657,EX,11,4.6604314
1459,7,有,5.134998086658780,VE,1,5.2985525,4,there are,8.89715013134865,EX,9,4.6604314
1460,15,一下,9.155342537774730,AD,2,7.1807833,7,the,3.04312077096989,DT,3,3.469161
1461,14,客人,11.103153142093200,NN,2,7.1807833,5,the guest,12.9169194564401,DT,9,3.469161
1462,4,地区,7.021528178513520,NN,2,6.51126,0,region,9.3885179922877,NN,6,5.2698545
1464,12,丢,12.609234369080900,VV,1,7.239988,4,lost,8.97285741972861,VBN,4,5.0584335
1465,10,的,2.7277528723935400,DEG,1,4.1759996,7,the,3.04312077096989,DT,3,3.469161
1467,13,没有,6.413713221508590,AD,2,7.2327523,3,there is no,9.67716597037657,EX,11,4.6604314
1469,3,冷静,11.450790931959300,VA,2,7.1807833,1,calm,10.6886384124862,NNP,4,6.2645454
1470,3,机智,13.585460801136300,NN,2,7.1670523,2,wit,11.1712615320797,NNP,3,6.3389053
1471,18,群发,15.820483729804700,NN,2,7.1670523,5,a mass,11.8315325121549,DT,6,3.7714994
1472,9,厕所,13.3800497876716,NN,2,7.3514414,0,the toilet,13.1468909740435,DT,10,3.469161
1474,6,国际,7.29228562538852,NN,2,6.8863854,2,the international,11.4477496020766,DT,17,3.469161
1475,28,有,5.134998086658780,VE,1,5.239348,1,there are,8.89715013134865,EX,9,4.6604314