,random_non_cs_1_word,word_freq_zh,cs_word_pos_zh,cs_word_length_zh,sentence_length_zh,ngram_surp_zh
0,。,24.01388396175678,PU,1,26,3.0130775
1,放,8.919843556731566,VV,1,15,7.446082
2,有,5.134998086658783,VE,1,7,5.239348
3,。,24.01388396175678,PU,1,6,3.1082816
4,地板,13.248160676469242,NN,2,6,7.1670523
5,。,24.01388396175678,PU,1,4,3.0130775
6,书桌,14.377034794744084,NN,2,9,7.1670523
7,，,24.01388396175678,PU,1,8,4.1666403
8,电话,8.847756739726567,NN,2,13,7.1598167
9,共用,12.967400476243734,NR,2,10,7.1670523
10,.,3.3652295975453916,PU,1,10,4.3451495
11,一,4.847867458993145,CD,1,17,6.2910895
12,。,24.01388396175678,PU,1,5,3.0130775
13,家具,11.90869298800786,NN,2,8,7.5017433
14,很,6.723622818117736,AD,1,8,7.3095484
15,陶瓷,11.754417479523573,NN,2,5,7.1807833
16,空调,11.842982639238048,NN,2,11,7.1807833
17,东西,8.296729268326672,NN,2,4,7.1670523
18,缺点,10.26928740518263,NN,2,5,7.1735477
19,，,24.01388396175678,PU,1,14,4.1666403
20,方便,9.902290219710169,VA,2,6,7.1807833
21,。,24.01388396175678,PU,1,9,3.0130775
22,就近,12.727733634334811,AD,2,8,7.3514414
23,，,24.01388396175678,PU,1,15,4.1666403
24,和,4.681213610519307,CC,1,7,3.4168775
25,。,24.01388396175678,PU,1,6,3.0130775
26,价格,7.848898331790275,NN,2,15,7.2327523
27,所以,7.602624788977464,AD,2,35,6.1919475
28,看,6.722812177952763,VV,1,10,6.558925
29,。,24.01388396175678,PU,1,7,3.0130775
30,说,5.996741253909139,VV,1,9,6.4755635
31,，,24.01388396175678,PU,1,20,4.1666403
32,名,7.924992944764994,NN,1,7,5.9306693
33,空调,11.842982639238048,NN,2,12,7.2971773
34,治安,10.373189993437096,NN,2,14,7.239988
35,近期,10.835334976868541,NT,2,7,7.0391965
36,餐厅,12.442029429257264,NN,2,22,6.94559
37,的,2.7277528723935442,DEG,1,16,4.1759996
38,月,5.7918316234940965,NN,1,8,5.0407577
39,。,24.01388396175678,PU,1,3,3.0268083
40,公交,12.646793845010096,NN,2,13,7.1598167
41,也,5.753495111341643,AD,1,11,6.94559
42,不,5.309630429407184,AD,1,14,6.234123
43,地段,11.757141966452018,NN,2,4,7.3514414
44,出租,10.550818733744295,VV,2,11,7.1670523
45,，,24.01388396175678,PU,1,10,4.1666403
46,妹子,15.766925929188604,NR,2,10,7.21781
47,，,24.01388396175678,PU,1,29,4.1666403
48,并且,8.458645571635328,AD,2,7,5.7279725
49,。,24.01388396175678,PU,1,10,3.0268083
50,。,24.01388396175678,PU,1,7,3.2921076
51,床,11.770828682629073,NN,1,7,7.1807833
52,135,11.709134084037862,CD,3,4,5.8729563
53,。,24.01388396175678,PU,1,13,3.0130775
54,床,11.770828682629073,NN,1,17,7.2962327
55,很,6.723622818117736,AD,1,13,7.1670523
56,家具,11.90869298800786,NN,2,13,7.1670523
57,自行,10.262249744220124,AD,2,15,7.2138476
58,安全,8.193192826738375,NN,2,21,7.1598167
59,张,9.412635647291534,NR,1,19,6.6080832
60,，,24.01388396175678,PU,1,8,4.1666403
61,！,24.01388396175678,PU,1,5,5.9435697
62,ymin,24.01388396175678,NR,4,6,7.1598167
63,大,6.052994150617842,VA,1,10,6.119012
64,同学,10.752844448643357,NN,2,7,7.235478
65,需,8.901471342720486,VV,1,24,7.1735477
66,一,4.847867458993145,CD,1,7,5.320925
67,是,4.463178522257185,VC,1,10,4.3110814
68,七,7.4076483314314965,CD,1,11,6.6978993
69,价格,7.848898331790275,NN,2,19,7.344206
70,大,6.052994150617842,VA,1,28,6.132743
71,两,6.622455166510385,CD,1,10,7.481098
72,超市,13.01311834356568,NN,2,16,7.237905
73,有,5.134998086658783,VE,1,20,5.2985525
74,：,24.01388396175678,PU,1,9,4.4590845
75,续签,15.695385641252443,VV,2,14,7.1670523
76,就,6.133440848420254,AD,1,7,7.3426747
77,地下室,13.362240345629909,NN,3,5,7.3514414
78,。,24.01388396175678,PU,1,8,3.0130775
79,。,24.01388396175678,PU,1,5,3.0130775
80,。,24.01388396175678,PU,1,5,3.0130775
81,出租,10.550818733744295,VV,2,12,7.1670523
82,的,2.7277528723935442,DEG,1,10,4.1759996
83,，,24.01388396175678,PU,1,13,4.1666403
84,客厅,12.531830160453639,NN,2,8,7.3514414
85,、,24.01388396175678,PU,1,7,4.3740377
86,！,24.01388396175678,PU,1,5,5.9298387
87,卧室,13.152579930518,NN,2,18,7.1670523
88,。,24.01388396175678,PU,1,14,3.0130775
89,尽量,10.38156213647481,AD,2,6,7.239988
90,价格,7.848898331790275,NN,2,5,7.1735477
91,，,24.01388396175678,PU,1,9,4.309347
92,也,5.753495111341643,AD,1,18,6.8726544
93,复印,12.785179897609353,VV,2,7,7.1670523
94,。,24.01388396175678,PU,1,7,3.0268083
95,厅,9.59935175500953,NN,1,10,7.2162104
96,可以,6.39906961183706,VV,2,5,7.1735477
97,。,24.01388396175678,PU,1,5,3.0130775
98,；,24.01388396175678,PU,1,4,4.947908
99,+,11.540073056037134,PU,1,7,3.6409025
100,。,24.01388396175678,PU,1,17,3.1307662
101,衣柜,15.104243359313683,NN,2,10,7.2138476
102,厨房,11.582833448300246,NN,2,9,7.239988
103,是,4.463178522257185,VC,1,5,4.3110814
104,种,5.5685946965544995,M,1,25,6.558925
105,公用,11.076865105703106,JJ,2,12,7.180354
106,房子,10.313797723407998,NN,2,5,7.0391965
107,价格,7.848898331790275,NN,2,9,7.2327523
108,，,24.01388396175678,PU,1,16,4.1666403
109,是,4.463178522257185,VC,1,8,4.3925543
110,9,7.892600497279458,CD,1,11,4.4019246
111,可,7.093452252120851,AD,1,8,6.3825297
112,。,24.01388396175678,PU,1,7,3.0130775
113,房子,10.313797723407998,NN,2,7,7.0391965
114,可以,6.39906961183706,VV,2,10,7.2327523
115,希望,8.3490009018571,VV,2,16,6.8569107
116,白粉,17.742895529898483,NR,2,11,7.1807833
117,位置,9.278003801830641,NN,2,12,6.572656
118,房间,10.717802599032664,NN,2,9,7.3514414
119,个,5.928795457736317,M,1,20,5.762203
120,到,5.759027415452407,VV,1,13,4.4722433
121,，,24.01388396175678,PU,1,15,4.1666403
122,末,10.285564433282318,LC,1,20,7.8836226
123,包括,7.554905600345983,VV,2,10,5.7800136
124,大,6.052994150617842,VA,1,6,6.119012
125,这些,6.922170170475861,PN,2,8,7.1670523
126,根据,7.36125809408011,P,2,9,6.329227
127,看,6.722812177952763,VV,1,7,6.6057205
128,！,24.01388396175678,PU,1,5,5.9298387
129,个,5.928795457736317,M,1,8,5.809259
130,你,6.96104287928241,PN,1,11,6.572656
131,独立,8.339548920200428,VA,2,7,7.2421484
132,等,6.521506132939263,VV,1,6,5.683073
133,租金,11.203899802738214,NN,2,22,7.890858
134,例子,9.98316364191848,NN,2,16,6.8726544
135,多,6.461691106083062,VA,1,18,7.1142764
136,出租,10.550818733744295,VV,2,7,7.316704
137,：,24.01388396175678,PU,1,7,4.5010443
138,可以,6.39906961183706,VV,2,12,7.1598167
139,租,11.570895045732026,VV,1,9,7.1807833
140,便利,10.744460123685712,VA,2,16,7.1807833
141,工作,5.9998331040032795,NN,2,13,6.572656
142,楼,9.712738211508153,NN,1,21,7.2162104
143,生活,6.89528478431579,NN,2,19,6.8863854
144,开通,12.218972616879652,VV,2,18,7.1807833
145,有,5.134998086658783,VE,1,9,5.225617
146,。,24.01388396175678,PU,1,5,3.0130775
147,。,24.01388396175678,PU,1,6,3.0130775
148,短,9.585201141537182,VA,1,14,6.8726544
149,和,4.681213610519307,CC,1,9,3.4168775
150,卧室,13.152579930518,NN,2,5,7.8777566
151,。,24.01388396175678,PU,1,3,3.0130775
152,全新,16.86947678143564,VA,2,6,7.3514414
153,椅子,11.941982913738553,NN,2,18,7.1807833
154,，,24.01388396175678,PU,1,13,4.44567
155,。,24.01388396175678,PU,1,9,3.0268083
156,没,8.435881584195032,AD,1,16,7.289942
157,齐全,11.122789557679344,VA,2,12,7.262256
158,图片,11.284957324203726,NN,2,13,6.8863854
159,，,24.01388396175678,PU,1,11,4.1666403
160,：,24.01388396175678,PU,1,4,4.4414167
161,。,24.01388396175678,PU,1,8,3.239824
162,大学,7.772161759561768,NN,2,7,6.8726544
163,，,24.01388396175678,PU,1,6,4.1666403
164,二月,15.476496063055023,NT,2,11,7.255239
165,，,24.01388396175678,PU,1,13,4.1803713
166,。,24.01388396175678,PU,1,7,3.0130775
167,卫生间,12.958432945055549,NN,3,24,7.1875896
168,也,5.753495111341643,AD,1,12,6.8726544
169,能,6.854115083559211,VV,1,13,6.566919
170,疑问,10.551322440409848,NN,2,24,7.1670523
171,大,6.052994150617842,VA,1,13,6.181618
172,需要,7.1858030399017725,VV,2,14,6.279171
173,个,5.928795457736317,M,1,9,5.713045
174,。,24.01388396175678,PU,1,4,3.0130775
175,提供,7.614861025642059,VV,2,16,5.918734
176,浴室,13.312709049386784,NN,2,11,7.1807833
177,灯,11.812823858050152,NN,1,14,7.239988
178,桌子,11.832662566399254,NN,2,22,7.2327523
179,不,5.309630429407184,AD,1,11,6.2062354
180,。,24.01388396175678,PU,1,6,3.0130775
181,用,7.056989652233064,VV,1,6,5.798504
182,免费,11.06351960234349,VA,2,9,6.6841683
183,，,24.01388396175678,PU,1,10,4.1666403
184,后院,13.943823209394838,NN,2,20,7.1807833
185,。,24.01388396175678,PU,1,5,3.0130775
186,黑色,11.300740733812113,NN,2,9,6.558925
187,面,8.109230076995921,NN,1,7,6.6841683
188,和,4.681213610519307,CC,1,8,3.4168775
189,，,24.01388396175678,PU,1,17,4.1803713
190,请,9.09378964655144,VV,1,9,7.3514414
191,房子,10.313797723407998,NN,2,6,7.0391965
192,！,24.01388396175678,PU,1,3,5.9435697
193,厅,9.59935175500953,NN,1,11,7.2162104
194,她,7.233968497970454,PN,1,12,7.0391965
195,一,4.847867458993145,CD,1,20,5.7105103
196,非常,8.291759627895479,AD,2,6,7.1912155
197,本,7.2762302447144735,NN,1,12,6.695786
198,。,24.01388396175678,PU,1,6,3.0130775
199,房间,10.717802599032664,NN,2,4,7.3514414
200,，,24.01388396175678,PU,1,8,4.1666403
201,层,9.131566245138742,NR,1,8,7.2162104
202,家电,12.303083523899197,NN,2,9,7.1807833
203,。,24.01388396175678,PU,1,7,3.0130775
204,，,24.01388396175678,PU,1,16,4.1666403
205,。,24.01388396175678,PU,1,9,3.0130775
206,$495+,24.01388396175678,NN,5,8,7.890858
207,。,24.01388396175678,PU,1,13,3.0130775
208,具体,7.733075675062951,VA,2,11,7.1735477
209,厨房,11.582833448300246,NN,2,19,7.2360053
210,白人,12.398167278949407,NN,2,9,7.2421484
211,，,24.01388396175678,PU,1,15,4.1666403
212,大,6.052994150617842,VA,1,20,6.119012
213,，,24.01388396175678,PU,1,11,4.1666403
214,入住,14.602645647413707,VV,2,24,7.1807833
215,。,24.01388396175678,PU,1,10,3.0130775
216,热心肠,17.241948405917178,NN,3,9,7.239988
217,一,4.847867458993145,CD,1,13,5.320925
218,水,8.780028928850754,NN,1,15,6.132743
219,电,9.08622612772747,NN,1,17,7.2327523
220,之,6.013534801376356,PN,1,6,5.817816
221,了,4.559665786076213,SP,1,17,6.6978993
222,，,24.01388396175678,PU,1,12,4.1666403
223,.,3.3652295975453916,PU,1,5,4.3314185
224,，,24.01388396175678,PU,1,9,4.1666403
225,女生,12.725427926689434,NN,2,8,7.39772
226,元,6.754910206421726,M,1,8,6.329227
227,$950,24.01388396175678,NN,4,12,7.269732
228,一,4.847867458993145,CD,1,12,5.320925
229,洗手间,14.514162960693236,NR,3,30,7.239988
230,出租,10.550818733744295,VV,2,12,7.3514414
231,已,7.390917240248654,AD,1,7,7.3514414
232,延长,10.60227173992914,VV,2,17,7.2327523
233,26，300,24.01388396175678,CD,6,11,7.3514414
234,，,24.01388396175678,PU,1,15,4.1666403
235,on+steamer,24.01388396175678,P,10,9,7.3514414
236,，,24.01388396175678,PU,1,10,4.1666403
237,可,7.093452252120851,AD,1,11,3.2731566
238,大,6.052994150617842,VA,1,14,6.119012
239,$2000,24.01388396175678,NN,5,6,7.8836226
240,！,24.01388396175678,PU,1,8,5.9298387
241,附近,9.813848689992001,NN,2,11,7.1670523
242,是,4.463178522257185,VC,1,5,4.328749
243,请,9.09378964655144,VV,1,13,7.1670523
244,。,24.01388396175678,PU,1,5,3.0130775
245,可以,6.39906961183706,VV,2,8,7.1598167
246,，,24.01388396175678,PU,1,11,4.49733
247,可以,6.39906961183706,VV,2,10,7.1735477
248,的,2.7277528723935442,DEG,1,10,4.1759996
249,很,6.723622818117736,AD,1,11,7.198451
250,可以,6.39906961183706,VV,2,11,7.2327523
251,因为,7.203584925473157,P,2,11,5.3795176
252,和,4.681213610519307,CC,1,16,3.4168775
253,$1437,24.01388396175678,NN,5,13,7.39772
254,屋内,14.703336329363573,NN,2,15,7.275574
255,kzhou,24.01388396175678,NR,5,4,7.1807833
256,700-800一,24.01388396175678,CD,8,12,7.4153876
257,。,24.01388396175678,PU,1,11,3.0268083
258,齐全,11.122789557679344,VA,2,12,7.1670523
259,一,4.847867458993145,CD,1,16,5.645244
260,还有,15.886184108939009,CC,2,11,6.508628
261,公寓,11.959774390608453,NN,2,12,7.3514414
262,。,24.01388396175678,PU,1,11,3.0130775
263,家具,11.90869298800786,NN,2,6,7.1807833
264,橱柜,18.593348962484495,NN,2,9,7.3514414
265,（,24.01388396175678,PU,1,8,4.573495
266,家具,11.90869298800786,NN,2,12,7.1807833
267,情况,6.953817044733121,NN,2,7,7.1670523
268,我,5.742656255517172,PN,1,13,6.3825297
269,，,24.01388396175678,PU,1,14,4.1666403
270,一,4.847867458993145,CD,1,11,5.320925
271,。,24.01388396175678,PU,1,11,3.0268083
272,的,2.7277528723935442,DEG,1,14,4.1759996
273,两,6.622455166510385,CD,1,6,7.39772
274,齐全,11.122789557679344,VA,2,9,7.1670523
275,的,2.7277528723935442,DEG,1,10,4.1897306
276,房间,10.717802599032664,NN,2,12,7.3514414
277,一,4.847867458993145,CD,1,6,5.320925
278,好,6.901947304013093,VA,1,8,6.572656
279,桌子,11.832662566399254,NN,2,11,7.2421484
280,可以,6.39906961183706,VV,2,8,7.2327523
281,五,6.89095490164032,CD,1,13,6.7795906
282,国际,7.29228562538852,NN,2,31,6.996117
283,教堂,11.344967633330509,NN,2,11,7.103322
284,毗邻,12.641324621643195,VV,2,14,7.3514414
285,，,24.01388396175678,PU,1,19,4.1666403
286,地点,9.970638807472056,NN,2,8,6.81464
287,可以,6.39906961183706,VV,2,17,7.1598167
288,都,6.185283294221549,AD,1,10,7.1670523
289,租房,13.54255738212823,VV,2,10,7.39772
290,，,24.01388396175678,PU,1,8,4.1666403
291,175-180,24.01388396175678,CD,7,10,7.1807833
292,。,24.01388396175678,PU,1,17,3.0130775
293,，,24.01388396175678,PU,1,10,4.1666403
294,另,7.8635213343132175,AD,1,5,6.51126
295,了,4.559665786076213,SP,1,11,6.6978993
296,20，17,24.01388396175678,CD,5,4,7.1670523
297,，,24.01388396175678,PU,1,25,4.1666403
298,一些,7.13869623838895,CD,2,14,6.71046
299,爱,9.788281681654682,NN,1,8,7.1912155
300,山,9.891299082355856,NN,1,21,6.914836
301,联系,7.951912412664681,NN,2,12,7.1807833
302,床,11.770828682629073,NN,1,13,7.2971773
303,？,24.01388396175678,PU,1,8,5.956181
304,示,9.954338406395783,VV,1,7,7.1735477
305,大,6.052994150617842,VA,1,7,6.132743
306,。,24.01388396175678,PU,1,19,1.0316377
307,2mb/s,11.919195493315712,NT,5,4,7.1807833
308,等等,16.634875834128476,ETC,2,30,6.4618325
309,，,24.01388396175678,PU,1,10,4.1803713
310,求,9.094434990806317,VV,1,8,6.558925
311,顺利,9.712717906608548,VA,2,6,7.1670523
312,个,5.928795457736317,M,1,16,5.762203
313,齐全,11.122789557679344,VA,2,7,7.1670523
314,看,6.722812177952763,VV,1,13,6.572656
315,一下,9.155342537774729,AD,2,7,7.1807833
316,:,6.00177667683379,PU,1,5,3.9137592
317,用品,10.956046305571942,NN,2,15,7.1807833
318,，,24.01388396175678,PU,1,8,4.1666403
319,，,24.01388396175678,PU,1,10,4.1666403
320,个,5.928795457736317,M,1,6,5.726776
321,个,5.928795457736317,M,1,17,5.762203
322,优先,10.03141255424483,VV,2,10,7.1670523
323,楼,9.712738211508153,NN,1,14,7.263266
324,，,24.01388396175678,PU,1,10,4.1666403
325,天窗,15.06620789925709,NN,2,9,7.344206
326,也可,24.01388396175678,AD,2,4,7.1735477
327,安全,8.193192826738375,NN,2,5,7.1598167
328,，,24.01388396175678,PU,1,16,4.1803713
329,比较,7.593600925903995,AD,2,11,7.1598167
330,，,24.01388396175678,PU,1,16,4.1666403
331,附近,9.813848689992001,NN,2,9,7.39772
332,鱼,10.233838936469821,NN,1,4,7.344206
333,感觉,9.121005861775009,VV,2,20,7.1670523
334,扇,13.933338682101796,VA,1,15,7.1735477
335,美金,12.81677944671702,NN,2,11,7.239988
336,。,24.01388396175678,PU,1,12,3.0322783
337,综合,8.264892608687672,VV,2,9,7.239988
338,商量,11.535820459518414,VV,2,5,7.1807833
339,会,6.209646390258391,VV,1,12,6.6978993
340,可以,6.39906961183706,VV,2,9,7.2327523
341,送,9.804289483057966,VV,1,20,7.1735477
342,厨房,11.582833448300246,NN,2,13,7.239988
343,整洁,13.21387990504595,AD,2,22,7.21781
344,厨房,11.582833448300246,NN,2,12,7.3514414
345,，,24.01388396175678,PU,1,13,4.1666403
346,个,5.928795457736317,M,1,11,5.713045
347,俱全,14.115207966217875,NN,2,14,7.1807833
348,吧,10.099559369661504,IJ,1,7,7.1670523
349,地方,7.408354781163697,NN,2,11,6.6978993
350,吊扇,18.6860077929672,NN,2,19,7.1807833
351,。,24.01388396175678,PU,1,8,3.0130775
352,神器,16.688076459161007,VV,2,6,6.8726544
353,:,6.00177667683379,PU,1,29,1.8160627
354,厨房,11.582833448300246,NN,2,13,7.3514414
355,明亮,12.31694670258233,VA,2,15,6.8726544
356,一,4.847867458993145,CD,1,28,5.7105103
357,部分,7.4485316943005335,NN,2,10,7.1735477
358,安全,8.193192826738375,NN,2,23,7.1598167
359,参见,11.260916092700565,VV,2,5,6.572656
360,的,2.7277528723935442,DEG,1,13,4.1897306
361,。,24.01388396175678,PU,1,15,3.0130775
362,共用,12.967400476243734,NR,2,26,7.529367
363,个,5.928795457736317,M,1,15,5.713045
364,看,6.722812177952763,VV,1,14,6.558925
365,一,4.847867458993145,CD,1,20,5.641435
366,住,8.394525626787178,VV,1,7,7.1670523
367,支票,12.333919796857115,NN,2,7,7.1807833
368,都,6.185283294221549,AD,1,16,7.21781
369,可以,6.39906961183706,VV,2,14,7.1735477
370,更,6.9643658826773125,AD,1,22,7.239988
371,就,6.133440848420254,AD,1,13,7.1598167
372,s,11.919195493315712,NN,1,5,5.051855
373,联系,7.951912412664681,NN,2,13,7.1670523
374,$1500,24.01388396175678,NN,5,5,7.275574
375,，,24.01388396175678,PU,1,16,4.1666403
376,一,4.847867458993145,CD,1,25,5.811053
377,火锅,24.01388396175678,NN,2,9,7.344206
378,的,2.7277528723935442,DEG,1,7,4.1759996
379,木质,14.258316539297274,NN,2,3,7.3514414
380,少,7.649553350086998,VA,1,14,6.8863854
381,xfei,24.01388396175678,NR,4,7,7.8777566
382,一,4.847867458993145,CD,1,10,5.320925
383,。,24.01388396175678,PU,1,4,3.0130775
384,费用,8.909136347811963,NN,2,7,7.1807833
385,一,4.847867458993145,CD,1,7,5.7105103
386,免费,11.06351960234349,VA,2,8,6.6841683
387,很多,8.466083900336155,CD,2,9,7.2421484
388,公寓,11.959774390608453,NN,2,10,7.3514414
389,十分,8.193778395397072,AD,2,18,7.239988
390,空调,11.842982639238048,NN,2,7,7.2971773
391,要,6.154497896789039,VV,1,5,7.2331753
392,联系,7.951912412664681,NN,2,7,7.3514414
393,快,8.508438671424836,VA,1,7,7.2624965
394,。,24.01388396175678,PU,1,5,3.0130775
395,租,11.570895045732026,VV,1,24,7.1670523
396,。,24.01388396175678,PU,1,6,3.0130775
397,生活,6.89528478431579,NN,2,8,6.8726544
398,412-638-1020,24.01388396175678,CD,12,6,7.1670523
399,吐血,17.217060243481924,VV,2,3,7.3514414
400,煤,11.040519557040108,NN,1,10,7.1598167
401,，,24.01388396175678,PU,1,17,4.1666403
402,任,8.721627236585485,VV,1,5,5.438441
403,房间,10.717802599032664,NN,2,6,7.3514414
404,。,24.01388396175678,PU,1,9,3.0130775
405,都,6.185283294221549,AD,1,25,7.1670523
406,晚上,9.666270945789917,NT,2,14,6.6841683
407,挺,12.713199200738483,AD,1,15,7.7964864
408,很,6.723622818117736,AD,1,11,7.1670523
409,随机,11.383073132774857,NN,2,6,7.3514414
410,人,5.359821963071103,NN,1,7,5.726776
411,可以,6.39906961183706,VV,2,20,7.1598167
412,有,5.134998086658783,VE,1,9,5.225617
413,一,4.847867458993145,CD,1,8,5.320925
414,去,7.644150990208443,VV,1,12,6.315496
415,不卖,24.01388396175678,AD,2,6,7.1670523
416,。,24.01388396175678,PU,1,14,3.0268083
417,每,7.4990523241899085,PN,1,6,6.734556
418,进行,6.477378491284941,VV,2,11,6.8726544
419,停车,12.046150996062774,NN,2,13,7.3240514
420,卧室,13.152579930518,NN,2,13,7.2162104
421,的,2.7277528723935442,DEG,1,18,4.1897306
422,高,7.330933357006375,VA,1,7,6.4618325
423,看,6.722812177952763,VV,1,5,6.558925
424,是,4.463178522257185,VC,1,6,4.3110814
425,必需品,12.159932359215729,NN,3,9,7.1807833
426,一,4.847867458993145,CD,1,9,5.811053
427,一,4.847867458993145,CD,1,13,5.811053
428,。,24.01388396175678,PU,1,19,3.0268083
429,个,5.928795457736317,M,1,14,5.726776
430,联系,7.951912412664681,NN,2,11,7.1670523
431,低价,24.01388396175678,VA,2,9,7.1670523
432,求,9.094434990806317,VV,1,5,6.6078076
433,家具,11.90869298800786,NN,2,12,7.249384
434,车况,16.368486262328148,NN,2,12,7.3514414
435,有,5.134998086658783,VE,1,24,5.2985525
436,出现,7.539071247746751,VV,2,9,7.2050266
437,可,7.093452252120851,AD,1,9,6.3825297
438,出租,10.550818733744295,VV,2,3,7.3514414
439,。,24.01388396175678,PU,1,8,3.0130775
440,两,6.622455166510385,CD,1,6,7.3514414
441,安静,11.606647560520457,VA,2,16,7.239988
442,兴趣,9.374637969896654,NN,2,8,7.481098
443,饭厅,16.63175959601927,NR,2,26,7.1875896
444,棒球,14.080158226160043,VA,2,11,6.4755635
445,精力,10.456833300234283,NN,2,8,7.21781
446,帮,11.038652619260567,VV,1,4,7.344206
447,。,24.01388396175678,PU,1,33,3.0130775
448,的,2.7277528723935442,DEG,1,11,4.1759996
449,了,4.559665786076213,SP,1,11,6.6978993
450,两,6.622455166510385,CD,1,16,7.39772
451,和,4.681213610519307,CC,1,10,3.547349
452,问卷,11.569558487111854,NN,2,24,7.239988
453,可不可以,24.01388396175678,AD,4,7,7.3514414
454,房间,10.717802599032664,NN,2,9,7.3514414
455,地理,9.603038079621976,NN,2,6,7.2105746
456,单,9.185198821891873,NN,1,15,6.8863854
457,非常,8.291759627895479,AD,2,21,7.1598167
458,试车,13.715015307566508,VV,2,6,7.1807833
459,都,6.185283294221549,AD,1,13,7.2820754
460,车身,13.93577105906117,NN,2,5,7.3514414
461,倾向,9.232310894450837,NN,2,15,7.1670523
462,配,10.462204844036195,VV,1,7,6.8569107
463,有,5.134998086658783,VE,1,15,5.225617
464,很,6.723622818117736,AD,1,4,7.456614
465,，,24.01388396175678,PU,1,23,4.1666403
466,，,24.01388396175678,PU,1,26,4.1666403
467,。,24.01388396175678,PU,1,13,3.0130775
468,开,8.171945451148387,VV,1,18,7.1670523
469,！,24.01388396175678,PU,1,6,5.9298387
470,。,24.01388396175678,PU,1,6,3.0130775
471,台,9.091768144195473,NR,1,7,6.9218125
472,的,2.7277528723935442,DEG,1,8,4.1759996
473,和,4.681213610519307,CC,1,6,3.4168775
474,潜在,10.375777869318176,JJ,2,7,7.1670523
475,1,6.578185937864014,CD,1,6,4.6128607
476,个,5.928795457736317,M,1,20,5.762203
477,一,4.847867458993145,CD,1,9,5.7373633
478,两,6.622455166510385,CD,1,20,7.1807833
479,路段,13.656744493529214,NN,2,12,7.249384
480,中文,11.13688673874365,NN,2,11,6.384449
481,本身,8.650113478753335,PN,2,11,7.1670523
482,全新,16.86947678143564,VA,2,10,7.3514414
483,距离,9.88454708994662,NN,2,10,6.734926
484,语言,8.20701335692874,NN,2,11,6.605678
485,带,8.0481569294404,VV,1,13,7.2327523
486,。,24.01388396175678,PU,1,21,2.6029403
487,所以,7.602624788977464,AD,2,19,6.1919475
488,。,24.01388396175678,PU,1,5,3.0130775
489,.,3.3652295975453916,PU,1,5,4.3314185
490,。,24.01388396175678,PU,1,5,3.0130775
491,的,2.7277528723935442,DEG,1,17,4.1759996
492,：,24.01388396175678,PU,1,5,4.4276857
493,这,5.147475830187222,PN,1,11,7.0391965
494,和,4.681213610519307,CC,1,10,3.4168775
495,了,4.559665786076213,SP,1,10,6.6978993
496,。,24.01388396175678,PU,1,7,3.0268083
497,相对,8.654487432499272,AD,2,9,7.1735477
498,。,24.01388396175678,PU,1,12,3.0130775
499,常,9.398654691151219,AD,1,5,7.1912155
500,房租,12.735441092770756,NN,2,9,8.258524
501,很,6.723622818117736,AD,1,8,7.327216
502,商科,15.691003939986876,NN,2,13,7.310274
503,新,6.61082971441213,VA,1,12,6.558925
504,。,24.01388396175678,PU,1,7,3.0130775
505,全,7.4216633733223825,VA,1,8,6.8726544
506,本人,10.217505256108533,PN,2,18,7.2327523
507,厕所,13.3800497876716,NN,2,3,7.3514414
508,有,5.134998086658783,VE,1,6,5.096284
509,请,9.09378964655144,VV,1,5,7.3514414
510,入住,14.602645647413707,VV,2,4,7.1670523
511,看看,17.920314191711647,VV,2,6,7.1670523
512,细节,10.562749353071979,NN,2,14,7.1807833
513,价值,7.668070835839598,NN,2,8,7.2327523
514,楼,9.712738211508153,NN,1,11,7.1670523
515,卫生间,12.958432945055549,NN,3,14,7.1875896
516,个,5.928795457736317,M,1,17,5.713045
517,：,24.01388396175678,PU,1,5,4.4276857
518,两,6.622455166510385,CD,1,8,7.3514414
519,.,3.3652295975453916,PU,1,7,4.365897
520,上,5.516516112333384,DT,1,15,5.628701
521,为,5.56764322539914,VC,1,6,4.918552
522,市场,6.711629840237225,NN,2,11,7.1670523
523,没,8.435881584195032,AD,1,12,7.1912155
524,。,24.01388396175678,PU,1,3,3.0130775
525,男生,13.55092348863314,NN,2,14,7.3095484
526,考虑,8.319959899191511,VV,2,12,6.8726544
527,可以,6.39906961183706,VV,2,9,7.1598167
528,院子,11.852118543788583,NN,2,4,7.1807833
529,最,7.29431282237448,AD,1,16,6.8726544
530,就,6.133440848420254,AD,1,5,7.1598167
531,，,24.01388396175678,PU,1,8,4.1666403
532,和,4.681213610519307,CC,1,9,3.4168775
533,渠道,9.57116839569456,NN,2,8,7.1670523
534,，,24.01388396175678,PU,1,13,4.1666403
535,方桌,15.828812484224498,NR,2,12,7.1807833
536,性别,10.519459220812008,NN,2,12,6.996589
537,。,24.01388396175678,PU,1,8,3.0130775
538,免费,11.06351960234349,VA,2,7,6.3242297
539,注明,17.218178186583266,VV,2,11,7.1670523
540,私家,13.829852251175339,VV,2,9,7.2971773
541,。,24.01388396175678,PU,1,3,3.1082816
542,赠送,12.552809841592119,VV,2,18,7.3514414
543,~~~,24.01388396175678,NR,3,8,7.1670523
544,、,24.01388396175678,PU,1,13,4.3740377
545,，,24.01388396175678,PU,1,11,4.1803713
546,本科,11.549868349770115,NN,2,22,7.0570436
547,联系,7.951912412664681,NN,2,7,7.2138476
548,后院,13.943823209394838,NN,2,8,7.2971773
549,。,24.01388396175678,PU,1,18,3.0130775
550,和,4.681213610519307,CC,1,33,3.4306083
551,考试,9.886226793537919,NN,2,15,7.249384
552,后院,13.943823209394838,NN,2,7,7.21781
553,好,6.901947304013093,VA,1,12,6.558925
554,读,9.663296240304238,VV,1,6,7.1598167
555,很多,8.466083900336155,CD,2,8,7.1735477
556,感兴趣,18.449363554434086,VV,3,8,7.1807833
557,的,2.7277528723935442,DEG,1,9,4.1759996
558,工作,5.9998331040032795,NN,2,11,6.572656
559,：,24.01388396175678,PU,1,5,4.4414167
560,信息,7.6471341400892765,NN,2,6,7.2837515
561,已,7.390917240248654,AD,1,12,7.3514414
562,准备,8.480319141685055,VV,2,6,7.297524
563,的,2.7277528723935442,DEG,1,13,4.1759996
564,入手,12.177339944530466,VV,2,4,7.1670523
565,，,24.01388396175678,PU,1,9,4.0562763
566,很,6.723622818117736,AD,1,10,7.240411
567,公寓,11.959774390608453,NN,2,11,7.1670523
568,是,4.463178522257185,VC,1,11,4.3110814
569,。,24.01388396175678,PU,1,16,3.0268083
570,桌子,11.832662566399254,NN,2,12,7.1735477
571,门口,12.313649398481559,NN,2,5,7.3514414
572,要,6.154497896789039,VV,1,5,7.1735477
573,风景,10.649943185230693,NN,2,7,7.1807833
574,，,24.01388396175678,PU,1,14,4.1666403
575,人,5.359821963071103,NN,1,15,5.860838
576,是,4.463178522257185,VC,1,5,4.57131
577,毕业,9.149497727034227,VV,2,25,6.8863854
578,又,7.069997900664052,AD,1,17,6.6318607
579,可以,6.39906961183706,VV,2,7,7.1912155
580,负责任,24.01388396175678,VV,3,17,7.1670523
581,。,24.01388396175678,PU,1,7,3.5931375
582,0,7.514111514284092,CD,1,7,4.3740377
583,。,24.01388396175678,PU,1,3,3.0268083
584,近,8.771846581893232,VA,1,8,7.302313
585,。,24.01388396175678,PU,1,6,3.0268083
586,楼,9.712738211508153,NN,1,5,7.3514414
587,。,24.01388396175678,PU,1,7,3.0130775
588,还是,7.840140003261973,AD,2,5,6.3906245
589,住,8.394525626787178,VV,1,7,7.4424596
590,。,24.01388396175678,PU,1,9,3.0130775
591,。,24.01388396175678,PU,1,6,3.0268083
592,不,5.309630429407184,AD,1,9,2.563988
593,道歉,12.733634841134979,VV,2,8,7.1670523
594,请,9.09378964655144,VV,1,8,7.3514414
595,大人,11.941708490026622,NN,2,3,7.344206
596,车,9.107004283650413,NN,1,7,7.3514414
597,请,9.09378964655144,VV,1,13,7.3514414
598,条件,7.232597526009894,NN,2,10,6.572656
599,问,8.401560391914787,VV,1,14,6.8726544
600,回复,12.69202215463735,VV,2,6,7.1950088
601,力,7.79908564640551,NN,1,13,7.1807833
602,用品,10.956046305571942,NN,2,6,7.1670523
603,。,24.01388396175678,PU,1,5,3.0130775
604,很,6.723622818117736,AD,1,30,7.2062798
605,。,24.01388396175678,PU,1,4,3.0130775
606,短期,10.008569906650797,NN,2,14,7.198451
607,免费,11.06351960234349,VA,2,6,6.914836
608,空调,11.842982639238048,NN,2,4,7.1807833
609,服务,7.378581549862925,NN,2,8,6.734926
610,卖,10.646091216899242,VV,1,23,7.1670523
611,变速,14.734297417043784,VV,2,19,7.239988
612,顶,11.881560122119023,NR,1,6,6.94559
613,照片,10.08384187076839,NN,2,9,6.572656
614,宠物,13.820454392368028,NN,2,9,7.249384
615,是,4.463178522257185,VC,1,22,4.328749
616,信息,7.6471341400892765,NN,2,9,7.1735477
617,有,5.134998086658783,VE,1,16,5.225617
618,车,9.107004283650413,NN,1,13,8.271068
619,，,24.01388396175678,PU,1,10,4.1803713
620,好,6.901947304013093,VA,1,12,6.6322837
621,。,24.01388396175678,PU,1,7,3.0268083
622,以及,7.395731159472214,CC,2,6,4.494424
623,的,2.7277528723935442,DEG,1,4,4.1897306
624,水,8.780028928850754,NN,1,7,6.1919475
625,套,9.586499187361328,NR,1,7,7.602457
626,开始,7.440347963222288,VV,2,11,6.3825297
627,硕士,10.755201082120294,NN,2,15,7.2339845
628,房子,10.313797723407998,NN,2,7,6.9234123
629,联系,7.951912412664681,NN,2,6,7.1670523
630,即可,16.593904038094944,NN,2,7,7.1807833
631,不,5.309630429407184,AD,1,6,6.386715
632,站,9.056260790534413,VV,1,6,7.0570436
633,房子,10.313797723407998,NN,2,4,6.8726544
634,搭,13.351438080156973,VV,1,7,7.1670523
635,~,24.01388396175678,PU,1,11,4.4853916
636,一,4.847867458993145,CD,1,8,5.811053
637,，,24.01388396175678,PU,1,7,4.1803713
638,不,5.309630429407184,AD,1,15,2.563988
639,是,4.463178522257185,VC,1,7,4.2973504
640,赞,12.447948676472937,VV,1,14,7.239988
641,哦,12.653037989669757,IJ,1,18,6.8726544
642,短,9.585201141537182,VA,1,9,7.0570436
643,有,5.134998086658783,VE,1,7,5.225617
644,折扣,12.522549923030029,NN,2,5,7.3514414
645,租,11.570895045732026,VV,1,8,7.1670523
646,拎包,17.339322569942354,NR,2,4,7.3514414
647,出来,8.255902877749602,VV,2,9,7.1807833
648,：,24.01388396175678,PU,1,5,4.4276857
649,拎包,17.339322569942354,NR,2,13,7.3240514
650,介意,13.760725939434803,VV,2,16,7.1807833
651,干净,11.91336629523565,VA,2,17,7.1807833
652,我,5.742656255517172,PN,1,10,6.3825297
653,不,5.309630429407184,AD,1,7,6.2062354
654,请,9.09378964655144,VV,1,8,7.3514414
655,要,6.154497896789039,VV,1,13,7.1735477
656,当心,13.989462786325024,VV,2,3,7.3514414
657,没,8.435881584195032,AD,1,6,7.4738626
658,.,3.3652295975453916,PU,1,5,4.3314185
659,方向,8.685673730354045,NN,2,11,6.0079565
660,是,4.463178522257185,VC,1,11,4.2973504
661,房子,10.313797723407998,NN,2,14,7.0391965
662,从来,10.21369518509032,AD,2,13,7.1670523
663,，,24.01388396175678,PU,1,15,4.1803713
664,，,24.01388396175678,PU,1,10,4.1666403
665,。,24.01388396175678,PU,1,15,2.6029403
666,没,8.435881584195032,AD,1,8,7.1735477
667,。,24.01388396175678,PU,1,11,3.0268083
668,的,2.7277528723935442,DEG,1,12,4.1897306
669,手册,11.325406772153976,NN,2,8,7.1670523
670,想,7.909194574514237,VV,1,4,6.4932313
671,。,24.01388396175678,PU,1,14,3.0268083
672,了,4.559665786076213,SP,1,11,7.060108
673,住处,12.09152792818655,NN,2,9,7.1670523
674,能,6.854115083559211,VV,1,13,6.3825297
675,户型,15.715344416381901,NN,2,6,7.1670523
676,朋友,8.956370402388718,NN,2,11,6.6978993
677,有,5.134998086658783,VE,1,16,5.225617
678,。,24.01388396175678,PU,1,14,3.0130775
679,。,24.01388396175678,PU,1,6,3.0130775
680,个,5.928795457736317,M,1,12,5.762203
681,你,6.96104287928241,PN,1,6,6.7433143
682,吗,8.759761060956489,IJ,1,7,7.1735477
683,。,24.01388396175678,PU,1,5,3.0130775
684,。,24.01388396175678,PU,1,11,2.6029403
685,小,7.703771653739696,JJ,1,19,6.4554653
686,死,9.070362843566565,VV,1,3,7.1670523
687,需要,7.1858030399017725,VV,2,4,6.3906245
688,自己,6.558099018479207,PN,2,4,7.3514414
689,，,24.01388396175678,PU,1,9,4.1803713
690,。,24.01388396175678,PU,1,7,3.0130775
691,很,6.723622818117736,AD,1,16,7.239988
692,支持,8.144230311309984,VV,2,3,5.676632
693,感激,11.756828319976544,NN,2,3,7.3514414
694,。,24.01388396175678,PU,1,9,3.0130775
695,，,24.01388396175678,PU,1,28,4.1666403
696,方式,7.514188732408023,NN,2,7,7.1598167
697,适合,9.894526932023957,VV,2,9,7.3095484
698,？,24.01388396175678,PU,1,6,5.956181
699,可以,6.39906961183706,VV,2,5,7.344206
700,。,24.01388396175678,PU,1,6,3.0268083
701,这个,6.921922232013031,PN,2,22,7.0027795
702,超,10.245769040767136,VV,1,10,6.558925
703,一下,9.155342537774729,AD,2,3,7.242259
704,父母,9.530595827430046,NN,2,6,6.1316357
705,水,8.780028928850754,NN,1,17,6.132743
706,非常,8.291759627895479,AD,2,10,7.1735477
707,。,24.01388396175678,PU,1,3,3.0130775
708,求,9.094434990806317,VV,1,3,6.6078076
709,的,2.7277528723935442,DEG,1,11,4.1759996
710,信号,10.624896176426706,NN,2,4,7.1807833
711,上班,11.642368914241905,VV,2,22,7.1670523
712,请,9.09378964655144,VV,1,9,7.3514414
713,8,7.744754483312809,CD,1,6,4.2846
714,拎包,17.339322569942354,NR,2,5,7.1807833
715,设施,8.87301844840331,NN,2,8,7.239988
716,格局,10.196744730800686,NN,2,17,7.2684813
717,椅子,11.941982913738553,NN,2,6,7.1807833
718,证,8.75086894522167,NN,1,15,7.1670523
719,一,4.847867458993145,CD,1,14,5.320925
720,是,4.463178522257185,VC,1,5,4.430604
721,老,9.290829211618915,VA,1,8,7.0570436
722,个,5.928795457736317,M,1,25,5.762203
723,*,24.01388396175678,NN,1,10,4.321229
724,车站,11.92568873133659,NN,2,5,6.9680767
725,搭车,15.753132607056267,NN,2,15,7.3514414
726,房间,10.717802599032664,NN,2,22,7.1875896
727,机制,8.321025861658363,NN,2,6,7.1670523
728,的,2.7277528723935442,DEG,1,12,4.1897306
729,家具,11.90869298800786,NN,2,8,7.239988
730,范围,7.9188683168379885,NN,2,23,7.1598167
731,需要,7.1858030399017725,VV,2,6,6.3906245
732,关注,9.374970188741958,VV,2,11,7.1670523
733,型号,11.96363506151435,NN,2,4,6.8726544
734,问卷,11.569558487111854,NN,2,11,7.21781
735,沙发,13.039566501564995,NN,2,14,7.239988
736,是,4.463178522257185,VC,1,6,4.3110814
737,间,6.89368137920791,NN,1,22,7.2162104
738,的,2.7277528723935442,DEG,1,10,4.1759996
739,（,24.01388396175678,PU,1,11,5.297301
740,。,24.01388396175678,PU,1,5,3.0130775
741,！,24.01388396175678,PU,1,4,5.9298387
742,架子,14.4905593344666,NN,2,3,7.1670523
743,一,4.847867458993145,CD,1,39,5.7105103
744,。,24.01388396175678,PU,1,11,3.0130775
745,出,6.659904918450291,VV,1,3,6.3825297
746,谢谢,11.604417513606675,VV,2,9,7.2124066
747,椅子,11.941982913738553,NN,2,12,7.239988
748,还,6.404130924023894,AD,1,7,7.1807833
749,，,24.01388396175678,PU,1,20,4.1666403
750,餐桌,13.358343730750182,NN,2,26,7.239988
751,家居,13.959350544346874,NN,2,17,7.1670523
752,请问,13.748674224060407,VV,2,8,7.1807833
753,研究生,10.071058166490971,NN,3,23,6.3825297
754,不了,10.064975145029903,AD,2,10,7.1807833
755,小,7.703771653739696,JJ,1,5,6.5610642
756,送给,24.01388396175678,VV,2,35,7.1670523
757,问,8.401560391914787,VV,1,11,6.904053
758,。,24.01388396175678,PU,1,11,3.0130775
759,交换,9.31579375897495,VV,2,7,7.1735477
760,这种,14.365030627626233,PN,2,11,7.4079742
761,任何,7.946854157370017,PN,2,5,7.1598167
762,在,4.514607578933667,P,1,13,4.34258
763,间,6.89368137920791,NN,1,12,7.2162104
764,和,4.681213610519307,CC,1,12,3.4168775
765,小区,11.341630610048316,NN,2,33,7.3514414
766,：,24.01388396175678,PU,1,8,4.4414167
767,功能,8.45288826609644,NN,2,4,6.6841683
768,拎包,17.339322569942354,NR,2,9,7.3514414
769,桌子,11.832662566399254,NN,2,7,7.2327523
770,部位,11.498288254174875,NN,2,13,7.1670523
771,网,9.91966573106963,NN,1,5,7.1598167
772,想,7.909194574514237,VV,1,10,6.534768
773,以上,7.95570690690971,PN,2,8,6.572656
774,？,24.01388396175678,PU,1,3,5.956181
775,？,24.01388396175678,PU,1,10,5.956181
776,不错,11.214661282159163,VA,2,8,7.1670523
777,价格,7.848898331790275,NN,2,7,7.1598167
778,：,24.01388396175678,PU,1,12,5.3653855
779,也,5.753495111341643,AD,1,4,7.0391965
780,国外,9.189363846775185,NN,2,9,7.1735477
781,；,24.01388396175678,PU,1,3,4.961639
782,；,24.01388396175678,PU,1,8,4.961639
783,你,6.96104287928241,PN,1,10,6.7433143
784,邪教,13.069236695300628,NN,2,11,7.1807833
785,。,24.01388396175678,PU,1,3,3.0130775
786,，,24.01388396175678,PU,1,8,4.1803713
787,，,24.01388396175678,PU,1,25,4.1666403
788,啦,11.950556453907378,IJ,1,10,7.1670523
789,因为,7.203584925473157,P,2,8,5.3795176
790,七月,15.433340454839781,NT,2,5,5.252989
791,体验,10.121917119654391,NN,2,15,7.1670523
792,也,5.753495111341643,AD,1,8,6.8863854
793,有,5.134998086658783,VE,1,6,5.225617
794,感谢,10.487901178505256,VV,2,7,7.1670523
795,周日,17.39114763780694,NT,2,9,6.6841683
796,感谢,10.487901178505256,VV,2,10,7.1670523
797,的,2.7277528723935442,DEG,1,14,4.1759996
798,$320,24.01388396175678,NN,4,12,7.1735477
799,，,24.01388396175678,PU,1,22,4.1666403
800,来,5.987159274851616,VV,1,11,6.4755635
801,只,7.58943631113663,AD,1,4,7.1912155
802,求,9.094434990806317,VV,1,5,6.558925
803,，,24.01388396175678,PU,1,10,4.1666403
804,联系,7.951912412664681,NN,2,4,7.1875896
805,。,24.01388396175678,PU,1,9,3.0130775
806,。,24.01388396175678,PU,1,8,3.0130775
807,空间,8.91773043396399,NN,2,17,6.558925
808,，,24.01388396175678,PU,1,14,4.1666403
809,租户,15.54966969513143,VV,2,6,7.1670523
810,么,9.140191172573132,IJ,1,13,6.8863854
811,，,24.01388396175678,PU,1,14,4.1803713
812,~,24.01388396175678,PU,1,4,4.4716606
813,保养,12.482264326739438,NN,2,7,7.239988
814,需要,7.1858030399017725,VV,2,4,6.3906245
815,.,3.3652295975453916,PU,1,6,4.3314185
816,?,24.01388396175678,PU,1,10,5.032995
817,yes,16.27452475906768,NR,3,7,6.4755635
818,谢谢,11.604417513606675,VV,2,20,7.239988
819,！,24.01388396175678,PU,1,4,5.9435697
820,卧室,13.152579930518,NN,2,5,7.3514414
821,问题,6.273012781145629,NN,2,9,7.2524996
822,降价,12.595137316819763,VV,2,10,7.1807833
823,个,5.928795457736317,M,1,13,5.762203
824,的,2.7277528723935442,DEG,1,21,4.1759996
825,价格,7.848898331790275,NN,2,11,7.1735477
826,已,7.390917240248654,AD,1,9,7.1670523
827,拖车,14.225975625072811,NN,2,6,7.1807833
828,。,24.01388396175678,PU,1,9,3.0130775
829,结束,8.962923734970456,VV,2,11,7.1598167
830,问,8.401560391914787,VV,1,11,7.0570436
831,很,6.723622818117736,AD,1,4,7.1670523
832,尺寸,11.382890046063173,NN,2,7,6.107379
833,透明,11.399746257587562,VA,2,10,7.1735477
834,房东,15.21951368253391,NN,2,22,7.3514414
835,可以,6.39906961183706,VV,2,9,7.25042
836,给,7.402959482225365,VV,1,8,6.8863854
837,厨房,11.582833448300246,NN,2,10,7.3514414
838,网上,10.90908595617207,NN,2,5,7.1598167
839,正好,11.089771543073624,AD,2,26,7.239988
840,要,6.154497896789039,VV,1,3,7.1912155
841,业主,11.503065658348946,NN,2,12,7.1670523
842,个,5.928795457736317,M,1,7,5.713045
843,在,4.514607578933667,P,1,7,4.34258
844,家,7.191341067119542,NN,1,13,6.0633636
845,需要,7.1858030399017725,VV,2,11,6.2199664
846,的,2.7277528723935442,DEG,1,13,4.1759996
847,？,24.01388396175678,PU,1,4,5.956181
848,护理,11.757631641683524,NN,2,3,7.1670523
849,打印机,13.086202397255999,NN,3,4,7.1598167
850,门口,12.313649398481559,NN,2,12,7.1670523
851,，,24.01388396175678,PU,1,9,4.1803713
852,入门,13.570109075305043,NN,2,13,7.1807833
853,内容,7.494205930732556,NN,2,13,6.9234123
854,独立,8.339548920200428,VA,2,5,7.4738626
855,方式,7.514188732408023,NN,2,5,7.1598167
856,。,24.01388396175678,PU,1,15,3.0130775
857,十一,15.340884319202344,CD,2,11,7.1735477
858,交给,17.530776610299583,VV,2,5,7.1807833
859,入住,14.602645647413707,VV,2,11,7.1670523
860,非常,8.291759627895479,AD,2,6,7.310274
861,最,7.29431282237448,AD,1,13,6.8863854
862,样子,10.895653111492477,NN,2,6,7.1670523
863,您,9.626433301738768,PN,1,5,7.3514414
864,正常,8.969488693849502,VA,2,12,7.1807833
865,经历,9.12649633742232,NN,2,12,7.1670523
866,条件,7.232597526009894,NN,2,14,6.558925
867,短信,13.28962587920391,NN,2,9,7.1807833
868,卧室,13.152579930518,NN,2,13,7.1670523
869,，,24.01388396175678,PU,1,6,4.1666403
870,，,24.01388396175678,PU,1,9,4.1803713
871,沙发,13.039566501564995,NN,2,7,7.1670523
872,？,24.01388396175678,PU,1,5,5.969912
873,国家,6.242752414071541,NN,2,21,6.4755635
874,卖,10.646091216899242,VV,1,6,7.1670523
875,访问,9.532559907885418,VV,2,8,6.7433143
876,为,5.56764322539914,VC,1,9,4.918552
877,背面,13.576303578516315,NN,2,19,7.1670523
878,有,5.134998086658783,VE,1,11,5.225617
879,，,24.01388396175678,PU,1,22,4.1803713
880,各,6.478125693254079,PN,1,14,7.239988
881,！,24.01388396175678,PU,1,3,5.9298387
882,只有,7.764866808476677,AD,2,7,6.270224
883,坐标,11.922341523071603,VV,2,8,6.94559
884,朋友,8.956370402388718,NN,2,13,6.6841683
885,后,6.626665665978713,AD,1,20,6.2574387
886,也,5.753495111341643,AD,1,8,6.8863854
887,。,24.01388396175678,PU,1,4,3.0130775
888,往返,12.63808491520803,VV,2,4,7.1807833
889,后面,10.868186943526545,NN,2,7,7.1670523
890,feiwang,24.01388396175678,NR,7,4,7.8777566
891,省,7.5115080928718,NN,1,9,7.1735477
892,指点,12.351229004593257,VV,2,9,7.1670523
893,。,24.01388396175678,PU,1,5,3.0130775
894,。,24.01388396175678,PU,1,10,3.0130775
895,损伤,11.500720076226724,NR,2,6,7.1670523
896,天,7.98268413082869,NN,1,9,6.3962607
897,工作,5.9998331040032795,NN,2,5,6.6057205
898,，,24.01388396175678,PU,1,12,4.1803713
899,欢迎,9.423448099188553,VV,2,10,7.239988
900,。,24.01388396175678,PU,1,6,3.0268083
901,停,10.502771751229423,VV,1,7,7.1670523
902,。,24.01388396175678,PU,1,3,3.0130775
903,大,6.052994150617842,VA,1,6,6.3496795
904,拎包,17.339322569942354,NR,2,18,7.239988
905,李,10.077006575377496,NR,1,9,6.6841683
906,，,24.01388396175678,PU,1,7,4.1666403
907,大家,8.63163069757805,PN,2,3,7.3514414
908,方便,9.902290219710169,VA,2,15,7.1670523
909,_,12.435030316672446,PU,1,7,3.8120434
910,五,6.89095490164032,CD,1,6,6.6841683
911,心理,8.590957333905248,NN,2,9,7.1598167
912,硬木,15.791330323359823,VA,2,9,7.8777566
913,就是,6.820076207911203,AD,2,10,5.798504
914,带,8.0481569294404,VV,1,12,7.1735477
915,。,24.01388396175678,PU,1,8,3.0268083
916,？,24.01388396175678,PU,1,7,5.956181
917,信息,7.6471341400892765,NN,2,6,7.2105746
918,已,7.390917240248654,AD,1,3,7.198451
919,捕获,13.380676248429868,VV,2,16,7.1670523
920,女,9.244199391190772,NN,1,14,6.3962607
921,含,10.75983814999827,VV,1,7,7.1598167
922,环境,7.4728191628357115,NN,2,15,7.2327523
923,非常,8.291759627895479,AD,2,10,7.2327523
924,要求,7.142817252461446,VV,2,12,6.572656
925,适应性,18.357892150936927,NR,3,15,7.21781
926,租,11.570895045732026,VV,1,6,7.1670523
927,房租,12.735441092770756,NN,2,10,7.890858
928,谢谢,11.604417513606675,VV,2,24,7.239988
929,如果,7.270952894445987,CS,2,12,4.51397
930,：,24.01388396175678,PU,1,5,4.570182
931,需要,7.1858030399017725,VV,2,8,6.279171
932,表现,7.667002944494603,NN,2,13,7.1598167
933,卫生间,12.958432945055549,NN,3,10,7.3514414
934,也,5.753495111341643,AD,1,13,6.8726544
935,都,6.185283294221549,AD,1,12,7.1670523
936,，,24.01388396175678,PU,1,10,4.1803713
937,出租,10.550818733744295,VV,2,6,7.1807833
938,度,8.353605852931963,M,1,20,6.1604376
939,好,6.901947304013093,VA,1,7,6.558925
940,非常,8.291759627895479,AD,2,3,7.1598167
941,，,24.01388396175678,PU,1,10,4.2274003
942,在,4.514607578933667,P,1,8,4.34258
943,，,24.01388396175678,PU,1,15,4.1803713
944,~,24.01388396175678,PU,1,8,4.4716606
945,是,4.463178522257185,VC,1,4,4.328749
946,问,8.401560391914787,VV,1,8,6.8726544
947,嘛,13.230977152122403,IJ,1,8,7.2971773
948,。,24.01388396175678,PU,1,9,3.0130775
949,主,8.124186644329326,JJ,1,6,6.3825297
950,用,7.056989652233064,VV,1,15,5.798504
951,，,24.01388396175678,PU,1,18,4.1803713
952,接受,8.382478875752287,VV,2,5,6.6978993
953,。,24.01388396175678,PU,1,15,3.1555736
954,三,6.294963404035604,CD,1,6,6.623399
955,买卖,10.160607594652825,NN,2,13,7.1807833
956,可,7.093452252120851,AD,1,5,6.5426936
957,吃饭,10.934104546893748,VV,2,8,7.1598167
958,国内,8.060469458559199,NN,2,9,6.299195
959,房间,10.717802599032664,NN,2,8,7.3514414
960,。,24.01388396175678,PU,1,8,3.0268083
961,，,24.01388396175678,PU,1,15,4.1803713
962,了,4.559665786076213,SP,1,8,6.6841683
963,齐全,11.122789557679344,VA,2,13,7.1670523
964,个,5.928795457736317,M,1,11,5.84317
965,五,6.89095490164032,CD,1,17,6.757104
966,等,6.521506132939263,VV,1,28,5.696804
967,；,24.01388396175678,PU,1,7,5.226938
968,签证,11.908383315152637,NN,2,15,7.1598167
969,你,6.96104287928241,PN,1,31,6.572656
970,，,24.01388396175678,PU,1,14,4.1666403
971,出,6.659904918450291,VV,1,5,6.3825297
972,？,24.01388396175678,PU,1,7,5.969912
973,主,8.124186644329326,JJ,1,11,6.3825297
974,爱护,12.108666440255321,VV,2,11,7.1670523
975,还,6.404130924023894,AD,1,10,7.1807833
976,的,2.7277528723935442,DEG,1,8,4.1759996
977,alxiwsjv_b2tgqhpyl5w80,24.01388396175678,NN,22,10,7.3514414
978,有,5.134998086658783,VE,1,6,5.225617
979,好,6.901947304013093,VA,1,3,6.572656
980,感谢,10.487901178505256,VV,2,5,7.3514414
981,有,5.134998086658783,VE,1,21,5.239348
982,试,10.205744503723288,VV,1,17,7.344206
983,所以,7.602624788977464,AD,2,11,6.1919475
984,都,6.185283294221549,AD,1,13,7.2818627
985,拎包,17.339322569942354,NR,2,7,7.21781
986,浴室,13.312709049386784,NN,2,9,7.1670523
987,（,24.01388396175678,PU,1,11,4.573495
988,并,6.317733578972549,AD,1,8,7.1598167
989,勿,13.666929278979481,NR,1,9,7.239988
990,没,8.435881584195032,AD,1,10,7.2105746
991,齐全,11.122789557679344,VA,2,14,7.1807833
992,是,4.463178522257185,VC,1,11,4.328749
993,。,24.01388396175678,PU,1,8,3.0268083
994,商量,11.535820459518414,VV,2,7,7.1807833
995,请,9.09378964655144,VV,1,11,7.239988
996,？,24.01388396175678,PU,1,6,5.969912
997,好友,24.01388396175678,NN,2,12,7.246615
998,是,4.463178522257185,VC,1,5,4.2973504
999,算,9.502229218740421,VV,1,5,7.1807833
1000,计划,7.282690471267386,NN,2,13,7.1598167
1001,，,24.01388396175678,PU,1,9,4.1803713
1002,包,10.057120399689552,VV,1,10,6.695786
1003,也,5.753495111341643,AD,1,8,6.8863854
1004,人,5.359821963071103,NN,1,8,5.7335825
1005,联系,7.951912412664681,NN,2,6,7.1670523
1006,清晰,10.45056736160328,VA,2,11,7.1670523
1007,方便,9.902290219710169,VA,2,7,7.1670523
1008,！,24.01388396175678,PU,1,11,5.9298387
1009,可能,7.103937895180485,AD,2,12,7.239988
1010,生活,6.89528478431579,NN,2,18,6.8726544
1011,的,2.7277528723935442,DEG,1,15,4.287747
1012,。,24.01388396175678,PU,1,7,3.1555736
1013,污渍,19.234760468645252,NN,2,7,7.1807833
1014,外地,10.91265433720328,NN,2,13,7.2683387
1015,，,24.01388396175678,PU,1,7,4.1666403
1016,请,9.09378964655144,VV,1,6,7.239988
1017,，,24.01388396175678,PU,1,10,4.1803713
1018,打印机,13.086202397255999,NN,3,4,7.1912155
1019,！,24.01388396175678,PU,1,6,5.9298387
1020,？,24.01388396175678,PU,1,8,5.956181
1021,两,6.622455166510385,CD,1,13,7.198451
1022,非常,8.291759627895479,AD,2,7,7.1598167
1023,冬天,11.157198533012107,NT,2,21,7.3514414
1024,如,7.360286777020611,AD,1,8,5.516575
1025,了,4.559665786076213,SP,1,6,6.6841683
1026,！,24.01388396175678,PU,1,5,5.9298387
1027,老板,10.928875678854938,NN,2,5,7.3514414
1028,同学,10.752844448643357,NN,2,7,7.239988
1029,商量,11.535820459518414,VV,2,14,7.1670523
1030,因此,7.163977447197706,AD,2,13,6.233373
1031,很,6.723622818117736,AD,1,5,7.1670523
1032,考,10.107986231217966,VV,1,14,7.2787995
1033,“,24.01388396175678,PU,1,18,5.235837
1034,。,24.01388396175678,PU,1,11,3.0130775
1035,即,7.678603598151687,VC,1,13,5.603872
1036,多,6.461691106083062,VA,1,12,6.94559
1037,顶,11.881560122119023,NR,1,6,6.8863854
1038,只,7.58943631113663,AD,1,10,7.344206
1039,能,6.854115083559211,VV,1,8,6.566919
1040,也,5.753495111341643,AD,1,9,6.8726544
1041,这,5.147475830187222,PN,1,8,6.8726544
1042,，,24.01388396175678,PU,1,6,4.1666403
1043,房,9.318918040269944,NN,1,10,7.446082
1044,的,2.7277528723935442,DEG,1,8,4.1759996
1045,毕业,9.149497727034227,VV,2,3,6.8726544
1046,。,24.01388396175678,PU,1,4,3.0268083
1047,简单,8.808538318441393,VA,2,10,7.193344
1048,或,6.86730607567808,CC,1,7,3.716832
1049,摊,13.116866897005696,VV,1,4,7.803722
1050,，,24.01388396175678,PU,1,16,4.1803713
1051,下,6.514105792898052,DT,1,13,6.2062354
1052,环境,7.4728191628357115,NN,2,9,7.1598167
1053,？,24.01388396175678,PU,1,7,6.0866528
1054,请,9.09378964655144,VV,1,10,7.3514414
1055,爱,9.788281681654682,NN,1,15,7.3904843
1056,向,7.206008292772942,P,1,8,5.910963
1057,，,24.01388396175678,PU,1,15,4.1803713
1058,好,6.901947304013093,VA,1,6,6.558925
1059,每,7.4990523241899085,PN,1,6,6.558925
1060,申请,8.884721781113427,NN,2,7,7.1670523
1061,和,4.681213610519307,CC,1,10,3.4168775
1062,至少,9.378548198879246,AD,2,6,7.3514414
1063,比,7.675160721864902,P,1,10,5.77601
1064,，,24.01388396175678,PU,1,8,4.1803713
1065,。,24.01388396175678,PU,1,14,3.224513
1066,无,7.631727486303152,VE,1,10,6.2574387
1067,我,5.742656255517172,PN,1,10,6.3825297
1068,然后,8.564008954910841,AD,2,19,7.1735477
1069,的,2.7277528723935442,DEG,1,14,4.1759996
1070,。,24.01388396175678,PU,1,7,3.0130775
1071,我,5.742656255517172,PN,1,13,6.3825297
1072,请,9.09378964655144,VV,1,17,7.1670523
1073,了,4.559665786076213,SP,1,8,6.6841683
1074,了,4.559665786076213,SP,1,26,6.6978993
1075,欢迎,9.423448099188553,VV,2,11,7.21781
1076,欢迎,9.423448099188553,VV,2,4,7.3514414
1077,的,2.7277528723935442,DEG,1,7,4.1759996
1078,降价,12.595137316819763,VV,2,10,7.3514414
1079,提供,7.614861025642059,VV,2,7,5.918734
1080,不,5.309630429407184,AD,1,15,6.2199664
1081,～,24.01388396175678,PU,1,15,4.922048
1082,您,9.626433301738768,PN,1,9,7.1807833
1083,。,24.01388396175678,PU,1,8,3.0495558
1084,远离,24.01388396175678,NR,2,7,7.2327523
1085,）,24.01388396175678,PU,1,13,4.5667963
1086,朋友,8.956370402388718,NN,2,6,6.715567
1087,可以,6.39906961183706,VV,2,8,7.8836226
1088,的,2.7277528723935442,DEG,1,14,4.1897306
1089,车啦,24.01388396175678,NN,2,6,7.1670523
1090,全,7.4216633733223825,VA,1,11,6.8863854
1091,可是,9.123701069366472,AD,2,11,6.734926
1092,只,7.58943631113663,AD,1,12,7.1735477
1093,$18700,24.01388396175678,NN,6,7,7.39772
1094,温馨,13.99256893010745,NR,2,11,7.1807833
1095,需要,7.1858030399017725,VV,2,11,6.2199664
1096,。,24.01388396175678,PU,1,17,3.0130775
1097,检查,9.133325482273861,NN,2,13,6.9234123
1098,的,2.7277528723935442,DEG,1,11,4.1759996
1099,。,24.01388396175678,PU,1,7,3.0130775
1100,台,9.091768144195473,NR,1,11,6.9218125
1101,。,24.01388396175678,PU,1,10,3.0130775
1102,只,7.58943631113663,AD,1,20,7.2327523
1103,好,6.901947304013093,VA,1,25,6.572656
1104,是,4.463178522257185,VC,1,12,4.370709
1105,的,2.7277528723935442,DEG,1,7,4.1897306
1106,。,24.01388396175678,PU,1,2,3.0268083
1107,搬家,13.312213765826826,VV,2,6,7.1807833
1108,中央,7.356490397161874,NN,2,4,7.310274
1109,安静,11.606647560520457,VA,2,9,7.1670523
1110,是否,8.420042022477,AD,2,6,7.3514414
1111,还,6.404130924023894,AD,1,6,7.240411
1112,~~~~,24.01388396175678,PU,4,4,7.1807833
1113,（,24.01388396175678,PU,1,12,4.573495
1114,租,11.570895045732026,VV,1,7,7.3514414
1115,去,7.644150990208443,VV,1,14,6.329227
1116,发射,10.99703889023628,VV,2,13,7.1670523
1117,运送,12.050609255824941,VV,2,31,7.1807833
1118,，,24.01388396175678,PU,1,8,4.26932
1119,租车,14.652110886020388,NN,2,31,7.1807833
1120,不,5.309630429407184,AD,1,17,6.3663993
1121,家具,11.90869298800786,NN,2,4,7.1807833
1122,能够,8.066436190869974,VV,2,16,7.1670523
1123,可,7.093452252120851,AD,1,4,6.5610642
1124,学生,7.854492732436738,NN,2,6,7.1735477
1125,的,2.7277528723935442,DEG,1,12,4.1897306
1126,羊毛,13.437043855988886,NN,2,4,7.1598167
1127,；,24.01388396175678,PU,1,9,4.947908
1128,?,24.01388396175678,PU,1,7,5.046726
1129,链接,12.286193951503229,NN,2,7,7.1807833
1130,公司,6.742235887223223,NN,2,15,6.138367
1131,调研,10.911152026301679,VV,2,14,7.1670523
1132,：,24.01388396175678,PU,1,4,4.4414167
1133,还,6.404130924023894,AD,1,6,7.239988
1134,个,5.928795457736317,M,1,23,5.84317
1135,你,6.96104287928241,PN,1,11,6.7433143
1136,身份,9.48278394562579,NN,2,24,7.1807833
1137,我,5.742656255517172,PN,1,9,6.3962607
1138,有,5.134998086658783,VE,1,7,5.2985525
1139,注重,9.893383725788977,VV,2,7,7.239988
1140,的,2.7277528723935442,DEG,1,7,4.8998055
1141,在,4.514607578933667,P,1,9,4.328849
1142,是,4.463178522257185,VC,1,5,4.2973504
1143,一,4.847867458993145,CD,1,6,5.594116
1144,插,12.82062671509619,VV,1,5,7.1598167
1145,任何,7.946854157370017,PN,2,13,7.1735477
1146,（,24.01388396175678,PU,1,8,4.573495
1147,或,6.86730607567808,CC,1,13,3.716832
1148,客厅,12.531830160453639,NN,2,7,7.1670523
1149,无需,12.0275606344728,NN,2,9,7.239988
1150,caps+pouch,24.01388396175678,NR,10,7,7.1670523
1151,陶冶,13.022120692653926,VV,2,18,7.239988
1152,帮助,8.558398332911953,VV,2,16,7.870521
1153,很,6.723622818117736,AD,1,8,7.1670523
1154,。,24.01388396175678,PU,1,12,3.0268083
1155,可,7.093452252120851,AD,1,21,6.5426936
1156,学校,7.917811960740422,NN,2,14,6.915177
1157,所在,9.969293109859905,VV,2,3,7.1670523
1158,能,6.854115083559211,VV,1,8,6.566919
1159,个,5.928795457736317,M,1,7,5.809259
1160,。,24.01388396175678,PU,1,7,3.0130775
1161,要,6.154497896789039,VV,1,5,7.220577
1162,发,7.838862946334631,VV,1,14,6.8726544
1163,放心,10.81893019171166,VV,2,10,7.2138476
1164,好,6.901947304013093,VA,1,3,6.558925
1165,床,11.770828682629073,NN,1,14,7.1807833
1166,卖,10.646091216899242,VV,1,10,7.1670523
1167,。,24.01388396175678,PU,1,10,3.0268083
1168,到,5.759027415452407,VV,1,8,4.4722433
1169,都,6.185283294221549,AD,1,20,7.1670523
1170,退还,12.052344503469287,VV,2,10,7.1670523
1171,深度,10.49794723712039,NN,2,15,7.2971773
1172,微波炉,15.291303940615592,NR,3,4,7.246615
1173,超市,13.01311834356568,NN,2,5,7.1807833
1174,可以,6.39906961183706,VV,2,3,7.344206
1175,是,4.463178522257185,VC,1,5,4.2973504
1176,超过,8.633782659364394,VV,2,13,7.1735477
1177,员工,10.21896700382516,NN,2,18,7.1670523
1178,男生,13.55092348863314,NN,2,8,7.239988
1179,。,24.01388396175678,PU,1,4,3.0130775
1180,哪里,10.06923200811934,PN,2,14,7.2140465
1181,，,24.01388396175678,PU,1,18,4.1666403
1182,半,9.628851416104977,CD,1,6,7.1670523
1183,。,24.01388396175678,PU,1,15,3.0130775
1184,大,6.052994150617842,VA,1,3,6.020394
1185,区域,8.5780839825297,NN,2,10,6.6978993
1186,啊,10.827095194613996,IJ,1,6,6.4755635
1187,驾照,16.122553204094892,NN,2,8,7.191703
1188,留,9.085264369219706,VV,1,16,7.1670523
1189,。,24.01388396175678,PU,1,9,3.0268083
1190,~,24.01388396175678,PU,1,8,4.4716606
1191,站台,13.670014709208928,NN,2,8,7.1670523
1192,沿途,13.436381080976734,AD,2,7,7.3514414
1193,椅子,11.941982913738553,NN,2,7,7.1807833
1194,个,5.928795457736317,M,1,9,5.713045
1195,一,4.847867458993145,CD,1,8,5.320925
1196,真的,24.01388396175678,VA,2,20,7.1598167
1197,。,24.01388396175678,PU,1,9,3.0130775
1198,！,24.01388396175678,PU,1,9,5.9298387
1199,可以,6.39906961183706,VV,2,19,7.2327523
1200,需要,7.1858030399017725,VV,2,12,6.748581
1201,木质,14.258316539297274,NN,2,15,7.3514414
1202,有,5.134998086658783,VE,1,9,5.225617
1203,一,4.847867458993145,CD,1,6,5.320925
1204,。,24.01388396175678,PU,1,10,3.0268083
1205,.,3.3652295975453916,PU,1,4,4.3314185
1206,图,9.08727374126182,NN,1,10,6.315496
1207,位置,9.278003801830641,NN,2,11,6.195564
1208,！,24.01388396175678,PU,1,13,5.9298387
1209,。,24.01388396175678,PU,1,14,3.0268083
1210,俱乐部,11.115301838956189,NN,3,10,7.4388466
1211,入住,14.602645647413707,VV,2,8,7.2138476
1212,食物,10.613252686511288,NN,2,3,6.51126
1213,费用,8.909136347811963,NN,2,13,7.3514414
1214,装修,12.826010196708337,NN,2,6,7.1670523
1215,hk,16.90074185304969,NR,2,6,7.1670523
1216,可以,6.39906961183706,VV,2,17,7.1735477
1217,照明,12.56834908119275,NN,2,10,7.1598167
1218,不,5.309630429407184,AD,1,15,6.4816427
1219,，,24.01388396175678,PU,1,10,4.1803713
1220,好,6.901947304013093,VA,1,9,6.558925
1221,条,8.047135291333012,M,1,8,6.2553935
1222,卧室,13.152579930518,NN,2,8,7.239988
1223,说明书,11.883656180519937,NN,3,19,7.249384
1224,非常,8.291759627895479,AD,2,10,7.310274
1225,的,2.7277528723935442,DEG,1,5,4.1897306
1226,烤肉,16.045218261290547,VV,2,13,7.3112745
1227,，,24.01388396175678,PU,1,7,4.1803713
1228,同学,10.752844448643357,NN,2,15,7.21781
1229,~~~,24.01388396175678,NR,3,3,7.1670523
1230,。,24.01388396175678,PU,1,13,3.0130775
1231,这,5.147475830187222,PN,1,9,6.8726544
1232,交通,8.592205431791072,NN,2,5,7.1598167
1233,物品,10.269530043108988,NN,2,7,7.187773
1234,，,24.01388396175678,PU,1,11,4.1666403
1235,，,24.01388396175678,PU,1,24,4.1803713
1236,.,3.3652295975453916,PU,1,6,4.356689
1237,告知,11.742327929115515,VV,2,4,7.1670523
1238,提供,7.614861025642059,VV,2,5,5.918734
1239,衣物,13.564184336784406,NN,2,10,7.1670523
1240,。,24.01388396175678,PU,1,10,3.0268083
1241,4/28,7.493399797224106,CD,4,7,7.290008
1242,考虑,8.319959899191511,VV,2,7,6.8726544
1243,，,24.01388396175678,PU,1,9,4.1666403
1244,租,11.570895045732026,VV,1,9,7.3499103
1245,。,24.01388396175678,PU,1,12,3.0268083
1246,。,24.01388396175678,PU,1,5,3.0268083
1247,卧室,13.152579930518,NN,2,6,7.3514414
1248,希望,8.3490009018571,VV,2,17,6.715567
1249,$450,24.01388396175678,NN,4,6,7.8777566
1250,。,24.01388396175678,PU,1,4,3.0130775
1251,房间,10.717802599032664,NN,2,14,7.1807833
1252,顶,11.881560122119023,NR,1,6,7.0570436
1253,，,24.01388396175678,PU,1,11,4.1666403
1254,。,24.01388396175678,PU,1,3,3.0268083
1255,自动,9.965769146422284,VA,2,6,7.2138476
1256,，,24.01388396175678,PU,1,6,4.1803713
1257,厨房,11.582833448300246,NN,2,9,7.249384
1258,固定,9.118242515625225,JJ,2,8,7.003126
1259,随时,10.203812167088786,AD,2,14,7.1670523
1260,！,24.01388396175678,PU,1,4,5.9435697
1261,旧,9.804613198231905,JJ,1,7,2.4100163
1262,全,7.4216633733223825,VA,1,8,6.8726544
1263,窗,12.031236157099015,NN,1,9,7.1598167
1264,房子,10.313797723407998,NN,2,7,6.8863854
1265,---------------------------------,24.01388396175678,PU,33,5,7.3514414
1266,。,24.01388396175678,PU,1,9,3.0130775
1267,。,24.01388396175678,PU,1,16,3.0130775
1268,安全,8.193192826738375,NN,2,16,7.1598167
1269,有,5.134998086658783,VE,1,5,5.096284
1270,：,24.01388396175678,PU,1,5,4.4414167
1271,，,24.01388396175678,PU,1,13,4.1666403
1272,！,24.01388396175678,PU,1,8,6.6536446
1273,和,4.681213610519307,CC,1,7,3.4306083
1274,。,24.01388396175678,PU,1,7,3.0268083
1275,：,24.01388396175678,PU,1,11,4.4414167
1276,：,24.01388396175678,PU,1,6,4.4276857
1277,杂七杂八,18.274091049577546,NN,4,11,7.3514414
1278,的,2.7277528723935442,DEG,1,12,4.249358
1279,一,4.847867458993145,CD,1,14,5.653321
1280,有,5.134998086658783,VE,1,11,5.2570157
1281,车站,11.92568873133659,NN,2,5,7.0027795
1282,，,24.01388396175678,PU,1,13,4.2253776
1283,价格,7.848898331790275,NN,2,5,7.2327523
1284,联系,7.951912412664681,NN,2,12,7.21781
1285,三,6.294963404035604,CD,1,14,6.682388
1286,还,6.404130924023894,AD,1,14,7.2272425
1287,到,5.759027415452407,VV,1,7,4.4722433
1288,采光,16.07829657616758,NN,2,21,7.239988
1289,房租,12.735441092770756,NN,2,18,7.21781
1290,.,3.3652295975453916,PU,1,4,4.3314185
1291,是,4.463178522257185,VC,1,15,4.2973504
1292,的,2.7277528723935442,DEG,1,11,4.1759996
1293,年,4.8260469228341565,NN,1,9,4.286875
1294,房东,15.21951368253391,NN,2,12,7.3514414
1295,全景,13.883420211886266,NN,2,8,6.953135
1296,；,24.01388396175678,PU,1,4,4.947908
1297,，,24.01388396175678,PU,1,13,4.1666403
1298,的,2.7277528723935442,DEG,1,10,4.1759996
1299,。,24.01388396175678,PU,1,7,3.0130775
1300,租房,13.54255738212823,VV,2,4,7.8777566
1301,精装,15.17576736410896,VA,2,8,7.1670523
1302,，,24.01388396175678,PU,1,15,4.1666403
1303,。,24.01388396175678,PU,1,13,3.0130775
1304,，,24.01388396175678,PU,1,23,4.1666403
1305,个,5.928795457736317,M,1,8,5.84317
1306,聚会,12.200002415104233,NN,2,13,7.2138476
1307,用,7.056989652233064,VV,1,6,2.4786508
1308,朝向,13.349824252345918,VV,2,4,7.3514414
1309,！,24.01388396175678,PU,1,5,5.9435697
1310,要,6.154497896789039,VV,1,14,7.2327523
1311,则,7.639889595326381,AD,1,9,3.2718248
1312,也,5.753495111341643,AD,1,5,6.8726544
1313,厨房,11.582833448300246,NN,2,19,7.1807833
1314,很,6.723622818117736,AD,1,19,7.1807833
1315,之前,8.975234645392016,AD,2,20,6.734556
1316,包,10.057120399689552,VV,1,7,6.6978993
1317,。,24.01388396175678,PU,1,9,3.0268083
1318,思考,9.439614059905088,VV,2,11,7.2327523
1319,种,5.5685946965544995,M,1,16,6.558925
1320,都,6.185283294221549,AD,1,14,7.239988
1321,。,24.01388396175678,PU,1,6,3.0268083
1322,胜利,8.701815093518343,NN,2,9,7.1670523
1323,分钟,9.927513026034529,M,2,6,6.572656
1324,：,24.01388396175678,PU,1,5,4.4276857
1325,，,24.01388396175678,PU,1,6,4.1803713
1326,，,24.01388396175678,PU,1,5,4.1666403
1327,用具,12.891929158744263,NN,2,30,7.1807833
1328,看,6.722812177952763,VV,1,7,6.558925
1329,都,6.185283294221549,AD,1,5,7.1670523
1330,房间,10.717802599032664,NN,2,5,7.3514414
1331,设施,8.87301844840331,NN,2,4,7.1670523
1332,枕头,14.251096291323789,NN,2,14,7.1598167
1333,个,5.928795457736317,M,1,7,5.762203
1334,应有尽有,14.154400544718708,VV,4,4,7.1670523
1335,没有,6.413713221508585,AD,2,5,6.953135
1336,的,2.7277528723935442,DEG,1,5,4.2073984
1337,抽屉,13.667924575483392,NN,2,5,7.198451
1338,停车,12.046150996062774,NN,2,9,7.6584716
1339,，,24.01388396175678,PU,1,15,4.3091364
1340,：,24.01388396175678,PU,1,6,4.4276857
1341,人,5.359821963071103,NN,1,8,5.7335825
1342,户型,15.715344416381901,NN,2,14,7.3514414
1343,，,24.01388396175678,PU,1,9,4.1803713
1344,.,3.3652295975453916,PU,1,5,4.4108734
1345,、,24.01388396175678,PU,1,7,4.3740377
1346,。,24.01388396175678,PU,1,4,3.0130775
1347,回,8.450570872611438,VV,1,6,6.8726544
1348,就,6.133440848420254,AD,1,8,7.1598167
1349,:,6.00177667683379,PU,1,5,3.9137592
1350,。,24.01388396175678,PU,1,13,3.0268083
1351,微波炉,15.291303940615592,NR,3,9,7.1807833
1352,大,6.052994150617842,VA,1,8,6.132743
1353,匹,12.655042512169267,NN,1,18,7.239988
1354,老公,14.446638672287811,NN,2,7,7.239988
1355,有,5.134998086658783,VE,1,8,5.096284
1356,厨房,11.582833448300246,NN,2,11,7.1670523
1357,，,24.01388396175678,PU,1,10,4.890446
1358,共享,11.064244347674764,VV,2,8,7.206612
1359,带,8.0481569294404,VV,1,23,7.1598167
1360,室,9.090511359649865,NN,1,6,7.208975
1361,的,2.7277528723935442,DEG,1,25,4.1897306
1362,一,4.847867458993145,CD,1,7,5.580385
1363,寄存,14.076139920542563,VV,2,12,7.1670523
1364,可以,6.39906961183706,VV,2,4,7.1598167
1365,：,24.01388396175678,PU,1,3,4.4276857
1366,是,4.463178522257185,VC,1,7,4.2973504
1367,和,4.681213610519307,CC,1,9,3.4306083
1368,两,6.622455166510385,CD,1,5,7.803722
1369,。,24.01388396175678,PU,1,7,3.0130775
1370,刚,10.750470775980656,AD,1,10,7.39772
1371,。,24.01388396175678,PU,1,4,3.0130775
1372,电池,12.413625504853886,NN,2,9,7.1670523
1373,～,24.01388396175678,PU,1,7,4.935779
1374,和,4.681213610519307,CC,1,6,3.4168775
1375,房东,15.21951368253391,NN,2,6,7.1807833
1376,小,7.703771653739696,JJ,1,11,6.3962607
1377,建筑,8.174292231638862,NN,2,6,8.04809
1378,卧室,13.152579930518,NN,2,8,7.21781
1379,库,10.215400546312438,VV,1,6,6.8726544
1380,）,24.01388396175678,PU,1,8,4.5805273
1381,匹,12.655042512169267,NN,1,10,7.290008
1382,，,24.01388396175678,PU,1,5,4.3168545
1383,对,5.589302146885875,VA,1,6,5.164133
1384,例子,9.98316364191848,NN,2,10,6.893192
1385,大,6.052994150617842,VA,1,10,6.119012
1386,。,24.01388396175678,PU,1,3,3.0268083
1387,的,2.7277528723935442,DEG,1,6,4.1759996
1388,良好,8.948649906957568,VA,2,6,7.1670523
1389,进门,13.390777711454914,VV,2,4,7.3514414
1390,租赁,10.452652937943961,NN,2,18,8.026758
1391,可私聊,24.01388396175678,AD,3,6,7.3514414
1392,十分,8.193778395397072,AD,2,5,7.1670523
1393,。,24.01388396175678,PU,1,6,3.0130775
1394,诚意,12.22675687874865,NN,2,7,7.3514414
1395,免费,11.06351960234349,VA,2,7,6.9982142
1396,一,4.847867458993145,CD,1,4,5.580385
1397,的,2.7277528723935442,DEG,1,20,4.1759996
1398,房屋,9.692963418157838,NN,2,9,7.310274
1399,官方,10.725026964412608,NN,2,4,6.4954014
1400,非常,8.291759627895479,AD,2,4,7.1598167
1401,球,10.495964407954412,NN,1,6,5.728844
1402,超市,13.01311834356568,NN,2,8,7.198451
1403,。,24.01388396175678,PU,1,12,3.0130775
1404,有,5.134998086658783,VE,1,12,5.096284
1405,截止,11.546181937105834,P,2,7,6.91306
1406,禁止,9.84393986993763,VV,2,12,7.8777566
1407,：,24.01388396175678,PU,1,14,5.283684
1408,。,24.01388396175678,PU,1,17,3.0130775
1409,两,6.622455166510385,CD,1,12,7.1670523
1410,使用,7.508698057738539,VV,2,11,5.3245687
1411,客厅,12.531830160453639,NN,2,10,7.186253
1412,，,24.01388396175678,PU,1,7,4.1666403
1413,，,24.01388396175678,PU,1,10,4.1666403
1414,想,7.909194574514237,VV,1,8,6.4755635
1415,全套,13.281713595868014,NN,2,23,7.2971773
1416,：,24.01388396175678,PU,1,5,4.4276857
1417,，,24.01388396175678,PU,1,10,4.1666403
1418,。,24.01388396175678,PU,1,7,3.0130775
1419,时间,7.460746407083126,NN,2,17,6.119012
1420,层,9.131566245138742,NR,1,8,7.1807833
1421,低,8.438541745692968,VA,1,9,6.9234123
1422,只用,24.01388396175678,AD,2,8,7.344206
1423,有,5.134998086658783,VE,1,6,5.225617
1424,，,24.01388396175678,PU,1,16,4.1666403
1425,！,24.01388396175678,PU,1,3,5.9298387
1426,个,5.928795457736317,M,1,14,5.762203
1427,，,24.01388396175678,PU,1,4,4.32952
1428,个,5.928795457736317,M,1,9,5.713045
1429,:,6.00177667683379,PU,1,4,3.784994
1430,：,24.01388396175678,PU,1,5,4.4414167
1431,面议,15.587053210420935,VV,2,3,7.2138476
1432,协商,9.667499888692372,VV,2,6,7.206612
1433,可以,6.39906961183706,VV,2,11,7.2105746
1434,其实,9.332840951557083,AD,2,20,7.239988
1435,，,24.01388396175678,PU,1,16,4.1666403
1436,。,24.01388396175678,PU,1,7,3.0130775
1437,，,24.01388396175678,PU,1,15,4.1666403
1438,一样,8.260056582648314,VA,2,10,7.1807833
1439,和,4.681213610519307,CC,1,13,3.4306083
1440,衣柜,15.104243359313683,NN,2,6,7.198451
1441,学期,12.189262090503926,NN,2,14,7.1807833
1442,转,9.313982091268196,VV,1,5,6.8685575
1443,可,7.093452252120851,AD,1,6,6.3825297
1444,小,7.703771653739696,JJ,1,11,6.4554653
1445,。,24.01388396175678,PU,1,20,2.0305576
1446,如图,15.675099990314582,VV,2,3,7.1598167
1447,或,6.86730607567808,CC,1,10,3.7031012
1448,。,24.01388396175678,PU,1,8,3.0130775
1449,夏天,11.02882594659293,NT,2,10,6.94559
1450,必,9.248483886071618,VA,1,11,7.1598167
1451,直接,7.802048090007837,AD,2,11,7.1735477
1452,。,24.01388396175678,PU,1,14,3.0268083
1453,一,4.847867458993145,CD,1,10,5.320925
1454,有,5.134998086658783,VE,1,5,5.2570157
1455,denon+energy,24.01388396175678,NR,12,4,7.1670523
1456,，,24.01388396175678,PU,1,12,4.1666403
1457,分析,7.533816539849048,VV,2,15,7.1735477
1458,：,24.01388396175678,PU,1,7,4.4276857
1459,网,9.91966573106963,NN,1,7,7.1598167
1460,?,24.01388396175678,PU,1,7,5.032995
1461,信息,7.6471341400892765,NN,2,8,7.1598167
1462,大门,11.402959729617608,NN,2,4,7.446082
1463,，,24.01388396175678,PU,1,9,4.1666403
1464,吵,14.247993197235099,VV,1,8,7.1807833
1465,有,5.134998086658783,VE,1,7,5.096284
1466,书桌,14.377034794744084,NN,2,8,7.2971773
1467,错过,12.567996138125219,NN,2,12,7.1807833
1468,的,2.7277528723935442,DEG,1,9,4.1897306
1469,篮,13.496590099346117,NN,1,3,7.1807833
1470,～～～,24.01388396175678,PU,3,3,7.1670523
1471,室内,11.427496508765348,NN,2,14,7.1598167
1472,拎包,17.339322569942354,NR,2,6,7.239988
1473,诚意,12.22675687874865,NN,2,6,7.3514414
1474,公司,6.742235887223223,NN,2,5,5.956181
1475,客厅,12.531830160453639,NN,2,25,7.239988
